level_date,prev_date,range_bucket,close_position_bucket,rows_bucket,prev_candle_direction,prev_close_position_pct,prediction_available_levels,missing_prediction_levels,state_top1_pct_within_3,state_top1_pct_within_5,state_top3_pct_within_3,state_top3_pct_within_5,state_best_median_abs_error,state_best_mean_abs_error,state_best_pct_within_3,state_best_pct_within_5,state_top1_median_abs_error,state_cluster_band_median_width,state_ordered_ladder_valid,state_ordered_ladder_median_abs_error,state_ordered_ladder_pct_within_3,state_ordered_ladder_pct_within_5
2025-10-02,2025-10-01,RANGE_COMPRESSED_0_60,CLOSE_POS_LOWER_THIRD,ROWS_STANDARD_9_10,UP,0.290944,4,0,0.0,0.0,0.0,0.0,27.674792,27.822396,0.0,0.0,27.674792,0.0,True,27.674792,0.0,0.0
2025-10-03,2025-10-02,RANGE_NORMAL_60_120,CLOSE_POS_MIDDLE_THIRD,ROWS_STANDARD_9_10,DOWN,0.477017,4,0,0.0,0.0,0.0,0.0,28.000417,28.451146,0.0,0.0,28.000417,0.0,True,28.000417,0.0,0.0
2025-10-06,2025-10-03,RANGE_COMPRESSED_0_60,CLOSE_POS_UPPER_THIRD,ROWS_SPARSE_1_8,UP,0.902257,4,0,0.0,0.0,0.0,0.0,12.66,13.466567,0.0,0.0,12.66,0.0,True,12.66,0.0,0.0
2025-10-07,2025-10-06,RANGE_NORMAL_60_120,CLOSE_POS_UPPER_THIRD,ROWS_SPARSE_1_8,UP,0.894479,4,0,0.0,0.0,0.0,0.0,15.075,56.286563,0.0,0.0,15.075,0.0,True,15.075,0.0,0.0
2025-10-08,2025-10-07,RANGE_COMPRESSED_0_60,CLOSE_POS_UPPER_THIRD,ROWS_SPARSE_1_8,UP,0.865897,4,0,75.0,100.0,75.0,100.0,1.4125,1.745,75.0,100.0,1.4125,0.0,True,1.4125,75.0,100.0
2025-10-09,2025-10-08,RANGE_NORMAL_60_120,CLOSE_POS_UPPER_THIRD,ROWS_SPARSE_1_8,UP,0.765435,4,0,25.0,25.0,25.0,25.0,21.2975,45.75125,25.0,25.0,21.2975,0.0,True,21.2975,25.0,25.0
2025-10-10,2025-10-09,RANGE_NORMAL_60_120,CLOSE_POS_LOWER_THIRD,ROWS_STANDARD_9_10,DOWN,0.275033,4,0,25.0,25.0,25.0,25.0,11.88875,12.181875,25.0,25.0,17.578125,0.0,True,17.578125,25.0,25.0
2025-10-13,2025-10-10,RANGE_NORMAL_60_120,CLOSE_POS_UPPER_THIRD,ROWS_STANDARD_9_10,UP,0.86296,4,0,75.0,75.0,75.0,75.0,0.868125,2.193021,75.0,75.0,0.868125,0.0,True,0.868125,75.0,75.0
2025-10-14,2025-10-13,RANGE_WIDE_120_220,CLOSE_POS_UPPER_THIRD,ROWS_SPARSE_1_8,UP,0.945403,4,0,0.0,0.0,0.0,0.0,16.233125,18.28125,25.0,25.0,29.425,0.0,True,29.425,0.0,0.0
2025-10-15,2025-10-14,RANGE_NORMAL_60_120,CLOSE_POS_MIDDLE_THIRD,ROWS_STANDARD_9_10,UP,0.578947,4,0,0.0,0.0,0.0,0.0,29.44125,27.853125,0.0,0.0,29.44125,0.0,True,29.44125,0.0,0.0
2025-10-16,2025-10-15,RANGE_NORMAL_60_120,CLOSE_POS_UPPER_THIRD,ROWS_STANDARD_9_10,UP,0.868326,4,0,25.0,50.0,50.0,50.0,5.49618,6.00559,50.0,50.0,5.71243,0.3175,True,5.71243,25.0,50.0
2025-10-17,2025-10-16,RANGE_WIDE_120_220,CLOSE_POS_UPPER_THIRD,ROWS_EXTENDED_11_PLUS,UP,0.964338,4,0,0.0,0.0,0.0,0.0,12.755625,11.998125,0.0,0.0,12.755625,0.0,True,12.755625,0.0,0.0
2025-10-20,2025-10-17,RANGE_WIDE_120_220,CLOSE_POS_MIDDLE_THIRD,ROWS_STANDARD_9_10,DOWN,0.343438,4,0,0.0,0.0,0.0,0.0,77.105312,71.916094,0.0,0.0,90.019063,0.0,True,90.019063,0.0,0.0
2025-10-21,2025-10-20,RANGE_WIDE_120_220,CLOSE_POS_UPPER_THIRD,ROWS_EXTENDED_11_PLUS,UP,0.845476,4,0,0.0,25.0,0.0,25.0,35.17,33.04,0.0,25.0,35.17,0.0,True,35.17,0.0,25.0
2025-10-22,2025-10-21,RANGE_EXTREME_220_PLUS,CLOSE_POS_LOWER_THIRD,ROWS_EXTENDED_11_PLUS,DOWN,0.145046,4,0,0.0,0.0,0.0,0.0,51.3375,51.281562,0.0,0.0,56.525625,0.0,True,56.525625,0.0,0.0
2025-10-23,2025-10-22,RANGE_WIDE_120_220,CLOSE_POS_MIDDLE_THIRD,ROWS_STANDARD_9_10,DOWN,0.598353,4,0,0.0,0.0,0.0,0.0,83.695651,81.624075,0.0,0.0,83.695651,0.0,True,83.695651,0.0,0.0
2025-10-24,2025-10-23,RANGE_NORMAL_60_120,CLOSE_POS_UPPER_THIRD,ROWS_STANDARD_9_10,UP,0.675505,4,0,0.0,0.0,25.0,25.0,18.74625,17.776042,25.0,25.0,25.899375,0.851875,True,25.899375,0.0,0.0
2025-10-27,2025-10-24,RANGE_NORMAL_60_120,CLOSE_POS_UPPER_THIRD,ROWS_STANDARD_9_10,DOWN,0.677761,4,0,0.0,0.0,25.0,50.0,5.90875,5.536562,25.0,50.0,25.965834,0.0,True,25.965834,0.0,0.0
2025-10-28,2025-10-27,RANGE_WIDE_120_220,CLOSE_POS_LOWER_THIRD,ROWS_EXTENDED_11_PLUS,DOWN,0.069021,4,0,0.0,0.0,25.0,25.0,4.34962,6.02356,25.0,50.0,52.69,0.0,True,52.69,0.0,0.0
2025-10-29,2025-10-28,RANGE_WIDE_120_220,CLOSE_POS_MIDDLE_THIRD,ROWS_STANDARD_9_10,DOWN,0.496168,4,0,0.0,0.0,0.0,0.0,21.0071,19.536675,0.0,0.0,85.702939,0.0,True,85.702939,0.0,0.0
2025-10-30,2025-10-29,RANGE_NORMAL_60_120,CLOSE_POS_LOWER_THIRD,ROWS_EXTENDED_11_PLUS,DOWN,0.137449,4,0,0.0,0.0,0.0,0.0,98.775625,99.005625,0.0,0.0,98.775625,0.0,True,98.775625,0.0,0.0
2025-10-31,2025-10-30,RANGE_NORMAL_60_120,CLOSE_POS_UPPER_THIRD,ROWS_STANDARD_9_10,UP,0.973696,4,0,0.0,25.0,0.0,25.0,12.5125,10.757812,0.0,25.0,25.491459,0.0,True,25.491459,0.0,25.0
2025-11-03,2025-10-31,RANGE_NORMAL_60_120,CLOSE_POS_MIDDLE_THIRD,ROWS_EXTENDED_11_PLUS,DOWN,0.405055,4,0,0.0,0.0,0.0,0.0,9.9175,11.244062,0.0,0.0,13.59,0.0,True,13.59,0.0,0.0
2025-11-04,2025-11-03,RANGE_NORMAL_60_120,CLOSE_POS_MIDDLE_THIRD,ROWS_STANDARD_9_10,UP,0.570572,4,0,0.0,25.0,0.0,25.0,16.479375,15.479687,0.0,25.0,19.55375,0.0,True,19.55375,0.0,25.0
2025-11-05,2025-11-04,RANGE_NORMAL_60_120,CLOSE_POS_LOWER_THIRD,ROWS_SPARSE_1_8,DOWN,0.039875,4,0,0.0,25.0,0.0,25.0,18.095625,20.315,0.0,25.0,18.095625,0.0,True,18.095625,0.0,25.0
2025-11-06,2025-11-05,RANGE_NORMAL_60_120,CLOSE_POS_UPPER_THIRD,ROWS_STANDARD_9_10,UP,0.812887,4,0,25.0,25.0,50.0,50.0,3.6775,3.766146,50.0,50.0,25.151458,0.0,True,25.151458,25.0,25.0
2025-11-07,2025-11-06,RANGE_COMPRESSED_0_60,CLOSE_POS_LOWER_THIRD,ROWS_SPARSE_1_8,DOWN,0.224705,4,0,25.0,25.0,25.0,25.0,6.23,6.128442,25.0,25.0,6.23,0.0,True,6.23,25.0,25.0
2025-11-10,2025-11-07,RANGE_COMPRESSED_0_60,CLOSE_POS_MIDDLE_THIRD,ROWS_STANDARD_9_10,UP,0.496507,4,0,50.0,50.0,50.0,50.0,4.465312,6.185521,50.0,50.0,4.465312,0.717812,True,4.465312,50.0,50.0
2025-11-11,2025-11-10,RANGE_NORMAL_60_120,CLOSE_POS_UPPER_THIRD,ROWS_STANDARD_9_10,UP,0.994183,4,0,0.0,0.0,0.0,0.0,22.38999,20.19964,0.0,0.0,31.39054,0.0,True,46.73625,0.0,0.0
2025-11-12,2025-11-11,RANGE_COMPRESSED_0_60,CLOSE_POS_MIDDLE_THIRD,ROWS_SPARSE_1_8,UP,0.567932,4,0,0.0,0.0,0.0,0.0,19.984575,20.533225,0.0,0.0,19.984575,0.0,True,19.984575,0.0,0.0
2025-11-13,2025-11-12,RANGE_NORMAL_60_120,CLOSE_POS_UPPER_THIRD,ROWS_STANDARD_9_10,UP,0.854396,4,0,0.0,0.0,25.0,25.0,3.390428,4.195214,50.0,50.0,14.165,0.0,True,26.7825,0.0,0.0
2025-11-14,2025-11-13,RANGE_NORMAL_60_120,CLOSE_POS_LOWER_THIRD,ROWS_EXTENDED_11_PLUS,DOWN,0.259137,4,0,0.0,0.0,0.0,0.0,36.37,36.135008,0.0,0.0,36.37,0.0,True,36.37,0.0,0.0
2025-11-17,2025-11-14,RANGE_WIDE_120_220,CLOSE_POS_LOWER_THIRD,ROWS_STANDARD_9_10,DOWN,0.295061,4,0,0.0,0.0,0.0,0.0,107.04857,110.474285,0.0,0.0,107.04857,0.0,True,107.04857,0.0,0.0
2025-11-18,2025-11-17,RANGE_NORMAL_60_120,CLOSE_POS_MIDDLE_THIRD,ROWS_STANDARD_9_10,DOWN,0.386566,4,0,0.0,0.0,50.0,75.0,3.34375,4.849062,50.0,75.0,15.75125,0.0,True,15.75125,0.0,0.0
2025-11-19,2025-11-18,RANGE_NORMAL_60_120,CLOSE_POS_UPPER_THIRD,ROWS_STANDARD_9_10,UP,0.82092,4,0,25.0,25.0,50.0,50.0,4.805,5.35619,50.0,50.0,14.038341,0.0,True,19.185,0.0,0.0
2025-11-20,2025-11-19,RANGE_NORMAL_60_120,CLOSE_POS_LOWER_THIRD,ROWS_SPARSE_1_8,UP,0.28714,4,0,50.0,50.0,50.0,50.0,3.3375,3.452495,50.0,50.0,3.3375,0.0,True,3.3375,50.0,50.0
2025-11-21,2025-11-20,RANGE_NORMAL_60_120,CLOSE_POS_MIDDLE_THIRD,ROWS_STANDARD_9_10,FLAT,0.536185,4,0,0.0,0.0,0.0,25.0,4.65125,4.681875,25.0,50.0,18.4175,0.0,True,18.4175,0.0,0.0
2025-11-24,2025-11-21,RANGE_NORMAL_60_120,CLOSE_POS_MIDDLE_THIRD,ROWS_STANDARD_9_10,DOWN,0.54679,4,0,25.0,25.0,50.0,75.0,3.846875,4.673125,50.0,75.0,20.246146,0.0,True,20.246146,25.0,25.0
2025-11-25,2025-11-24,RANGE_NORMAL_60_120,CLOSE_POS_UPPER_THIRD,ROWS_STANDARD_9_10,UP,0.947416,4,0,0.0,25.0,25.0,50.0,5.314792,5.219908,25.0,50.0,15.2175,0.0,True,8.9375,0.0,25.0
2025-11-26,2025-11-25,RANGE_COMPRESSED_0_60,CLOSE_POS_MIDDLE_THIRD,ROWS_STANDARD_9_10,FLAT,0.42224,4,0,25.0,25.0,25.0,25.0,16.091675,16.614587,25.0,25.0,16.091675,0.0,True,16.091675,25.0,25.0
2025-11-27,2025-11-26,RANGE_COMPRESSED_0_60,CLOSE_POS_UPPER_THIRD,ROWS_STANDARD_9_10,UP,0.776301,4,0,0.0,25.0,0.0,25.0,12.822604,13.874896,0.0,25.0,12.822604,0.851875,True,12.822604,0.0,25.0
2025-11-28,2025-11-27,RANGE_COMPRESSED_0_60,CLOSE_POS_MIDDLE_THIRD,ROWS_STANDARD_9_10,DOWN,0.562932,4,0,0.0,0.0,0.0,0.0,14.055829,17.494789,0.0,0.0,27.4775,0.0,True,22.048329,0.0,0.0
2025-12-01,2025-11-28,RANGE_NORMAL_60_120,CLOSE_POS_UPPER_THIRD,ROWS_STANDARD_9_10,UP,0.898345,4,0,0.0,0.0,25.0,50.0,5.1425,4.589375,25.0,50.0,9.807084,0.0,True,9.807084,0.0,0.0
2025-12-02,2025-12-01,RANGE_COMPRESSED_0_60,CLOSE_POS_MIDDLE_THIRD,ROWS_SPARSE_1_8,UP,0.451286,4,0,25.0,25.0,25.0,25.0,12.12808,12.59154,25.0,25.0,12.12808,0.0,True,12.12808,25.0,25.0
2025-12-03,2025-12-02,RANGE_NORMAL_60_120,CLOSE_POS_MIDDLE_THIRD,ROWS_STANDARD_9_10,DOWN,0.580708,4,0,25.0,50.0,25.0,75.0,4.03,4.32375,25.0,75.0,6.07076,0.0,True,6.07076,25.0,50.0
2025-12-04,2025-12-03,RANGE_COMPRESSED_0_60,CLOSE_POS_LOWER_THIRD,ROWS_SPARSE_1_8,DOWN,0.178845,4,0,25.0,25.0,25.0,25.0,5.845,7.57625,25.0,25.0,5.845,0.0,True,5.845,25.0,25.0
2025-12-05,2025-12-04,RANGE_COMPRESSED_0_60,CLOSE_POS_UPPER_THIRD,ROWS_SPARSE_1_8,UP,0.756251,4,0,75.0,100.0,75.0,100.0,1.909063,1.929792,75.0,100.0,1.909063,0.899375,True,1.909063,75.0,100.0
2025-12-08,2025-12-05,RANGE_NORMAL_60_120,CLOSE_POS_LOWER_THIRD,ROWS_SPARSE_1_8,DOWN,0.104535,4,0,0.0,0.0,0.0,0.0,11.804063,13.283719,0.0,0.0,11.804063,0.0,True,11.804063,0.0,0.0
2025-12-09,2025-12-08,RANGE_COMPRESSED_0_60,CLOSE_POS_MIDDLE_THIRD,ROWS_SPARSE_1_8,FLAT,0.336606,4,0,0.0,0.0,0.0,0.0,13.31,13.954865,0.0,0.0,15.965,0.0,True,15.965,0.0,0.0
2025-12-10,2025-12-09,RANGE_COMPRESSED_0_60,CLOSE_POS_UPPER_THIRD,ROWS_SPARSE_1_8,UP,0.742294,4,0,0.0,0.0,0.0,0.0,12.909375,12.979269,0.0,0.0,12.909375,1.32875,True,12.909375,0.0,0.0
2025-12-11,2025-12-10,RANGE_COMPRESSED_0_60,CLOSE_POS_UPPER_THIRD,ROWS_SPARSE_1_8,UP,0.820018,4,0,25.0,25.0,75.0,100.0,2.396562,2.430523,75.0,100.0,14.365625,0.842187,True,14.365625,25.0,25.0
2025-12-12,2025-12-11,RANGE_NORMAL_60_120,CLOSE_POS_UPPER_THIRD,ROWS_STANDARD_9_10,UP,0.921908,4,0,0.0,0.0,25.0,50.0,5.29862,5.769206,25.0,50.0,13.334375,0.710417,True,13.334375,0.0,0.0
2025-12-15,2025-12-12,RANGE_NORMAL_60_120,CLOSE_POS_MIDDLE_THIRD,ROWS_SPARSE_1_8,UP,0.437598,4,0,0.0,0.0,25.0,50.0,4.78125,7.463073,25.0,75.0,29.571,0.0,True,29.571,0.0,0.0
2025-12-16,2025-12-15,RANGE_NORMAL_60_120,CLOSE_POS_LOWER_THIRD,ROWS_SPARSE_1_8,UP,0.301521,4,0,25.0,25.0,25.0,50.0,9.629755,10.644409,25.0,50.0,13.290625,0.0,True,13.290625,25.0,25.0
2025-12-17,2025-12-16,RANGE_NORMAL_60_120,CLOSE_POS_MIDDLE_THIRD,ROWS_SPARSE_1_8,DOWN,0.479773,4,0,0.0,0.0,0.0,0.0,9.086875,9.43,0.0,0.0,9.086875,0.0,True,9.086875,0.0,0.0
2025-12-19,2025-12-18,RANGE_NORMAL_60_120,CLOSE_POS_MIDDLE_THIRD,ROWS_SPARSE_1_8,DOWN,0.36269,4,0,25.0,25.0,50.0,100.0,2.546875,2.43625,50.0,100.0,9.699585,0.0,True,9.699585,25.0,25.0
2025-12-22,2025-12-19,RANGE_COMPRESSED_0_60,CLOSE_POS_MIDDLE_THIRD,ROWS_SPARSE_1_8,UP,0.610453,4,0,0.0,0.0,25.0,50.0,6.03625,5.96417,25.0,50.0,12.9275,0.0,True,12.9275,0.0,0.0
2025-12-23,2025-12-22,RANGE_NORMAL_60_120,CLOSE_POS_UPPER_THIRD,ROWS_STANDARD_9_10,UP,0.948732,4,0,0.0,0.0,0.0,0.0,17.99,22.00928,0.0,0.0,41.81375,0.0,True,41.81375,0.0,0.0
2025-12-24,2025-12-23,RANGE_NORMAL_60_120,CLOSE_POS_UPPER_THIRD,ROWS_SPARSE_1_8,UP,0.780806,3,1,0.0,33.333333,0.0,33.333333,5.31125,5.71,0.0,33.333333,11.82125,0.0,False,,,
2025-12-26,2025-12-24,RANGE_NORMAL_60_120,CLOSE_POS_MIDDLE_THIRD,ROWS_SPARSE_1_8,DOWN,0.402794,4,0,25.0,25.0,25.0,50.0,6.174062,8.947989,25.0,50.0,7.988138,0.396562,True,7.988138,25.0,25.0
2025-12-29,2025-12-26,RANGE_NORMAL_60_120,CLOSE_POS_UPPER_THIRD,ROWS_EXTENDED_11_PLUS,UP,0.726468,4,0,50.0,50.0,75.0,75.0,1.676985,2.761425,75.0,75.0,4.107538,0.0,True,7.69886,50.0,50.0
2025-12-30,2025-12-29,RANGE_EXTREME_220_PLUS,CLOSE_POS_LOWER_THIRD,ROWS_STANDARD_9_10,DOWN,0.1196,4,0,0.0,0.0,0.0,0.0,76.851625,78.050813,0.0,0.0,76.851625,0.0,True,76.851625,0.0,0.0
2026-01-01,2025-12-31,RANGE_NORMAL_60_120,CLOSE_POS_MIDDLE_THIRD,ROWS_STANDARD_9_10,DOWN,0.449056,4,0,0.0,0.0,0.0,25.0,13.91193,11.858954,0.0,25.0,16.970208,0.0,True,16.970208,0.0,0.0
2026-01-02,2025-12-31,RANGE_NORMAL_60_120,CLOSE_POS_MIDDLE_THIRD,ROWS_STANDARD_9_10,DOWN,0.449056,4,0,0.0,0.0,25.0,50.0,5.56375,6.604035,25.0,50.0,17.64568,0.0,True,24.598388,0.0,0.0
2026-01-05,2026-01-02,RANGE_NORMAL_60_120,CLOSE_POS_LOWER_THIRD,ROWS_STANDARD_9_10,UP,0.245859,4,0,25.0,25.0,25.0,25.0,8.38875,9.225625,25.0,25.0,8.38875,0.0,True,8.38875,25.0,25.0
2026-01-06,2026-01-05,RANGE_NORMAL_60_120,CLOSE_POS_UPPER_THIRD,ROWS_STANDARD_9_10,UP,0.938405,4,0,0.0,0.0,0.0,0.0,3.28625,5.42931,50.0,75.0,19.42375,0.0,True,19.42375,0.0,0.0
2026-01-07,2026-01-06,RANGE_NORMAL_60_120,CLOSE_POS_UPPER_THIRD,ROWS_STANDARD_9_10,UP,0.958465,4,0,0.0,0.0,0.0,0.0,4.7825,4.372077,25.0,50.0,19.7125,0.0,True,17.33875,0.0,0.0
2026-01-08,2026-01-07,RANGE_NORMAL_60_120,CLOSE_POS_MIDDLE_THIRD,ROWS_STANDARD_9_10,DOWN,0.426255,4,0,0.0,25.0,0.0,100.0,3.775625,3.847297,0.0,100.0,12.962188,0.0,True,12.962188,0.0,25.0
2026-01-09,2026-01-08,RANGE_NORMAL_60_120,CLOSE_POS_UPPER_THIRD,ROWS_STANDARD_9_10,UP,0.969866,4,0,0.0,25.0,50.0,75.0,2.755,3.58,50.0,75.0,12.2925,0.0,True,12.2925,0.0,25.0
2026-01-12,2026-01-09,RANGE_NORMAL_60_120,CLOSE_POS_UPPER_THIRD,ROWS_STANDARD_9_10,UP,0.877707,4,0,0.0,0.0,0.0,0.0,11.135822,12.156661,0.0,0.0,28.395527,0.0,True,25.516875,0.0,0.0
2026-01-13,2026-01-12,RANGE_NORMAL_60_120,CLOSE_POS_UPPER_THIRD,ROWS_SPARSE_1_8,UP,0.721209,4,0,25.0,25.0,50.0,75.0,2.480625,3.07875,50.0,75.0,13.618125,0.0,True,3.791875,50.0,50.0
2026-01-14,2026-01-13,RANGE_NORMAL_60_120,CLOSE_POS_LOWER_THIRD,ROWS_STANDARD_9_10,DOWN,0.255273,4,0,0.0,0.0,0.0,0.0,24.366667,26.694896,0.0,0.0,24.366667,0.0,True,24.366667,0.0,0.0
2026-01-15,2026-01-14,RANGE_COMPRESSED_0_60,CLOSE_POS_UPPER_THIRD,ROWS_SPARSE_1_8,UP,0.696133,4,0,0.0,0.0,0.0,0.0,28.450625,30.717815,0.0,0.0,41.26625,0.759375,True,41.26625,0.0,0.0
2026-01-16,2026-01-15,RANGE_COMPRESSED_0_60,CLOSE_POS_UPPER_THIRD,ROWS_SPARSE_1_8,DOWN,0.673223,4,0,0.0,0.0,25.0,50.0,5.365412,5.580987,25.0,50.0,15.290625,0.0,True,15.290625,0.0,0.0
2026-01-19,2026-01-16,RANGE_NORMAL_60_120,CLOSE_POS_UPPER_THIRD,ROWS_SPARSE_1_8,DOWN,0.701262,4,0,0.0,0.0,0.0,25.0,9.05625,10.27625,0.0,25.0,12.29375,0.7475,True,12.9925,0.0,0.0
2026-01-20,2026-01-19,RANGE_NORMAL_60_120,CLOSE_POS_UPPER_THIRD,ROWS_STANDARD_9_10,UP,0.720034,4,0,0.0,0.0,25.0,75.0,3.52,3.27375,25.0,100.0,10.940075,0.0,True,10.940075,0.0,0.0
2026-01-21,2026-01-20,RANGE_NORMAL_60_120,CLOSE_POS_UPPER_THIRD,ROWS_EXTENDED_11_PLUS,UP,0.971902,4,0,0.0,0.0,0.0,0.0,127.24625,126.994375,0.0,0.0,127.24625,0.0,True,127.24625,0.0,0.0
2026-01-22,2026-01-21,RANGE_WIDE_120_220,CLOSE_POS_MIDDLE_THIRD,ROWS_STANDARD_9_10,UP,0.567298,4,0,0.0,0.0,0.0,0.0,27.892314,26.904907,0.0,0.0,32.69573,0.0,True,47.04323,0.0,0.0
2026-01-23,2026-01-22,RANGE_WIDE_120_220,CLOSE_POS_UPPER_THIRD,ROWS_SPARSE_1_8,UP,0.973246,4,0,50.0,50.0,50.0,50.0,10.7675,10.5775,50.0,50.0,10.7675,0.0,True,10.7675,50.0,50.0
2026-01-26,2026-01-23,RANGE_NORMAL_60_120,CLOSE_POS_UPPER_THIRD,ROWS_EXTENDED_11_PLUS,UP,0.98041,4,0,0.0,0.0,0.0,0.0,24.654375,25.681562,0.0,0.0,86.59375,0.0,True,86.59375,0.0,0.0
2026-01-27,2026-01-26,RANGE_WIDE_120_220,CLOSE_POS_LOWER_THIRD,ROWS_STANDARD_9_10,FLAT,0.150607,4,0,25.0,25.0,25.0,25.0,11.03625,10.304063,25.0,25.0,11.03625,0.0,True,11.03625,25.0,25.0
2026-01-28,2026-01-27,RANGE_WIDE_120_220,CLOSE_POS_UPPER_THIRD,ROWS_STANDARD_9_10,UP,0.947371,4,0,0.0,0.0,0.0,0.0,57.155938,57.304688,0.0,0.0,66.751563,1.016563,True,66.751563,0.0,0.0
2026-01-29,2026-01-28,RANGE_EXTREME_220_PLUS,CLOSE_POS_UPPER_THIRD,ROWS_SPARSE_1_8,UP,0.992586,4,0,0.0,0.0,0.0,0.0,28.4025,28.636272,0.0,0.0,36.0175,0.0,True,28.4025,0.0,0.0
2026-01-30,2026-01-29,RANGE_EXTREME_220_PLUS,CLOSE_POS_MIDDLE_THIRD,ROWS_STANDARD_9_10,DOWN,0.538789,4,0,0.0,0.0,0.0,0.0,85.96875,82.739833,0.0,0.0,91.049666,0.0,True,91.049666,0.0,0.0
2026-02-02,2026-01-30,RANGE_EXTREME_220_PLUS,CLOSE_POS_LOWER_THIRD,ROWS_EXTENDED_11_PLUS,DOWN,0.259667,4,0,0.0,0.0,0.0,0.0,133.519039,134.746395,0.0,0.0,133.519039,0.0,True,133.519039,0.0,0.0
2026-02-03,2026-02-02,RANGE_EXTREME_220_PLUS,CLOSE_POS_MIDDLE_THIRD,ROWS_EXTENDED_11_PLUS,DOWN,0.535717,4,0,0.0,0.0,0.0,0.0,105.6025,106.89375,0.0,0.0,105.6025,0.0,True,105.6025,0.0,0.0
2026-02-04,2026-02-03,RANGE_EXTREME_220_PLUS,CLOSE_POS_UPPER_THIRD,ROWS_STANDARD_9_10,UP,0.855871,4,0,0.0,0.0,0.0,0.0,106.741304,105.880652,0.0,0.0,106.741304,0.0,True,106.741304,0.0,0.0
2026-02-05,2026-02-04,RANGE_EXTREME_220_PLUS,CLOSE_POS_MIDDLE_THIRD,ROWS_EXTENDED_11_PLUS,UP,0.474767,4,0,0.0,0.0,0.0,0.0,152.3725,148.415,0.0,0.0,152.3725,0.0,True,152.3725,0.0,0.0
2026-02-06,2026-02-05,RANGE_EXTREME_220_PLUS,CLOSE_POS_LOWER_THIRD,ROWS_EXTENDED_11_PLUS,DOWN,0.074411,4,0,0.0,0.0,25.0,25.0,16.03,19.596875,25.0,25.0,33.754956,0.0,True,33.754956,0.0,0.0
2026-02-09,2026-02-06,RANGE_EXTREME_220_PLUS,CLOSE_POS_UPPER_THIRD,ROWS_STANDARD_9_10,UP,0.981995,4,0,0.0,0.0,0.0,0.0,23.860625,23.405938,0.0,0.0,23.860625,0.0,True,23.860625,0.0,0.0
2026-02-10,2026-02-09,RANGE_WIDE_120_220,CLOSE_POS_UPPER_THIRD,ROWS_STANDARD_9_10,UP,0.76375,4,0,0.0,25.0,0.0,25.0,29.485,33.044375,0.0,25.0,29.485,0.0,True,29.485,0.0,25.0
2026-02-11,2026-02-10,RANGE_NORMAL_60_120,CLOSE_POS_MIDDLE_THIRD,ROWS_STANDARD_9_10,DOWN,0.415753,4,0,0.0,0.0,25.0,25.0,29.06125,26.504375,25.0,25.0,41.90172,0.0,True,41.90172,0.0,0.0
2026-02-12,2026-02-11,RANGE_NORMAL_60_120,CLOSE_POS_MIDDLE_THIRD,ROWS_EXTENDED_11_PLUS,UP,0.652217,4,0,50.0,50.0,50.0,50.0,4.265,4.43125,50.0,50.0,4.265,0.0,True,4.265,50.0,50.0
2026-02-13,2026-02-12,RANGE_EXTREME_220_PLUS,CLOSE_POS_LOWER_THIRD,ROWS_SPARSE_1_8,DOWN,0.194615,4,0,0.0,0.0,0.0,0.0,8.901703,19.533352,0.0,0.0,66.533333,0.0,True,66.533333,0.0,0.0
2026-02-16,2026-02-13,RANGE_WIDE_120_220,CLOSE_POS_UPPER_THIRD,ROWS_SPARSE_1_8,UP,0.977335,4,0,0.0,25.0,0.0,25.0,16.14625,19.588125,0.0,25.0,16.14625,0.0,True,16.14625,0.0,25.0
2026-02-17,2026-02-16,RANGE_NORMAL_60_120,CLOSE_POS_MIDDLE_THIRD,ROWS_STANDARD_9_10,DOWN,0.333713,4,0,0.0,0.0,0.0,50.0,13.574375,15.336875,0.0,50.0,28.95339,0.0,True,28.95339,0.0,0.0
2026-02-18,2026-02-17,RANGE_WIDE_120_220,CLOSE_POS_LOWER_THIRD,ROWS_STANDARD_9_10,DOWN,0.220091,4,0,0.0,0.0,50.0,75.0,1.685,2.53,50.0,75.0,22.17032,0.0,True,22.17032,0.0,0.0
2026-02-19,2026-02-18,RANGE_WIDE_120_220,CLOSE_POS_UPPER_THIRD,ROWS_EXTENDED_11_PLUS,UP,0.784808,4,0,0.0,0.0,0.0,0.0,30.52125,33.198438,0.0,0.0,63.111485,0.0,True,63.111485,0.0,0.0
2026-02-20,2026-02-19,RANGE_NORMAL_60_120,CLOSE_POS_MIDDLE_THIRD,ROWS_STANDARD_9_10,UP,0.573145,4,0,0.0,0.0,25.0,50.0,7.318125,8.372083,25.0,50.0,10.845625,0.0,True,10.845625,0.0,0.0
2026-02-23,2026-02-20,RANGE_WIDE_120_220,CLOSE_POS_UPPER_THIRD,ROWS_EXTENDED_11_PLUS,UP,0.998732,4,0,0.0,0.0,0.0,0.0,19.778334,19.879167,0.0,0.0,78.328355,0.0,True,74.745,0.0,0.0
2026-02-24,2026-02-23,RANGE_WIDE_120_220,CLOSE_POS_UPPER_THIRD,ROWS_EXTENDED_11_PLUS,UP,0.925514,4,0,0.0,0.0,25.0,50.0,6.1775,5.88,25.0,50.0,58.063981,0.0,True,57.60375,0.0,0.0
2026-02-25,2026-02-24,RANGE_WIDE_120_220,CLOSE_POS_LOWER_THIRD,ROWS_EXTENDED_11_PLUS,DOWN,0.325908,4,0,0.0,0.0,0.0,0.0,17.022545,18.932523,0.0,0.0,17.022545,0.0,True,17.022545,0.0,0.0
2026-02-26,2026-02-25,RANGE_NORMAL_60_120,CLOSE_POS_MIDDLE_THIRD,ROWS_SPARSE_1_8,UP,0.44869,4,0,0.0,0.0,25.0,25.0,23.480625,28.444531,25.0,25.0,44.60875,0.0,True,44.60875,0.0,0.0
2026-02-27,2026-02-26,RANGE_NORMAL_60_120,CLOSE_POS_UPPER_THIRD,ROWS_STANDARD_9_10,UP,0.727707,4,0,0.0,0.0,0.0,0.0,23.57376,28.14563,0.0,0.0,34.1475,0.0,True,34.1475,0.0,0.0
2026-03-02,2026-02-27,RANGE_NORMAL_60_120,CLOSE_POS_UPPER_THIRD,ROWS_EXTENDED_11_PLUS,UP,0.992275,4,0,0.0,0.0,50.0,75.0,2.97,7.78,50.0,75.0,98.715,0.0,True,98.715,0.0,0.0
2026-03-03,2026-03-02,RANGE_WIDE_120_220,CLOSE_POS_MIDDLE_THIRD,ROWS_STANDARD_9_10,UP,0.384489,4,0,0.0,0.0,0.0,0.0,31.031641,31.31332,0.0,0.0,66.305,0.0,True,66.305,0.0,0.0
2026-03-04,2026-03-03,RANGE_EXTREME_220_PLUS,CLOSE_POS_LOWER_THIRD,ROWS_STANDARD_9_10,DOWN,0.239761,4,0,0.0,0.0,0.0,0.0,20.705625,23.423437,0.0,0.0,20.705625,0.0,False,20.705625,0.0,0.0
2026-03-05,2026-03-04,RANGE_WIDE_120_220,CLOSE_POS_MIDDLE_THIRD,ROWS_STANDARD_9_10,UP,0.467731,4,0,25.0,25.0,50.0,50.0,5.75875,7.35875,50.0,50.0,18.21735,0.0,True,18.21735,25.0,25.0
2026-03-06,2026-03-05,RANGE_WIDE_120_220,CLOSE_POS_LOWER_THIRD,ROWS_SPARSE_1_8,DOWN,0.208229,4,0,0.0,0.0,0.0,0.0,11.1825,12.15625,0.0,0.0,35.55392,0.0,True,29.77392,0.0,0.0
2026-03-09,2026-03-06,RANGE_NORMAL_60_120,CLOSE_POS_UPPER_THIRD,ROWS_STANDARD_9_10,UP,0.99876,4,0,0.0,0.0,0.0,25.0,15.4425,14.507907,0.0,25.0,26.555,0.0,True,26.555,0.0,0.0
2026-03-10,2026-03-09,RANGE_WIDE_120_220,CLOSE_POS_MIDDLE_THIRD,ROWS_STANDARD_9_10,DOWN,0.665246,4,0,0.0,0.0,25.0,25.0,16.94398,16.071677,25.0,25.0,29.919605,0.0,True,29.919605,0.0,0.0
2026-03-11,2026-03-10,RANGE_WIDE_120_220,CLOSE_POS_MIDDLE_THIRD,ROWS_STANDARD_9_10,UP,0.620467,4,0,0.0,0.0,25.0,25.0,11.521667,10.557083,25.0,25.0,24.221875,0.0,True,24.221875,0.0,0.0
2026-03-12,2026-03-11,RANGE_NORMAL_60_120,CLOSE_POS_MIDDLE_THIRD,ROWS_STANDARD_9_10,DOWN,0.363685,4,0,25.0,25.0,50.0,50.0,6.87,7.374375,50.0,50.0,19.86109,1.13532,True,19.86109,25.0,25.0
2026-03-13,2026-03-12,RANGE_WIDE_120_220,CLOSE_POS_LOWER_THIRD,ROWS_STANDARD_9_10,DOWN,0.175364,4,0,25.0,25.0,75.0,75.0,1.34,3.544062,75.0,75.0,20.64625,0.0,True,20.64625,25.0,25.0
2026-03-16,2026-03-13,RANGE_NORMAL_60_120,CLOSE_POS_LOWER_THIRD,ROWS_STANDARD_9_10,DOWN,0.07473,4,0,0.0,0.0,25.0,25.0,7.703333,6.479167,25.0,25.0,10.37,0.0,True,10.37,0.0,0.0
2026-03-17,2026-03-16,RANGE_NORMAL_60_120,CLOSE_POS_MIDDLE_THIRD,ROWS_SPARSE_1_8,FLAT,0.549929,4,0,0.0,25.0,25.0,75.0,3.89625,6.861244,25.0,75.0,15.292489,0.0,True,15.292489,0.0,25.0
2026-03-18,2026-03-17,RANGE_NORMAL_60_120,CLOSE_POS_MIDDLE_THIRD,ROWS_EXTENDED_11_PLUS,FLAT,0.453807,4,0,25.0,25.0,25.0,25.0,7.05,7.4275,25.0,25.0,7.05,4.03,True,7.05,25.0,25.0
2026-03-19,2026-03-18,RANGE_WIDE_120_220,CLOSE_POS_LOWER_THIRD,ROWS_EXTENDED_11_PLUS,DOWN,0.055457,4,0,0.0,0.0,0.0,0.0,112.84375,114.96125,0.0,0.0,125.1954,0.0,True,125.1954,0.0,0.0
2026-03-20,2026-03-19,RANGE_EXTREME_220_PLUS,CLOSE_POS_MIDDLE_THIRD,ROWS_STANDARD_9_10,DOWN,0.404733,4,0,0.0,0.0,0.0,0.0,89.59,88.42,0.0,0.0,89.59,0.0,True,89.59,0.0,0.0
2026-03-23,2026-03-20,RANGE_EXTREME_220_PLUS,CLOSE_POS_LOWER_THIRD,ROWS_STANDARD_9_10,DOWN,0.080096,4,0,25.0,25.0,25.0,50.0,11.2025,15.18375,25.0,50.0,36.585,0.0,True,36.585,0.0,0.0
2026-03-24,2026-03-23,RANGE_EXTREME_220_PLUS,CLOSE_POS_UPPER_THIRD,ROWS_STANDARD_9_10,DOWN,0.703376,4,0,25.0,25.0,25.0,25.0,36.82316,34.686267,25.0,25.0,40.891285,0.0,True,40.891285,25.0,25.0
2026-03-25,2026-03-24,RANGE_WIDE_120_220,CLOSE_POS_UPPER_THIRD,ROWS_STANDARD_9_10,UP,0.945328,4,0,0.0,0.0,0.0,0.0,17.194584,23.858229,0.0,0.0,17.194584,0.0,True,17.194584,0.0,0.0
2026-03-26,2026-03-25,RANGE_WIDE_120_220,CLOSE_POS_MIDDLE_THIRD,ROWS_STANDARD_9_10,UP,0.34276,4,0,25.0,25.0,50.0,50.0,4.625,6.27,50.0,50.0,13.0774,0.0,True,13.0774,25.0,25.0
2026-03-27,2026-03-26,RANGE_WIDE_120_220,CLOSE_POS_LOWER_THIRD,ROWS_STANDARD_9_10,DOWN,0.139021,4,0,0.0,0.0,0.0,0.0,15.44228,20.12614,0.0,0.0,15.44228,0.0,True,15.44228,0.0,0.0
2026-03-30,2026-03-27,RANGE_WIDE_120_220,CLOSE_POS_MIDDLE_THIRD,ROWS_STANDARD_9_10,UP,0.666518,4,0,0.0,0.0,25.0,25.0,9.289583,7.468854,25.0,25.0,21.3125,0.0,True,41.215625,0.0,0.0
2026-03-31,2026-03-30,RANGE_WIDE_120_220,CLOSE_POS_MIDDLE_THIRD,ROWS_SPARSE_1_8,FLAT,0.567596,4,0,50.0,50.0,75.0,100.0,1.569375,2.045865,75.0,100.0,10.803125,0.0,True,3.386875,50.0,75.0
2026-04-01,2026-03-31,RANGE_WIDE_120_220,CLOSE_POS_UPPER_THIRD,ROWS_STANDARD_9_10,UP,0.901377,4,0,0.0,0.0,0.0,50.0,5.3275,13.956875,0.0,50.0,45.374583,0.0,True,45.374583,0.0,0.0
2026-04-02,2026-04-01,RANGE_WIDE_120_220,CLOSE_POS_UPPER_THIRD,ROWS_EXTENDED_11_PLUS,UP,0.735958,4,0,0.0,0.0,0.0,0.0,10.155,8.7275,25.0,25.0,38.355022,0.0,True,38.355022,0.0,0.0
2026-04-03,2026-04-02,RANGE_EXTREME_220_PLUS,CLOSE_POS_MIDDLE_THIRD,ROWS_STANDARD_9_10,DOWN,0.494882,4,0,0.0,0.0,0.0,0.0,19.1025,21.21335,0.0,0.0,19.1025,0.0,True,19.1025,0.0,0.0
2026-04-06,2026-04-02,RANGE_EXTREME_220_PLUS,CLOSE_POS_MIDDLE_THIRD,ROWS_STANDARD_9_10,DOWN,0.494882,4,0,25.0,25.0,50.0,50.0,3.183415,4.281707,50.0,50.0,17.5767,0.0,True,17.5767,25.0,25.0
2026-04-07,2026-04-06,RANGE_NORMAL_60_120,CLOSE_POS_MIDDLE_THIRD,ROWS_STANDARD_9_10,DOWN,0.469164,4,0,25.0,50.0,25.0,50.0,8.439583,9.534792,25.0,50.0,18.618344,0.0,True,18.618344,25.0,50.0
2026-04-08,2026-04-07,RANGE_NORMAL_60_120,CLOSE_POS_UPPER_THIRD,ROWS_STANDARD_9_10,UP,0.883832,4,0,0.0,0.0,25.0,25.0,8.96336,10.53668,25.0,25.0,24.6025,0.0,True,12.48836,0.0,0.0
2026-04-09,2026-04-08,RANGE_WIDE_120_220,CLOSE_POS_LOWER_THIRD,ROWS_STANDARD_9_10,FLAT,0.122147,4,0,0.0,0.0,0.0,25.0,6.05375,8.355937,0.0,25.0,25.419167,0.0,True,25.419167,0.0,0.0
2026-04-10,2026-04-09,RANGE_NORMAL_60_120,CLOSE_POS_MIDDLE_THIRD,ROWS_STANDARD_9_10,UP,0.653075,4,0,0.0,25.0,25.0,50.0,10.745,10.6525,25.0,50.0,23.75858,0.0,True,23.75858,0.0,25.0
2026-04-13,2026-04-10,RANGE_NORMAL_60_120,CLOSE_POS_LOWER_THIRD,ROWS_STANDARD_9_10,DOWN,0.284066,4,0,0.0,0.0,25.0,25.0,12.756875,12.646562,25.0,25.0,33.125833,0.979583,True,33.125833,0.0,0.0
2026-04-14,2026-04-13,RANGE_NORMAL_60_120,CLOSE_POS_UPPER_THIRD,ROWS_STANDARD_9_10,UP,0.907189,4,0,0.0,0.0,0.0,50.0,6.66,9.383648,0.0,50.0,17.835625,0.0,True,17.835625,0.0,0.0
2026-04-15,2026-04-14,RANGE_NORMAL_60_120,CLOSE_POS_UPPER_THIRD,ROWS_STANDARD_9_10,UP,0.954411,4,0,25.0,25.0,50.0,50.0,3.73125,5.020313,50.0,50.0,16.6675,0.0,True,16.6675,25.0,25.0
2026-04-16,2026-04-15,RANGE_NORMAL_60_120,CLOSE_POS_LOWER_THIRD,ROWS_STANDARD_9_10,DOWN,0.058926,4,0,25.0,25.0,25.0,25.0,11.90318,12.9275,25.0,25.0,11.90318,0.0,True,11.90318,25.0,25.0
2026-04-17,2026-04-16,RANGE_NORMAL_60_120,CLOSE_POS_LOWER_THIRD,ROWS_STANDARD_9_10,FLAT,0.281989,4,0,0.0,0.0,0.0,0.0,10.990625,16.985,0.0,0.0,24.179792,0.0,True,24.179792,0.0,0.0
2026-04-20,2026-04-17,RANGE_WIDE_120_220,CLOSE_POS_MIDDLE_THIRD,ROWS_STANDARD_9_10,UP,0.523349,4,0,0.0,0.0,0.0,25.0,6.4272,6.42985,0.0,25.0,22.688333,0.0,True,22.688333,0.0,0.0
2026-04-21,2026-04-20,RANGE_NORMAL_60_120,CLOSE_POS_UPPER_THIRD,ROWS_STANDARD_9_10,UP,0.923349,4,0,25.0,25.0,25.0,25.0,12.24,14.937812,25.0,25.0,12.24,0.0,True,12.24,25.0,25.0
2026-04-22,2026-04-21,RANGE_WIDE_120_220,CLOSE_POS_LOWER_THIRD,ROWS_STANDARD_9_10,DOWN,0.312947,4,0,50.0,50.0,50.0,50.0,4.771667,5.371143,50.0,50.0,4.771667,0.0,True,4.771667,50.0,50.0
2026-04-23,2026-04-22,RANGE_COMPRESSED_0_60,CLOSE_POS_MIDDLE_THIRD,ROWS_EXTENDED_11_PLUS,UP,0.433004,4,0,0.0,0.0,0.0,0.0,70.58,74.4625,0.0,0.0,101.215,0.0,True,101.215,0.0,0.0
2026-04-24,2026-04-23,RANGE_NORMAL_60_120,CLOSE_POS_MIDDLE_THIRD,ROWS_STANDARD_9_10,DOWN,0.335491,4,0,0.0,0.0,0.0,0.0,37.165,31.4325,0.0,0.0,50.1457,0.0,True,52.459034,0.0,0.0
2026-04-27,2026-04-24,RANGE_NORMAL_60_120,CLOSE_POS_MIDDLE_THIRD,ROWS_EXTENDED_11_PLUS,UP,0.599178,4,0,0.0,0.0,0.0,0.0,50.0725,51.026458,0.0,0.0,54.432917,0.915,True,54.432917,0.0,0.0
2026-04-28,2026-04-27,RANGE_NORMAL_60_120,CLOSE_POS_LOWER_THIRD,ROWS_STANDARD_9_10,DOWN,0.231967,4,0,0.0,25.0,0.0,25.0,5.140417,6.383959,0.0,50.0,22.836875,0.0,True,22.836875,0.0,25.0
2026-04-29,2026-04-28,RANGE_WIDE_120_220,CLOSE_POS_LOWER_THIRD,ROWS_STANDARD_9_10,DOWN,0.289251,4,0,50.0,50.0,50.0,50.0,4.86,4.52971,50.0,50.0,5.0675,0.0,True,5.0675,50.0,50.0
2026-04-30,2026-04-29,RANGE_NORMAL_60_120,CLOSE_POS_LOWER_THIRD,ROWS_STANDARD_9_10,DOWN,0.3319,4,0,0.0,0.0,0.0,0.0,17.165,23.2375,0.0,0.0,33.975,0.0,True,17.165,0.0,0.0
2026-05-01,2026-04-30,RANGE_NORMAL_60_120,CLOSE_POS_UPPER_THIRD,ROWS_STANDARD_9_10,UP,0.766468,4,0,0.0,0.0,25.0,25.0,22.305,21.56375,25.0,25.0,32.9275,0.0,True,23.4225,0.0,0.0
2026-05-04,2026-05-01,RANGE_NORMAL_60_120,CLOSE_POS_MIDDLE_THIRD,ROWS_STANDARD_9_10,DOWN,0.552234,4,0,0.0,50.0,0.0,50.0,5.945625,11.623932,0.0,50.0,17.345365,0.0,True,17.345365,0.0,50.0
2026-05-05,2026-05-04,RANGE_WIDE_120_220,CLOSE_POS_LOWER_THIRD,ROWS_EXTENDED_11_PLUS,DOWN,0.168454,4,0,25.0,25.0,25.0,25.0,8.0475,10.585,25.0,25.0,20.4275,0.0,True,16.19068,25.0,25.0
2026-05-06,2026-05-05,RANGE_NORMAL_60_120,CLOSE_POS_MIDDLE_THIRD,ROWS_STANDARD_9_10,UP,0.596138,4,0,0.0,0.0,0.0,0.0,7.3175,7.549375,50.0,50.0,30.31,0.0,True,30.31,0.0,0.0
2026-05-07,2026-05-06,RANGE_WIDE_120_220,CLOSE_POS_UPPER_THIRD,ROWS_STANDARD_9_10,UP,0.817657,4,0,0.0,0.0,0.0,0.0,23.21375,21.526875,0.0,0.0,25.05875,0.0,True,25.05875,0.0,0.0
2026-05-08,2026-05-07,RANGE_NORMAL_60_120,CLOSE_POS_LOWER_THIRD,ROWS_STANDARD_9_10,DOWN,0.02337,4,0,0.0,0.0,0.0,50.0,9.575625,21.197188,0.0,50.0,45.843743,0.0,True,49.880618,0.0,0.0
2026-05-11,2026-05-08,RANGE_NORMAL_60_120,CLOSE_POS_MIDDLE_THIRD,ROWS_STANDARD_9_10,UP,0.529985,4,0,0.0,0.0,25.0,25.0,4.364375,9.551875,50.0,50.0,21.145,0.0,True,21.145,0.0,0.0
2026-05-12,2026-05-11,RANGE_NORMAL_60_120,CLOSE_POS_UPPER_THIRD,ROWS_STANDARD_9_10,UP,0.861612,4,0,0.0,0.0,25.0,25.0,8.106875,9.386454,25.0,25.0,18.922187,0.0,True,28.655938,0.0,0.0
2026-05-13,2026-05-12,RANGE_WIDE_120_220,CLOSE_POS_MIDDLE_THIRD,ROWS_STANDARD_9_10,DOWN,0.568756,4,0,0.0,0.0,0.0,0.0,6.655,6.558125,25.0,50.0,29.567939,0.0,True,29.567939,0.0,0.0
2026-05-14,2026-05-13,RANGE_COMPRESSED_0_60,CLOSE_POS_MIDDLE_THIRD,ROWS_STANDARD_9_10,DOWN,0.336939,4,0,0.0,0.0,0.0,0.0,26.331875,26.472812,0.0,0.0,41.331875,0.0,True,41.331875,0.0,0.0
2026-05-15,2026-05-14,RANGE_NORMAL_60_120,CLOSE_POS_LOWER_THIRD,ROWS_STANDARD_9_10,DOWN,0.106749,4,0,25.0,50.0,25.0,50.0,7.939154,9.765827,25.0,50.0,11.914155,0.0,True,11.914155,25.0,50.0
2026-05-18,2026-05-15,RANGE_WIDE_120_220,CLOSE_POS_LOWER_THIRD,ROWS_STANDARD_9_10,DOWN,0.17702,4,0,25.0,25.0,50.0,50.0,0.49,1.729275,75.0,75.0,24.4975,0.0,True,24.4975,25.0,25.0
2026-05-19,2026-05-18,RANGE_NORMAL_60_120,CLOSE_POS_UPPER_THIRD,ROWS_STANDARD_9_10,UP,0.825366,4,0,0.0,0.0,0.0,0.0,18.7275,17.579579,0.0,0.0,22.325,0.0,True,32.29,0.0,0.0
2026-05-20,2026-05-19,RANGE_WIDE_120_220,CLOSE_POS_LOWER_THIRD,ROWS_STANDARD_9_10,DOWN,0.148623,4,0,0.0,25.0,50.0,75.0,3.122521,3.812511,50.0,75.0,13.47524,0.0,True,13.47524,0.0,25.0
2026-05-21,2026-05-20,RANGE_NORMAL_60_120,CLOSE_POS_UPPER_THIRD,ROWS_STANDARD_9_10,UP,0.908431,4,0,0.0,0.0,0.0,0.0,18.3125,22.71375,0.0,0.0,47.71125,0.0,True,57.29375,0.0,0.0
2026-05-22,2026-05-21,RANGE_NORMAL_60_120,CLOSE_POS_MIDDLE_THIRD,ROWS_STANDARD_9_10,FLAT,0.66582,4,0,0.0,0.0,25.0,25.0,2.903015,11.109945,50.0,75.0,37.755,0.0,True,37.755,0.0,0.0
2026-05-25,2026-05-22,RANGE_COMPRESSED_0_60,CLOSE_POS_LOWER_THIRD,ROWS_EXTENDED_11_PLUS,DOWN,0.321516,4,0,0.0,0.0,0.0,0.0,28.485,26.28875,0.0,0.0,28.485,0.0,True,28.485,0.0,0.0
2026-05-26,2026-05-25,RANGE_COMPRESSED_0_60,CLOSE_POS_UPPER_THIRD,ROWS_STANDARD_9_10,UP,0.807499,4,0,0.0,0.0,0.0,0.0,15.964592,17.975421,0.0,0.0,15.964592,0.0,True,15.964592,0.0,0.0
2026-05-27,2026-05-26,RANGE_NORMAL_60_120,CLOSE_POS_LOWER_THIRD,ROWS_SPARSE_1_8,DOWN,0.259451,4,0,0.0,0.0,50.0,50.0,4.79,6.265,50.0,50.0,18.9078,0.0,True,18.9078,0.0,0.0
2026-05-28,2026-05-27,RANGE_WIDE_120_220,CLOSE_POS_MIDDLE_THIRD,ROWS_STANDARD_9_10,DOWN,0.400997,4,0,0.0,0.0,25.0,25.0,9.0625,15.82125,25.0,25.0,16.134144,0.0,True,16.134144,0.0,0.0
2026-05-29,2026-05-28,RANGE_WIDE_120_220,CLOSE_POS_UPPER_THIRD,ROWS_EXTENDED_11_PLUS,UP,0.8606,4,0,0.0,0.0,0.0,0.0,21.8,23.4775,0.0,0.0,77.655,0.0,True,77.655,0.0,0.0
2026-06-01,2026-05-29,RANGE_NORMAL_60_120,CLOSE_POS_MIDDLE_THIRD,ROWS_EXTENDED_11_PLUS,UP,0.48955,4,0,0.0,0.0,0.0,0.0,17.78625,17.88776,0.0,0.0,34.328125,0.0,True,39.346875,0.0,0.0
2026-06-02,2026-06-01,RANGE_NORMAL_60_120,CLOSE_POS_MIDDLE_THIRD,ROWS_SPARSE_1_8,DOWN,0.376973,4,0,0.0,0.0,0.0,0.0,7.046666,10.843333,25.0,25.0,38.3275,0.0,True,38.3275,0.0,0.0
2026-06-03,2026-06-02,RANGE_NORMAL_60_120,CLOSE_POS_LOWER_THIRD,ROWS_STANDARD_9_10,UP,0.316741,4,0,0.0,0.0,0.0,25.0,7.723125,6.790313,0.0,25.0,19.893952,0.0,True,19.893952,0.0,0.0
2026-06-04,2026-06-03,RANGE_NORMAL_60_120,CLOSE_POS_LOWER_THIRD,ROWS_SPARSE_1_8,DOWN,0.113066,4,0,0.0,25.0,50.0,75.0,3.792187,3.553594,50.0,75.0,19.2775,0.0,True,19.2775,0.0,25.0
2026-06-05,2026-06-04,RANGE_NORMAL_60_120,CLOSE_POS_MIDDLE_THIRD,ROWS_STANDARD_9_10,UP,0.559961,4,0,0.0,25.0,25.0,50.0,5.525,4.77125,25.0,50.0,6.5575,0.0,True,6.5575,0.0,25.0
2026-06-08,2026-06-05,RANGE_WIDE_120_220,CLOSE_POS_LOWER_THIRD,ROWS_STANDARD_9_10,DOWN,0.0942,4,0,25.0,25.0,50.0,50.0,2.40728,3.12364,50.0,75.0,25.446666,0.0,True,25.446666,25.0,25.0
2026-06-09,2026-06-08,RANGE_NORMAL_60_120,CLOSE_POS_UPPER_THIRD,ROWS_SPARSE_1_8,FLAT,0.72136,4,0,25.0,25.0,25.0,25.0,7.94875,11.295625,25.0,25.0,11.69875,0.0,True,11.69875,25.0,25.0
2026-06-10,2026-06-09,RANGE_WIDE_120_220,CLOSE_POS_LOWER_THIRD,ROWS_STANDARD_9_10,DOWN,0.178431,4,0,0.0,0.0,0.0,0.0,38.33375,36.373323,0.0,0.0,62.462793,0.0,True,62.462793,0.0,0.0
2026-06-11,2026-06-10,RANGE_WIDE_120_220,CLOSE_POS_LOWER_THIRD,ROWS_EXTENDED_11_PLUS,DOWN,0.022422,4,0,0.0,0.0,0.0,0.0,28.345,31.58,0.0,0.0,49.66192,0.0,True,49.66192,0.0,0.0
2026-06-12,2026-06-11,RANGE_WIDE_120_220,CLOSE_POS_UPPER_THIRD,ROWS_EXTENDED_11_PLUS,UP,0.95226,4,0,0.0,0.0,0.0,50.0,6.515625,11.7075,0.0,50.0,22.62625,0.0,True,22.62625,0.0,0.0
2026-06-15,2026-06-12,RANGE_NORMAL_60_120,CLOSE_POS_MIDDLE_THIRD,ROWS_EXTENDED_11_PLUS,UP,0.631372,4,0,0.0,0.0,0.0,0.0,52.143125,52.430885,0.0,0.0,101.140521,0.0,True,88.707395,0.0,0.0
2026-06-16,2026-06-15,RANGE_NORMAL_60_120,CLOSE_POS_MIDDLE_THIRD,ROWS_STANDARD_9_10,UP,0.446616,4,0,25.0,25.0,50.0,50.0,3.646295,3.626272,50.0,50.0,8.60625,0.0,True,8.60625,25.0,25.0
2026-06-17,2026-06-16,RANGE_COMPRESSED_0_60,CLOSE_POS_MIDDLE_THIRD,ROWS_STANDARD_9_10,UP,0.51743,4,0,0.0,0.0,0.0,0.0,8.85125,10.100625,0.0,0.0,11.8275,0.0,True,11.8275,0.0,0.0
2026-06-18,2026-06-17,RANGE_WIDE_120_220,CLOSE_POS_LOWER_THIRD,ROWS_SPARSE_1_8,DOWN,0.236816,4,0,0.0,0.0,0.0,0.0,21.0225,23.293945,0.0,0.0,21.0225,0.0,True,21.0225,0.0,0.0
2026-06-19,2026-06-18,RANGE_WIDE_120_220,CLOSE_POS_LOWER_THIRD,ROWS_STANDARD_9_10,DOWN,0.058251,4,0,0.0,0.0,0.0,0.0,50.440685,48.714306,0.0,0.0,56.966677,0.0,True,56.966677,0.0,0.0
2026-06-22,2026-06-19,RANGE_NORMAL_60_120,CLOSE_POS_MIDDLE_THIRD,ROWS_STANDARD_9_10,DOWN,0.370269,4,0,0.0,25.0,0.0,50.0,9.135145,9.346322,0.0,50.0,16.123895,0.0,True,16.123895,0.0,25.0
2026-06-23,2026-06-22,RANGE_NORMAL_60_120,CLOSE_POS_MIDDLE_THIRD,ROWS_STANDARD_9_10,UP,0.648922,4,0,0.0,0.0,0.0,0.0,17.244845,18.241172,0.0,0.0,22.895,0.0,True,22.895,0.0,0.0
2026-06-25,2026-06-24,RANGE_WIDE_120_220,CLOSE_POS_LOWER_THIRD,ROWS_STANDARD_9_10,DOWN,0.248207,4,0,0.0,0.0,0.0,0.0,17.12375,21.793355,0.0,0.0,39.10046,0.0,True,46.35546,0.0,0.0
2026-06-26,2026-06-25,RANGE_NORMAL_60_120,CLOSE_POS_UPPER_THIRD,ROWS_STANDARD_9_10,UP,0.782309,4,0,0.0,0.0,25.0,25.0,7.79125,7.790312,25.0,50.0,35.874063,0.0,True,42.655938,0.0,0.0
2026-06-29,2026-06-26,RANGE_NORMAL_60_120,CLOSE_POS_UPPER_THIRD,ROWS_STANDARD_9_10,UP,0.932525,4,0,25.0,25.0,50.0,50.0,4.315,4.342656,50.0,50.0,9.63875,0.0,True,9.63875,25.0,25.0
2026-06-30,2026-06-29,RANGE_NORMAL_60_120,CLOSE_POS_LOWER_THIRD,ROWS_STANDARD_9_10,DOWN,0.19561,4,0,0.0,0.0,25.0,25.0,9.183125,7.935937,25.0,25.0,14.843326,0.0,True,14.843326,0.0,0.0
