level_date,prev_date,range_bucket,close_position_bucket,rows_bucket,live_reference_price,live_reference_source,live_channel_state,live_channel_norm,oracle_available_levels,oracle_candidate_pct_within_3,oracle_candidate_pct_within_5,router_pct_within_3,router_pct_within_5,oracle_median_abs_error,router_median_abs_error,median_router_minus_oracle_gap,mean_router_minus_oracle_gap,router_missed_available_within_5_pct,mode_selection_failure_pct,candidate_ranking_failure_pct,candidate_generation_failure_pct,dominant_gap_class,oracle_ordered_ladder_valid,oracle_ordered_ladder_median_abs_error,oracle_ordered_ladder_pct_within_3,oracle_ordered_ladder_pct_within_5,oracle_bracketed_by_L5_L6
2025-10-02,2025-10-01,RANGE_COMPRESSED_0_60,CLOSE_POS_LOWER_THIRD,ROWS_STANDARD_9_10,3865.54,PREV_CLOSE_PROXY,,NEUTRAL,4,0.0,0.0,0.0,0.0,27.674792,27.674792,0.0,0.0,0.0,0.0,0.0,100.0,CANDIDATE_GENERATION_FAILURE_GT10,True,27.674792,0.0,0.0,False
2025-10-03,2025-10-02,RANGE_NORMAL_60_120,CLOSE_POS_MIDDLE_THIRD,ROWS_STANDARD_9_10,3856.24,PREV_CLOSE_PROXY,,NEUTRAL,4,0.0,0.0,0.0,0.0,28.000417,28.000417,0.0,0.0,0.0,0.0,0.0,100.0,CANDIDATE_GENERATION_FAILURE_GT10,True,28.000417,0.0,0.0,True
2025-10-06,2025-10-03,RANGE_COMPRESSED_0_60,CLOSE_POS_UPPER_THIRD,ROWS_SPARSE_1_8,3886.43,PREV_CLOSE_PROXY,,NEUTRAL,4,0.0,0.0,0.0,0.0,12.66,12.66,0.0,0.0,0.0,0.0,0.0,100.0,CANDIDATE_GENERATION_FAILURE_GT10,True,12.66,0.0,0.0,False
2025-10-07,2025-10-06,RANGE_NORMAL_60_120,CLOSE_POS_UPPER_THIRD,ROWS_SPARSE_1_8,3961.0,PREV_CLOSE_PROXY,,NEUTRAL,4,0.0,0.0,0.0,0.0,15.075,15.075,0.0,0.0,0.0,0.0,0.0,75.0,CANDIDATE_GENERATION_FAILURE_GT10,True,15.075,0.0,0.0,False
2025-10-08,2025-10-07,RANGE_COMPRESSED_0_60,CLOSE_POS_UPPER_THIRD,ROWS_SPARSE_1_8,3984.32,PREV_CLOSE_PROXY,,NEUTRAL,4,75.0,100.0,75.0,100.0,1.4125,1.4125,0.0,0.0,0.0,0.0,0.0,0.0,ROUTER_ACCEPTABLE_WITHIN_5,True,1.4125,75.0,100.0,False
2025-10-09,2025-10-08,RANGE_NORMAL_60_120,CLOSE_POS_UPPER_THIRD,ROWS_SPARSE_1_8,4041.38,PREV_CLOSE_PROXY,,NEUTRAL,4,25.0,25.0,25.0,25.0,21.2975,21.2975,0.0,0.0,0.0,0.0,0.0,75.0,CANDIDATE_GENERATION_FAILURE_GT10,True,21.2975,25.0,25.0,False
2025-10-10,2025-10-09,RANGE_NORMAL_60_120,CLOSE_POS_LOWER_THIRD,ROWS_STANDARD_9_10,3975.96,PREV_CLOSE_PROXY,,NEUTRAL,4,25.0,25.0,25.0,25.0,11.88875,17.670625,3.61375,4.651562,0.0,0.0,0.0,75.0,CANDIDATE_GENERATION_FAILURE_GT10,False,11.88875,25.0,25.0,True
2025-10-13,2025-10-10,RANGE_NORMAL_60_120,CLOSE_POS_UPPER_THIRD,ROWS_STANDARD_9_10,4012.42,PREV_CLOSE_PROXY,,NEUTRAL,4,75.0,75.0,75.0,75.0,0.868125,0.868125,0.0,0.0,0.0,0.0,0.0,0.0,ROUTER_ACCEPTABLE_WITHIN_5,True,0.868125,75.0,75.0,False
2025-10-14,2025-10-13,RANGE_WIDE_120_220,CLOSE_POS_UPPER_THIRD,ROWS_SPARSE_1_8,4110.41,PREV_CLOSE_PROXY,,NEUTRAL,4,25.0,25.0,25.0,25.0,16.233125,16.233125,0.0,0.0,0.0,0.0,0.0,50.0,CANDIDATE_GENERATION_FAILURE_GT10,True,16.233125,25.0,25.0,False
2025-10-15,2025-10-14,RANGE_NORMAL_60_120,CLOSE_POS_MIDDLE_THIRD,ROWS_STANDARD_9_10,4142.14,PREV_CLOSE_PROXY,,NEUTRAL,4,0.0,0.0,0.0,0.0,29.44125,29.44125,0.0,0.0,0.0,0.0,0.0,75.0,CANDIDATE_GENERATION_FAILURE_GT10,True,29.44125,0.0,0.0,False
2025-10-16,2025-10-15,RANGE_NORMAL_60_120,CLOSE_POS_UPPER_THIRD,ROWS_STANDARD_9_10,4208.11,PREV_CLOSE_PROXY,,NEUTRAL,4,50.0,50.0,25.0,50.0,5.49618,5.71243,0.0,0.108125,0.0,0.0,0.0,25.0,ROUTER_ACCEPTABLE_WITHIN_5,True,5.49618,50.0,50.0,False
2025-10-17,2025-10-16,RANGE_WIDE_120_220,CLOSE_POS_UPPER_THIRD,ROWS_EXTENDED_11_PLUS,4325.92,PREV_CLOSE_PROXY,,NEUTRAL,4,0.0,0.0,0.0,0.0,12.755625,12.755625,0.0,0.0,0.0,0.0,0.0,75.0,CANDIDATE_GENERATION_FAILURE_GT10,True,12.755625,0.0,0.0,False
2025-10-20,2025-10-17,RANGE_WIDE_120_220,CLOSE_POS_MIDDLE_THIRD,ROWS_STANDARD_9_10,4252.68,PREV_CLOSE_PROXY,,NEUTRAL,4,0.0,0.0,0.0,0.0,77.105312,77.105312,0.0,6.978438,0.0,0.0,0.0,100.0,CANDIDATE_GENERATION_FAILURE_GT10,True,77.105312,0.0,0.0,False
2025-10-21,2025-10-20,RANGE_WIDE_120_220,CLOSE_POS_UPPER_THIRD,ROWS_EXTENDED_11_PLUS,4356.3,PREV_CLOSE_PROXY,,NEUTRAL,4,0.0,25.0,0.0,25.0,35.17,35.17,0.0,0.0,0.0,0.0,0.0,75.0,CANDIDATE_GENERATION_FAILURE_GT10,True,35.17,0.0,25.0,False
2025-10-22,2025-10-21,RANGE_EXTREME_220_PLUS,CLOSE_POS_LOWER_THIRD,ROWS_EXTENDED_11_PLUS,4124.9,PREV_CLOSE_PROXY,,NEUTRAL,4,0.0,0.0,0.0,0.0,51.3375,66.3375,15.0,25.094062,0.0,0.0,0.0,100.0,CANDIDATE_GENERATION_FAILURE_GT10,True,51.3375,0.0,0.0,True
2025-10-23,2025-10-22,RANGE_WIDE_120_220,CLOSE_POS_MIDDLE_THIRD,ROWS_STANDARD_9_10,4098.38,PREV_CLOSE_PROXY,,NEUTRAL,4,0.0,0.0,0.0,0.0,83.695651,83.695651,0.0,0.0,0.0,0.0,0.0,100.0,CANDIDATE_GENERATION_FAILURE_GT10,True,83.695651,0.0,0.0,False
2025-10-24,2025-10-23,RANGE_NORMAL_60_120,CLOSE_POS_UPPER_THIRD,ROWS_STANDARD_9_10,4125.98,PREV_CLOSE_PROXY,,NEUTRAL,4,25.0,25.0,0.0,0.0,18.74625,18.74625,0.0,2.170208,25.0,0.0,25.0,75.0,CANDIDATE_GENERATION_FAILURE_GT10,True,18.74625,25.0,25.0,False
2025-10-27,2025-10-24,RANGE_NORMAL_60_120,CLOSE_POS_UPPER_THIRD,ROWS_STANDARD_9_10,4112.26,PREV_CLOSE_PROXY,,NEUTRAL,4,25.0,50.0,25.0,50.0,5.90875,5.90875,0.0,0.0,0.0,0.0,0.0,0.0,ORACLE_ONLY_REDUCES_ERROR_NOT_WITHIN_5,True,5.90875,25.0,50.0,True
2025-10-28,2025-10-27,RANGE_WIDE_120_220,CLOSE_POS_LOWER_THIRD,ROWS_EXTENDED_11_PLUS,3981.07,PREV_CLOSE_PROXY,,NEUTRAL,4,25.0,50.0,0.0,0.0,4.34962,70.807523,66.457903,66.080202,50.0,0.0,50.0,25.0,CANDIDATE_RANKING_FAILURE_LOWER_RANK_CANDIDATE,True,4.34962,25.0,50.0,False
2025-10-29,2025-10-28,RANGE_WIDE_120_220,CLOSE_POS_MIDDLE_THIRD,ROWS_STANDARD_9_10,3952.66,PREV_CLOSE_PROXY,,NEUTRAL,4,0.0,0.0,0.0,0.0,21.0071,49.05875,25.775,28.354575,0.0,0.0,0.0,100.0,CANDIDATE_GENERATION_FAILURE_GT10,True,21.0071,0.0,0.0,False
2025-10-30,2025-10-29,RANGE_NORMAL_60_120,CLOSE_POS_LOWER_THIRD,ROWS_EXTENDED_11_PLUS,3930.12,PREV_CLOSE_PROXY,,NEUTRAL,4,0.0,0.0,0.0,0.0,98.775625,98.775625,0.0,0.0,0.0,0.0,0.0,100.0,CANDIDATE_GENERATION_FAILURE_GT10,True,98.775625,0.0,0.0,False
2025-10-31,2025-10-30,RANGE_NORMAL_60_120,CLOSE_POS_UPPER_THIRD,ROWS_STANDARD_9_10,4024.28,PREV_CLOSE_PROXY,,NEUTRAL,4,0.0,25.0,0.0,25.0,12.5125,12.5125,0.0,0.0,0.0,0.0,0.0,75.0,CANDIDATE_GENERATION_FAILURE_GT10,True,12.5125,0.0,25.0,False
2025-11-03,2025-10-31,RANGE_NORMAL_60_120,CLOSE_POS_MIDDLE_THIRD,ROWS_EXTENDED_11_PLUS,4002.19,PREV_CLOSE_PROXY,,NEUTRAL,4,0.0,0.0,0.0,0.0,9.9175,13.59,0.0,4.239063,0.0,0.0,0.0,50.0,CANDIDATE_GENERATION_FAILURE_GT10,True,9.9175,0.0,0.0,True
2025-11-04,2025-11-03,RANGE_NORMAL_60_120,CLOSE_POS_MIDDLE_THIRD,ROWS_STANDARD_9_10,4001.26,PREV_CLOSE_PROXY,,NEUTRAL,4,0.0,25.0,0.0,25.0,16.479375,19.55375,0.0,1.537187,0.0,0.0,0.0,75.0,CANDIDATE_GENERATION_FAILURE_GT10,True,16.479375,0.0,25.0,False
2025-11-05,2025-11-04,RANGE_NORMAL_60_120,CLOSE_POS_LOWER_THIRD,ROWS_SPARSE_1_8,3931.9,PREV_CLOSE_PROXY,,NEUTRAL,4,0.0,25.0,0.0,25.0,18.095625,18.095625,0.0,0.0,0.0,0.0,0.0,75.0,CANDIDATE_GENERATION_FAILURE_GT10,True,18.095625,0.0,25.0,False
2025-11-06,2025-11-05,RANGE_NORMAL_60_120,CLOSE_POS_UPPER_THIRD,ROWS_STANDARD_9_10,3979.04,PREV_CLOSE_PROXY,,NEUTRAL,4,50.0,50.0,25.0,25.0,3.6775,8.704791,4.85,5.278125,25.0,25.0,0.0,0.0,ORACLE_ONLY_REDUCES_ERROR_NOT_WITHIN_5,True,3.6775,50.0,50.0,True
2025-11-07,2025-11-06,RANGE_COMPRESSED_0_60,CLOSE_POS_LOWER_THIRD,ROWS_SPARSE_1_8,3976.93,PREV_CLOSE_PROXY,,NEUTRAL,4,25.0,25.0,25.0,25.0,6.23,6.23,0.0,0.0,0.0,0.0,0.0,25.0,ORACLE_ONLY_REDUCES_ERROR_NOT_WITHIN_5,True,6.23,25.0,25.0,False
2025-11-10,2025-11-07,RANGE_COMPRESSED_0_60,CLOSE_POS_MIDDLE_THIRD,ROWS_STANDARD_9_10,4000.84,PREV_CLOSE_PROXY,,NEUTRAL,4,50.0,50.0,50.0,50.0,4.465312,4.465312,0.0,0.0,0.0,0.0,0.0,25.0,ROUTER_ACCEPTABLE_WITHIN_5,True,4.465312,50.0,50.0,False
2025-11-11,2025-11-10,RANGE_NORMAL_60_120,CLOSE_POS_UPPER_THIRD,ROWS_STANDARD_9_10,4115.78,PREV_CLOSE_PROXY,,NEUTRAL,4,0.0,0.0,0.0,0.0,22.38999,22.38999,0.0,0.0,0.0,0.0,0.0,100.0,CANDIDATE_GENERATION_FAILURE_GT10,True,22.38999,0.0,0.0,False
2025-11-12,2025-11-11,RANGE_COMPRESSED_0_60,CLOSE_POS_MIDDLE_THIRD,ROWS_SPARSE_1_8,4126.6,PREV_CLOSE_PROXY,,NEUTRAL,4,0.0,0.0,0.0,0.0,19.984575,19.984575,0.0,0.0,0.0,0.0,0.0,75.0,CANDIDATE_GENERATION_FAILURE_GT10,True,19.984575,0.0,0.0,False
2025-11-13,2025-11-12,RANGE_NORMAL_60_120,CLOSE_POS_UPPER_THIRD,ROWS_STANDARD_9_10,4195.32,PREV_CLOSE_PROXY,,NEUTRAL,4,50.0,50.0,25.0,25.0,3.390428,6.12878,2.738352,5.832926,25.0,0.0,25.0,0.0,ORACLE_ONLY_REDUCES_ERROR_NOT_WITHIN_5,True,3.390428,50.0,50.0,True
2025-11-14,2025-11-13,RANGE_NORMAL_60_120,CLOSE_POS_LOWER_THIRD,ROWS_EXTENDED_11_PLUS,4171.26,PREV_CLOSE_PROXY,,NEUTRAL,4,0.0,0.0,0.0,0.0,36.37,36.37,0.0,0.0,0.0,0.0,0.0,100.0,CANDIDATE_GENERATION_FAILURE_GT10,True,36.37,0.0,0.0,False
2025-11-17,2025-11-14,RANGE_WIDE_120_220,CLOSE_POS_LOWER_THIRD,ROWS_STANDARD_9_10,4085.1,PREV_CLOSE_PROXY,,NEUTRAL,4,0.0,0.0,0.0,0.0,107.04857,107.04857,0.0,0.0,0.0,0.0,0.0,100.0,CANDIDATE_GENERATION_FAILURE_GT10,True,107.04857,0.0,0.0,False
2025-11-18,2025-11-17,RANGE_NORMAL_60_120,CLOSE_POS_MIDDLE_THIRD,ROWS_STANDARD_9_10,4045.52,PREV_CLOSE_PROXY,,NEUTRAL,4,50.0,75.0,50.0,75.0,3.34375,3.34375,0.0,1.95375,0.0,0.0,0.0,25.0,ROUTER_ACCEPTABLE_WITHIN_5,True,3.34375,50.0,75.0,True
2025-11-19,2025-11-18,RANGE_NORMAL_60_120,CLOSE_POS_UPPER_THIRD,ROWS_STANDARD_9_10,4067.3,PREV_CLOSE_PROXY,,NEUTRAL,4,50.0,50.0,0.0,0.0,4.805,12.13334,5.668461,6.69798,50.0,25.0,25.0,25.0,CANDIDATE_GENERATION_FAILURE_GT10,True,4.805,50.0,50.0,True
2025-11-20,2025-11-19,RANGE_NORMAL_60_120,CLOSE_POS_LOWER_THIRD,ROWS_SPARSE_1_8,4077.81,PREV_CLOSE_PROXY,,NEUTRAL,4,50.0,50.0,50.0,50.0,3.3375,3.3375,0.0,0.0,0.0,0.0,0.0,0.0,ORACLE_ONLY_REDUCES_ERROR_NOT_WITHIN_5,True,3.3375,50.0,50.0,False
2025-11-21,2025-11-20,RANGE_NORMAL_60_120,CLOSE_POS_MIDDLE_THIRD,ROWS_STANDARD_9_10,4077.2,PREV_CLOSE_PROXY,,NEUTRAL,4,25.0,50.0,0.0,0.0,4.65125,15.4275,9.06125,12.030625,50.0,0.0,50.0,0.0,CANDIDATE_RANKING_FAILURE_LOWER_RANK_CANDIDATE,True,4.65125,25.0,50.0,False
2025-11-24,2025-11-21,RANGE_NORMAL_60_120,CLOSE_POS_MIDDLE_THIRD,ROWS_STANDARD_9_10,4065.26,PREV_CLOSE_PROXY,,NEUTRAL,4,50.0,75.0,50.0,50.0,3.846875,6.253125,0.0,1.715313,25.0,0.0,25.0,0.0,ROUTER_ACCEPTABLE_WITHIN_5,True,3.846875,50.0,75.0,True
2025-11-25,2025-11-24,RANGE_NORMAL_60_120,CLOSE_POS_UPPER_THIRD,ROWS_STANDARD_9_10,4134.62,PREV_CLOSE_PROXY,,NEUTRAL,4,25.0,50.0,0.0,0.0,5.314792,30.211575,26.849975,27.525462,50.0,0.0,50.0,25.0,CANDIDATE_RANKING_FAILURE_LOWER_RANK_CANDIDATE,True,5.314792,25.0,50.0,False
2025-11-26,2025-11-25,RANGE_COMPRESSED_0_60,CLOSE_POS_MIDDLE_THIRD,ROWS_STANDARD_9_10,4130.64,PREV_CLOSE_PROXY,,NEUTRAL,4,25.0,25.0,25.0,25.0,16.091675,16.091675,0.0,0.0,0.0,0.0,0.0,75.0,CANDIDATE_GENERATION_FAILURE_GT10,True,16.091675,25.0,25.0,False
2025-11-27,2025-11-26,RANGE_COMPRESSED_0_60,CLOSE_POS_UPPER_THIRD,ROWS_STANDARD_9_10,4163.7,PREV_CLOSE_PROXY,,NEUTRAL,4,0.0,25.0,0.0,25.0,12.822604,12.822604,0.0,0.0,0.0,0.0,0.0,50.0,CANDIDATE_GENERATION_FAILURE_GT10,True,12.822604,0.0,25.0,False
2025-11-28,2025-11-27,RANGE_COMPRESSED_0_60,CLOSE_POS_MIDDLE_THIRD,ROWS_STANDARD_9_10,4157.37,PREV_CLOSE_PROXY,,NEUTRAL,4,0.0,0.0,0.0,0.0,14.055829,27.4775,5.429171,6.710835,0.0,0.0,0.0,75.0,CANDIDATE_GENERATION_FAILURE_GT10,True,14.055829,0.0,0.0,False
2025-12-01,2025-11-28,RANGE_NORMAL_60_120,CLOSE_POS_UPPER_THIRD,ROWS_STANDARD_9_10,4219.51,PREV_CLOSE_PROXY,,NEUTRAL,4,25.0,50.0,25.0,25.0,5.1425,9.111667,3.969167,5.812708,25.0,0.0,25.0,0.0,ORACLE_ONLY_REDUCES_ERROR_NOT_WITHIN_5,True,5.1425,25.0,50.0,False
2025-12-02,2025-12-01,RANGE_COMPRESSED_0_60,CLOSE_POS_MIDDLE_THIRD,ROWS_SPARSE_1_8,4232.12,PREV_CLOSE_PROXY,,NEUTRAL,4,25.0,25.0,25.0,25.0,12.12808,12.12808,0.0,0.0,0.0,0.0,0.0,75.0,CANDIDATE_GENERATION_FAILURE_GT10,True,12.12808,25.0,25.0,False
2025-12-03,2025-12-02,RANGE_NORMAL_60_120,CLOSE_POS_MIDDLE_THIRD,ROWS_STANDARD_9_10,4205.64,PREV_CLOSE_PROXY,,NEUTRAL,4,25.0,75.0,25.0,75.0,4.03,4.03,0.0,0.0,0.0,0.0,0.0,0.0,ROUTER_ACCEPTABLE_WITHIN_5,True,4.03,25.0,75.0,True
2025-12-04,2025-12-03,RANGE_COMPRESSED_0_60,CLOSE_POS_LOWER_THIRD,ROWS_SPARSE_1_8,4202.98,PREV_CLOSE_PROXY,,NEUTRAL,4,25.0,25.0,25.0,25.0,5.845,5.845,0.0,0.0,0.0,0.0,0.0,25.0,ORACLE_ONLY_REDUCES_ERROR_NOT_WITHIN_5,True,5.845,25.0,25.0,False
2025-12-05,2025-12-04,RANGE_COMPRESSED_0_60,CLOSE_POS_UPPER_THIRD,ROWS_SPARSE_1_8,4208.64,PREV_CLOSE_PROXY,,NEUTRAL,4,75.0,100.0,75.0,100.0,1.909063,1.909063,0.0,0.0,0.0,0.0,0.0,0.0,ROUTER_ACCEPTABLE_WITHIN_5,True,1.909063,75.0,100.0,False
2025-12-08,2025-12-05,RANGE_NORMAL_60_120,CLOSE_POS_LOWER_THIRD,ROWS_SPARSE_1_8,4199.09,PREV_CLOSE_PROXY,,NEUTRAL,4,0.0,0.0,0.0,0.0,11.804063,11.804063,0.0,1.766125,0.0,0.0,0.0,50.0,CANDIDATE_GENERATION_FAILURE_GT10,True,11.804063,0.0,0.0,True
2025-12-09,2025-12-08,RANGE_COMPRESSED_0_60,CLOSE_POS_MIDDLE_THIRD,ROWS_SPARSE_1_8,4190.56,PREV_CLOSE_PROXY,,NEUTRAL,4,0.0,0.0,0.0,0.0,13.31,15.965,0.0,4.54875,0.0,0.0,0.0,100.0,CANDIDATE_GENERATION_FAILURE_GT10,True,13.31,0.0,0.0,False
2025-12-10,2025-12-09,RANGE_COMPRESSED_0_60,CLOSE_POS_UPPER_THIRD,ROWS_SPARSE_1_8,4208.1,PREV_CLOSE_PROXY,,NEUTRAL,4,0.0,0.0,0.0,0.0,12.909375,12.909375,0.0,0.0,0.0,0.0,0.0,100.0,CANDIDATE_GENERATION_FAILURE_GT10,True,12.909375,0.0,0.0,False
2025-12-11,2025-12-10,RANGE_COMPRESSED_0_60,CLOSE_POS_UPPER_THIRD,ROWS_SPARSE_1_8,4228.54,PREV_CLOSE_PROXY,,NEUTRAL,4,75.0,100.0,0.0,0.0,2.396562,14.365625,12.384266,11.624789,100.0,25.0,75.0,0.0,CANDIDATE_RANKING_FAILURE_LOWER_RANK_CANDIDATE,True,2.396562,75.0,100.0,False
2025-12-12,2025-12-11,RANGE_NORMAL_60_120,CLOSE_POS_UPPER_THIRD,ROWS_STANDARD_9_10,4279.59,PREV_CLOSE_PROXY,,NEUTRAL,4,25.0,50.0,0.0,0.0,5.29862,34.267292,26.25888,29.24319,50.0,0.0,50.0,25.0,CANDIDATE_RANKING_FAILURE_LOWER_RANK_CANDIDATE,True,5.29862,25.0,50.0,False
2025-12-15,2025-12-12,RANGE_NORMAL_60_120,CLOSE_POS_MIDDLE_THIRD,ROWS_SPARSE_1_8,4299.72,PREV_CLOSE_PROXY,,NEUTRAL,4,25.0,75.0,0.0,0.0,4.78125,31.129591,18.85407,23.629535,75.0,0.0,75.0,25.0,CANDIDATE_RANKING_FAILURE_LOWER_RANK_CANDIDATE,False,4.78125,25.0,75.0,True
2025-12-16,2025-12-15,RANGE_NORMAL_60_120,CLOSE_POS_LOWER_THIRD,ROWS_SPARSE_1_8,4304.91,PREV_CLOSE_PROXY,,NEUTRAL,4,25.0,50.0,25.0,25.0,9.629755,13.290625,0.0,1.830435,25.0,0.0,25.0,50.0,CANDIDATE_GENERATION_FAILURE_GT10,True,9.629755,25.0,50.0,False
2025-12-17,2025-12-16,RANGE_NORMAL_60_120,CLOSE_POS_MIDDLE_THIRD,ROWS_SPARSE_1_8,4302.04,PREV_CLOSE_PROXY,,NEUTRAL,4,0.0,0.0,0.0,0.0,9.086875,9.086875,0.0,0.0,0.0,0.0,0.0,25.0,ORACLE_ONLY_REDUCES_ERROR_NOT_WITHIN_5,True,9.086875,0.0,0.0,False
2025-12-19,2025-12-18,RANGE_NORMAL_60_120,CLOSE_POS_MIDDLE_THIRD,ROWS_SPARSE_1_8,4332.34,PREV_CLOSE_PROXY,,NEUTRAL,4,50.0,100.0,25.0,25.0,2.546875,9.699585,6.578345,5.477402,75.0,25.0,50.0,0.0,CANDIDATE_RANKING_FAILURE_LOWER_RANK_CANDIDATE,True,2.546875,50.0,100.0,False
2025-12-22,2025-12-19,RANGE_COMPRESSED_0_60,CLOSE_POS_MIDDLE_THIRD,ROWS_SPARSE_1_8,4338.16,PREV_CLOSE_PROXY,,NEUTRAL,4,25.0,50.0,0.0,0.0,6.03625,12.345,6.45291,10.46958,50.0,25.0,25.0,0.0,ORACLE_ONLY_REDUCES_ERROR_NOT_WITHIN_5,False,6.03625,25.0,50.0,False
2025-12-23,2025-12-22,RANGE_NORMAL_60_120,CLOSE_POS_UPPER_THIRD,ROWS_STANDARD_9_10,4443.59,PREV_CLOSE_PROXY,,NEUTRAL,4,0.0,0.0,0.0,0.0,17.99,17.99,0.0,0.0,0.0,0.0,0.0,50.0,CANDIDATE_GENERATION_FAILURE_GT10,True,17.99,0.0,0.0,True
2025-12-24,2025-12-23,RANGE_NORMAL_60_120,CLOSE_POS_UPPER_THIRD,ROWS_SPARSE_1_8,4484.54,PREV_CLOSE_PROXY,,NEUTRAL,3,0.0,33.333333,0.0,33.333333,5.31125,11.82125,3.67875,4.34,0.0,0.0,0.0,0.0,ORACLE_ONLY_REDUCES_ERROR_NOT_WITHIN_5,False,,,,
2025-12-26,2025-12-24,RANGE_NORMAL_60_120,CLOSE_POS_MIDDLE_THIRD,ROWS_SPARSE_1_8,4479.58,PREV_CLOSE_PROXY,,NEUTRAL,4,25.0,50.0,25.0,25.0,6.174062,7.988138,0.0,0.907038,25.0,25.0,0.0,25.0,CANDIDATE_GENERATION_FAILURE_GT10,True,6.174062,25.0,50.0,False
2025-12-29,2025-12-26,RANGE_NORMAL_60_120,CLOSE_POS_UPPER_THIRD,ROWS_EXTENDED_11_PLUS,4531.0,PREV_CLOSE_PROXY,,NEUTRAL,4,75.0,75.0,0.0,0.0,1.676985,19.168125,15.060588,14.906075,75.0,25.0,50.0,0.0,CANDIDATE_RANKING_FAILURE_LOWER_RANK_CANDIDATE,True,1.676985,75.0,75.0,False
2025-12-30,2025-12-29,RANGE_EXTREME_220_PLUS,CLOSE_POS_LOWER_THIRD,ROWS_STANDARD_9_10,4332.04,PREV_CLOSE_PROXY,,NEUTRAL,4,0.0,0.0,0.0,0.0,76.851625,76.851625,0.0,0.0,0.0,0.0,0.0,100.0,CANDIDATE_GENERATION_FAILURE_GT10,True,76.851625,0.0,0.0,False
2026-01-01,2025-12-31,RANGE_NORMAL_60_120,CLOSE_POS_MIDDLE_THIRD,ROWS_STANDARD_9_10,4318.87,PREV_CLOSE_PROXY,,NEUTRAL,4,0.0,25.0,0.0,25.0,13.91193,19.03875,5.12682,7.114035,0.0,0.0,0.0,75.0,CANDIDATE_GENERATION_FAILURE_GT10,True,13.91193,0.0,25.0,True
2026-01-02,2025-12-31,RANGE_NORMAL_60_120,CLOSE_POS_MIDDLE_THIRD,ROWS_STANDARD_9_10,4318.87,PREV_CLOSE_PROXY,,NEUTRAL,4,25.0,50.0,0.0,25.0,5.56375,15.02807,6.65693,7.02034,25.0,0.0,25.0,25.0,CANDIDATE_GENERATION_FAILURE_GT10,True,5.56375,25.0,50.0,False
2026-01-05,2026-01-02,RANGE_NORMAL_60_120,CLOSE_POS_LOWER_THIRD,ROWS_STANDARD_9_10,4332.72,PREV_CLOSE_PROXY,,NEUTRAL,4,25.0,25.0,25.0,25.0,8.38875,8.38875,0.0,0.0,0.0,0.0,0.0,50.0,CANDIDATE_GENERATION_FAILURE_GT10,True,8.38875,25.0,25.0,True
2026-01-06,2026-01-05,RANGE_NORMAL_60_120,CLOSE_POS_UPPER_THIRD,ROWS_STANDARD_9_10,4448.89,PREV_CLOSE_PROXY,,NEUTRAL,4,50.0,75.0,25.0,25.0,3.28625,10.57625,7.29,8.30319,50.0,0.0,50.0,25.0,CANDIDATE_RANKING_FAILURE_LOWER_RANK_CANDIDATE,True,3.28625,50.0,75.0,False
2026-01-07,2026-01-06,RANGE_NORMAL_60_120,CLOSE_POS_UPPER_THIRD,ROWS_STANDARD_9_10,4494.54,PREV_CLOSE_PROXY,,NEUTRAL,4,25.0,50.0,25.0,50.0,4.7825,7.57375,2.79125,4.708125,0.0,0.0,0.0,0.0,ORACLE_ONLY_REDUCES_ERROR_NOT_WITHIN_5,True,4.7825,25.0,50.0,False
2026-01-08,2026-01-07,RANGE_NORMAL_60_120,CLOSE_POS_MIDDLE_THIRD,ROWS_STANDARD_9_10,4456.36,PREV_CLOSE_PROXY,,NEUTRAL,4,0.0,100.0,0.0,50.0,3.775625,6.2525,2.32875,3.320938,50.0,0.0,50.0,0.0,CANDIDATE_RANKING_FAILURE_LOWER_RANK_CANDIDATE,True,3.775625,0.0,100.0,False
2026-01-09,2026-01-08,RANGE_NORMAL_60_120,CLOSE_POS_UPPER_THIRD,ROWS_STANDARD_9_10,4477.28,PREV_CLOSE_PROXY,,NEUTRAL,4,50.0,75.0,0.0,0.0,2.755,9.7625,6.610845,7.337923,75.0,25.0,50.0,0.0,CANDIDATE_RANKING_FAILURE_LOWER_RANK_CANDIDATE,True,2.755,50.0,75.0,False
2026-01-12,2026-01-09,RANGE_NORMAL_60_120,CLOSE_POS_UPPER_THIRD,ROWS_STANDARD_9_10,4509.3,PREV_CLOSE_PROXY,,NEUTRAL,4,0.0,0.0,0.0,0.0,11.135822,18.572073,0.0,6.355625,0.0,0.0,0.0,50.0,CANDIDATE_GENERATION_FAILURE_GT10,False,11.135822,0.0,0.0,True
2026-01-13,2026-01-12,RANGE_NORMAL_60_120,CLOSE_POS_UPPER_THIRD,ROWS_SPARSE_1_8,4597.38,PREV_CLOSE_PROXY,,NEUTRAL,4,50.0,75.0,25.0,25.0,2.480625,13.618125,9.239375,11.114375,50.0,0.0,50.0,0.0,CANDIDATE_RANKING_FAILURE_LOWER_RANK_CANDIDATE,True,2.480625,50.0,75.0,False
2026-01-14,2026-01-13,RANGE_NORMAL_60_120,CLOSE_POS_LOWER_THIRD,ROWS_STANDARD_9_10,4586.3,PREV_CLOSE_PROXY,,NEUTRAL,4,0.0,0.0,0.0,0.0,24.366667,24.366667,0.0,0.0,0.0,0.0,0.0,75.0,CANDIDATE_GENERATION_FAILURE_GT10,True,24.366667,0.0,0.0,True
2026-01-15,2026-01-14,RANGE_COMPRESSED_0_60,CLOSE_POS_UPPER_THIRD,ROWS_SPARSE_1_8,4626.39,PREV_CLOSE_PROXY,,NEUTRAL,4,0.0,0.0,0.0,0.0,28.450625,41.26625,12.299995,9.923435,0.0,0.0,0.0,100.0,CANDIDATE_GENERATION_FAILURE_GT10,True,28.450625,0.0,0.0,False
2026-01-16,2026-01-15,RANGE_COMPRESSED_0_60,CLOSE_POS_UPPER_THIRD,ROWS_SPARSE_1_8,4615.76,PREV_CLOSE_PROXY,,NEUTRAL,4,25.0,50.0,0.0,0.0,5.365412,12.478125,5.818337,6.452137,50.0,50.0,0.0,25.0,MODE_SELECTION_FAILURE,True,5.365412,25.0,50.0,False
2026-01-19,2026-01-16,RANGE_NORMAL_60_120,CLOSE_POS_UPPER_THIRD,ROWS_SPARSE_1_8,4595.66,PREV_CLOSE_PROXY,,NEUTRAL,4,0.0,25.0,0.0,0.0,9.05625,10.1775,0.0,1.190625,25.0,0.0,25.0,50.0,CANDIDATE_GENERATION_FAILURE_GT10,False,9.05625,0.0,25.0,True
2026-01-20,2026-01-19,RANGE_NORMAL_60_120,CLOSE_POS_UPPER_THIRD,ROWS_STANDARD_9_10,4670.86,PREV_CLOSE_PROXY,,NEUTRAL,4,25.0,100.0,25.0,50.0,3.52,4.545,1.025,4.2625,50.0,0.0,50.0,0.0,CANDIDATE_RANKING_FAILURE_LOWER_RANK_CANDIDATE,True,3.52,25.0,100.0,True
2026-01-21,2026-01-20,RANGE_NORMAL_60_120,CLOSE_POS_UPPER_THIRD,ROWS_EXTENDED_11_PLUS,4763.3,PREV_CLOSE_PROXY,,NEUTRAL,4,0.0,0.0,0.0,0.0,127.24625,127.24625,0.0,0.0,0.0,0.0,0.0,100.0,CANDIDATE_GENERATION_FAILURE_GT10,True,127.24625,0.0,0.0,False
2026-01-22,2026-01-21,RANGE_WIDE_120_220,CLOSE_POS_MIDDLE_THIRD,ROWS_STANDARD_9_10,4831.03,PREV_CLOSE_PROXY,,NEUTRAL,4,0.0,0.0,0.0,0.0,27.892314,39.223855,9.70573,12.839521,0.0,0.0,0.0,100.0,CANDIDATE_GENERATION_FAILURE_GT10,True,27.892314,0.0,0.0,False
2026-01-23,2026-01-22,RANGE_WIDE_120_220,CLOSE_POS_UPPER_THIRD,ROWS_SPARSE_1_8,4936.06,PREV_CLOSE_PROXY,,NEUTRAL,4,50.0,50.0,50.0,50.0,10.7675,10.7675,0.0,0.0,0.0,0.0,0.0,50.0,CANDIDATE_GENERATION_FAILURE_GT10,True,10.7675,50.0,50.0,False
2026-01-26,2026-01-23,RANGE_NORMAL_60_120,CLOSE_POS_UPPER_THIRD,ROWS_EXTENDED_11_PLUS,4987.98,PREV_CLOSE_PROXY,,NEUTRAL,4,0.0,0.0,0.0,0.0,24.654375,53.5875,24.665,27.047187,0.0,0.0,0.0,100.0,CANDIDATE_GENERATION_FAILURE_GT10,True,24.654375,0.0,0.0,False
2026-01-27,2026-01-26,RANGE_WIDE_120_220,CLOSE_POS_LOWER_THIRD,ROWS_STANDARD_9_10,5008.17,PREV_CLOSE_PROXY,,NEUTRAL,4,25.0,25.0,25.0,25.0,11.03625,11.03625,0.0,0.0,0.0,0.0,0.0,50.0,CANDIDATE_GENERATION_FAILURE_GT10,True,11.03625,25.0,25.0,True
2026-01-28,2026-01-27,RANGE_WIDE_120_220,CLOSE_POS_UPPER_THIRD,ROWS_STANDARD_9_10,5181.22,PREV_CLOSE_PROXY,,NEUTRAL,4,0.0,0.0,0.0,0.0,57.155938,66.751563,0.0,5.466875,0.0,0.0,0.0,100.0,CANDIDATE_GENERATION_FAILURE_GT10,True,57.155938,0.0,0.0,False
2026-01-29,2026-01-28,RANGE_EXTREME_220_PLUS,CLOSE_POS_UPPER_THIRD,ROWS_SPARSE_1_8,5417.12,PREV_CLOSE_PROXY,,NEUTRAL,4,0.0,0.0,0.0,0.0,28.4025,36.0175,0.0,17.8275,0.0,0.0,0.0,75.0,CANDIDATE_GENERATION_FAILURE_GT10,True,28.4025,0.0,0.0,False
2026-01-30,2026-01-29,RANGE_EXTREME_220_PLUS,CLOSE_POS_MIDDLE_THIRD,ROWS_STANDARD_9_10,5370.92,PREV_CLOSE_PROXY,,NEUTRAL,4,0.0,0.0,0.0,0.0,85.96875,133.658415,11.25,32.69875,0.0,0.0,0.0,100.0,CANDIDATE_GENERATION_FAILURE_GT10,True,85.96875,0.0,0.0,True
2026-02-02,2026-01-30,RANGE_EXTREME_220_PLUS,CLOSE_POS_LOWER_THIRD,ROWS_EXTENDED_11_PLUS,4885.18,PREV_CLOSE_PROXY,,NEUTRAL,4,0.0,0.0,0.0,0.0,133.519039,133.519039,0.0,0.0,0.0,0.0,0.0,100.0,CANDIDATE_GENERATION_FAILURE_GT10,True,133.519039,0.0,0.0,False
2026-02-03,2026-02-02,RANGE_EXTREME_220_PLUS,CLOSE_POS_MIDDLE_THIRD,ROWS_EXTENDED_11_PLUS,4660.96,PREV_CLOSE_PROXY,,NEUTRAL,4,0.0,0.0,0.0,0.0,105.6025,105.6025,0.0,0.0,0.0,0.0,0.0,100.0,CANDIDATE_GENERATION_FAILURE_GT10,True,105.6025,0.0,0.0,False
2026-02-04,2026-02-03,RANGE_EXTREME_220_PLUS,CLOSE_POS_UPPER_THIRD,ROWS_STANDARD_9_10,4946.72,PREV_CLOSE_PROXY,,NEUTRAL,4,0.0,0.0,0.0,0.0,106.741304,106.741304,0.0,0.0,0.0,0.0,0.0,100.0,CANDIDATE_GENERATION_FAILURE_GT10,True,106.741304,0.0,0.0,False
2026-02-05,2026-02-04,RANGE_EXTREME_220_PLUS,CLOSE_POS_MIDDLE_THIRD,ROWS_EXTENDED_11_PLUS,4964.74,PREV_CLOSE_PROXY,,NEUTRAL,4,0.0,0.0,0.0,0.0,152.3725,152.3725,0.0,0.0,0.0,0.0,0.0,100.0,CANDIDATE_GENERATION_FAILURE_GT10,True,152.3725,0.0,0.0,False
2026-02-06,2026-02-05,RANGE_EXTREME_220_PLUS,CLOSE_POS_LOWER_THIRD,ROWS_EXTENDED_11_PLUS,4779.46,PREV_CLOSE_PROXY,,NEUTRAL,4,25.0,25.0,25.0,25.0,16.03,18.8125,0.0,1.39125,0.0,0.0,0.0,50.0,CANDIDATE_GENERATION_FAILURE_GT10,True,16.03,25.0,25.0,False
2026-02-09,2026-02-06,RANGE_EXTREME_220_PLUS,CLOSE_POS_UPPER_THIRD,ROWS_STANDARD_9_10,4965.74,PREV_CLOSE_PROXY,,NEUTRAL,4,0.0,0.0,0.0,0.0,23.860625,23.860625,0.0,0.0,0.0,0.0,0.0,100.0,CANDIDATE_GENERATION_FAILURE_GT10,True,23.860625,0.0,0.0,False
2026-02-10,2026-02-09,RANGE_WIDE_120_220,CLOSE_POS_UPPER_THIRD,ROWS_STANDARD_9_10,5057.94,PREV_CLOSE_PROXY,,NEUTRAL,4,0.0,25.0,0.0,25.0,29.485,29.485,0.0,0.0,0.0,0.0,0.0,75.0,CANDIDATE_GENERATION_FAILURE_GT10,True,29.485,0.0,25.0,True
2026-02-11,2026-02-10,RANGE_NORMAL_60_120,CLOSE_POS_MIDDLE_THIRD,ROWS_STANDARD_9_10,5025.3,PREV_CLOSE_PROXY,,NEUTRAL,4,25.0,25.0,25.0,25.0,29.06125,36.17672,7.11547,14.880235,0.0,0.0,0.0,75.0,CANDIDATE_GENERATION_FAILURE_GT10,True,29.06125,25.0,25.0,True
2026-02-12,2026-02-11,RANGE_NORMAL_60_120,CLOSE_POS_MIDDLE_THIRD,ROWS_EXTENDED_11_PLUS,5084.24,PREV_CLOSE_PROXY,,NEUTRAL,4,50.0,50.0,50.0,50.0,4.265,4.265,0.0,0.0,0.0,0.0,0.0,0.0,ORACLE_ONLY_REDUCES_ERROR_NOT_WITHIN_5,True,4.265,50.0,50.0,False
2026-02-13,2026-02-12,RANGE_EXTREME_220_PLUS,CLOSE_POS_LOWER_THIRD,ROWS_SPARSE_1_8,4921.64,PREV_CLOSE_PROXY,,NEUTRAL,4,0.0,0.0,0.0,0.0,8.901703,47.898333,31.168297,26.850815,0.0,0.0,0.0,25.0,ORACLE_ONLY_REDUCES_ERROR_NOT_WITHIN_5,True,8.901703,0.0,0.0,True
2026-02-16,2026-02-13,RANGE_WIDE_120_220,CLOSE_POS_UPPER_THIRD,ROWS_SPARSE_1_8,5042.46,PREV_CLOSE_PROXY,,NEUTRAL,4,0.0,25.0,0.0,25.0,16.14625,24.97125,0.0,4.4125,0.0,0.0,0.0,75.0,CANDIDATE_GENERATION_FAILURE_GT10,True,16.14625,0.0,25.0,False
2026-02-17,2026-02-16,RANGE_NORMAL_60_120,CLOSE_POS_MIDDLE_THIRD,ROWS_STANDARD_9_10,4993.64,PREV_CLOSE_PROXY,,NEUTRAL,4,0.0,50.0,0.0,0.0,13.574375,24.315625,16.445625,15.170625,50.0,0.0,50.0,50.0,CANDIDATE_GENERATION_FAILURE_GT10,True,13.574375,0.0,50.0,True
2026-02-18,2026-02-17,RANGE_WIDE_120_220,CLOSE_POS_LOWER_THIRD,ROWS_STANDARD_9_10,4877.1,PREV_CLOSE_PROXY,,NEUTRAL,4,50.0,75.0,0.0,0.0,1.685,22.17032,20.61,17.12016,75.0,0.0,75.0,0.0,CANDIDATE_RANKING_FAILURE_LOWER_RANK_CANDIDATE,True,1.685,50.0,75.0,True
2026-02-19,2026-02-18,RANGE_WIDE_120_220,CLOSE_POS_UPPER_THIRD,ROWS_EXTENDED_11_PLUS,4977.24,PREV_CLOSE_PROXY,,NEUTRAL,4,0.0,0.0,0.0,0.0,30.52125,47.761875,0.0,13.761563,0.0,0.0,0.0,100.0,CANDIDATE_GENERATION_FAILURE_GT10,True,30.52125,0.0,0.0,False
2026-02-20,2026-02-19,RANGE_NORMAL_60_120,CLOSE_POS_MIDDLE_THIRD,ROWS_STANDARD_9_10,4995.96,PREV_CLOSE_PROXY,,NEUTRAL,4,25.0,50.0,0.0,0.0,7.318125,11.44875,8.227084,9.491823,50.0,0.0,50.0,50.0,CANDIDATE_GENERATION_FAILURE_GT10,True,7.318125,25.0,50.0,False
2026-02-23,2026-02-20,RANGE_WIDE_120_220,CLOSE_POS_UPPER_THIRD,ROWS_EXTENDED_11_PLUS,5107.8,PREV_CLOSE_PROXY,,NEUTRAL,4,0.0,0.0,0.0,0.0,19.778334,26.56,0.0,5.243333,0.0,0.0,0.0,100.0,CANDIDATE_GENERATION_FAILURE_GT10,True,19.778334,0.0,0.0,False
2026-02-24,2026-02-23,RANGE_WIDE_120_220,CLOSE_POS_UPPER_THIRD,ROWS_EXTENDED_11_PLUS,5227.5,PREV_CLOSE_PROXY,,NEUTRAL,4,25.0,50.0,25.0,25.0,6.1775,10.048125,1.486875,6.010625,25.0,0.0,25.0,0.0,ORACLE_ONLY_REDUCES_ERROR_NOT_WITHIN_5,True,6.1775,25.0,50.0,False
2026-02-25,2026-02-24,RANGE_WIDE_120_220,CLOSE_POS_LOWER_THIRD,ROWS_EXTENDED_11_PLUS,5143.76,PREV_CLOSE_PROXY,,NEUTRAL,4,0.0,0.0,0.0,0.0,17.022545,17.022545,0.0,0.0,0.0,0.0,0.0,100.0,CANDIDATE_GENERATION_FAILURE_GT10,True,17.022545,0.0,0.0,False
2026-02-26,2026-02-25,RANGE_NORMAL_60_120,CLOSE_POS_MIDDLE_THIRD,ROWS_SPARSE_1_8,5164.84,PREV_CLOSE_PROXY,,NEUTRAL,4,25.0,25.0,0.0,0.0,23.480625,44.60875,17.679703,14.645789,25.0,0.0,25.0,75.0,CANDIDATE_GENERATION_FAILURE_GT10,True,23.480625,25.0,25.0,False
2026-02-27,2026-02-26,RANGE_NORMAL_60_120,CLOSE_POS_UPPER_THIRD,ROWS_STANDARD_9_10,5185.0,PREV_CLOSE_PROXY,,NEUTRAL,4,0.0,0.0,0.0,0.0,23.57376,41.67,5.79374,9.49312,0.0,0.0,0.0,50.0,CANDIDATE_GENERATION_FAILURE_GT10,True,23.57376,0.0,0.0,False
2026-03-02,2026-02-27,RANGE_NORMAL_60_120,CLOSE_POS_UPPER_THIRD,ROWS_EXTENDED_11_PLUS,5280.0,PREV_CLOSE_PROXY,,NEUTRAL,4,50.0,75.0,50.0,75.0,2.97,2.97,0.0,16.75,0.0,0.0,0.0,25.0,ROUTER_ACCEPTABLE_WITHIN_5,True,2.97,50.0,75.0,False
2026-03-03,2026-03-02,RANGE_WIDE_120_220,CLOSE_POS_MIDDLE_THIRD,ROWS_STANDARD_9_10,5321.84,PREV_CLOSE_PROXY,,NEUTRAL,4,0.0,0.0,0.0,0.0,31.031641,66.305,35.866639,33.69082,0.0,0.0,0.0,100.0,CANDIDATE_GENERATION_FAILURE_GT10,True,31.031641,0.0,0.0,False
2026-03-04,2026-03-03,RANGE_EXTREME_220_PLUS,CLOSE_POS_LOWER_THIRD,ROWS_STANDARD_9_10,5088.24,PREV_CLOSE_PROXY,,NEUTRAL,4,0.0,0.0,0.0,0.0,20.705625,20.705625,0.0,0.0,0.0,0.0,0.0,75.0,CANDIDATE_GENERATION_FAILURE_GT10,False,20.705625,0.0,0.0,True
2026-03-05,2026-03-04,RANGE_WIDE_120_220,CLOSE_POS_MIDDLE_THIRD,ROWS_STANDARD_9_10,5141.1,PREV_CLOSE_PROXY,,NEUTRAL,4,50.0,50.0,25.0,25.0,5.75875,13.36125,0.0,6.578675,25.0,0.0,25.0,25.0,CANDIDATE_GENERATION_FAILURE_GT10,True,5.75875,50.0,50.0,True
2026-03-06,2026-03-05,RANGE_WIDE_120_220,CLOSE_POS_LOWER_THIRD,ROWS_SPARSE_1_8,5081.02,PREV_CLOSE_PROXY,,NEUTRAL,4,0.0,0.0,0.0,0.0,11.1825,29.77392,18.59142,16.04071,0.0,0.0,0.0,100.0,CANDIDATE_GENERATION_FAILURE_GT10,True,11.1825,0.0,0.0,True
2026-03-09,2026-03-06,RANGE_NORMAL_60_120,CLOSE_POS_UPPER_THIRD,ROWS_STANDARD_9_10,5174.64,PREV_CLOSE_PROXY,,NEUTRAL,4,0.0,25.0,0.0,0.0,15.4425,15.66,0.0,1.698343,25.0,25.0,0.0,50.0,CANDIDATE_GENERATION_FAILURE_GT10,True,15.4425,0.0,25.0,False
2026-03-10,2026-03-09,RANGE_WIDE_120_220,CLOSE_POS_MIDDLE_THIRD,ROWS_STANDARD_9_10,5136.66,PREV_CLOSE_PROXY,,NEUTRAL,4,25.0,25.0,0.0,0.0,16.94398,49.664375,27.256875,30.019375,25.0,0.0,25.0,75.0,CANDIDATE_GENERATION_FAILURE_GT10,False,16.94398,25.0,25.0,False
2026-03-11,2026-03-10,RANGE_WIDE_120_220,CLOSE_POS_MIDDLE_THIRD,ROWS_STANDARD_9_10,5192.64,PREV_CLOSE_PROXY,,NEUTRAL,4,25.0,25.0,0.0,0.0,11.521667,23.870625,6.290625,9.808125,25.0,0.0,25.0,50.0,CANDIDATE_GENERATION_FAILURE_GT10,True,11.521667,25.0,25.0,True
2026-03-12,2026-03-11,RANGE_NORMAL_60_120,CLOSE_POS_MIDDLE_THIRD,ROWS_STANDARD_9_10,5175.96,PREV_CLOSE_PROXY,,NEUTRAL,4,50.0,50.0,25.0,25.0,6.87,19.72234,11.98234,9.74117,25.0,0.0,25.0,50.0,CANDIDATE_GENERATION_FAILURE_GT10,True,6.87,50.0,50.0,False
2026-03-13,2026-03-12,RANGE_WIDE_120_220,CLOSE_POS_LOWER_THIRD,ROWS_STANDARD_9_10,5079.04,PREV_CLOSE_PROXY,,NEUTRAL,4,75.0,75.0,25.0,25.0,1.34,20.64625,16.804295,15.330897,50.0,0.0,50.0,25.0,CANDIDATE_RANKING_FAILURE_LOWER_RANK_CANDIDATE,True,1.34,75.0,75.0,True
2026-03-16,2026-03-13,RANGE_NORMAL_60_120,CLOSE_POS_LOWER_THIRD,ROWS_STANDARD_9_10,5018.66,PREV_CLOSE_PROXY,,NEUTRAL,4,25.0,25.0,0.0,0.0,7.703333,25.97,23.381667,24.533333,25.0,0.0,25.0,50.0,CANDIDATE_GENERATION_FAILURE_GT10,True,7.703333,25.0,25.0,False
2026-03-17,2026-03-16,RANGE_NORMAL_60_120,CLOSE_POS_MIDDLE_THIRD,ROWS_SPARSE_1_8,5006.25,PREV_CLOSE_PROXY,,NEUTRAL,4,25.0,75.0,0.0,25.0,3.89625,15.292489,4.40625,8.765625,50.0,25.0,25.0,25.0,CANDIDATE_GENERATION_FAILURE_GT10,True,3.89625,25.0,75.0,True
2026-03-18,2026-03-17,RANGE_NORMAL_60_120,CLOSE_POS_MIDDLE_THIRD,ROWS_EXTENDED_11_PLUS,5005.5,PREV_CLOSE_PROXY,,NEUTRAL,4,25.0,25.0,25.0,25.0,7.05,7.05,0.0,0.0,0.0,0.0,0.0,25.0,ORACLE_ONLY_REDUCES_ERROR_NOT_WITHIN_5,True,7.05,25.0,25.0,True
2026-03-19,2026-03-18,RANGE_WIDE_120_220,CLOSE_POS_LOWER_THIRD,ROWS_EXTENDED_11_PLUS,4818.64,PREV_CLOSE_PROXY,,NEUTRAL,4,0.0,0.0,0.0,0.0,112.84375,125.1954,0.0,6.175825,0.0,0.0,0.0,100.0,CANDIDATE_GENERATION_FAILURE_GT10,True,112.84375,0.0,0.0,False
2026-03-20,2026-03-19,RANGE_EXTREME_220_PLUS,CLOSE_POS_MIDDLE_THIRD,ROWS_STANDARD_9_10,4650.38,PREV_CLOSE_PROXY,,NEUTRAL,4,0.0,0.0,0.0,0.0,89.59,89.59,0.0,0.0,0.0,0.0,0.0,100.0,CANDIDATE_GENERATION_FAILURE_GT10,True,89.59,0.0,0.0,False
2026-03-23,2026-03-20,RANGE_EXTREME_220_PLUS,CLOSE_POS_LOWER_THIRD,ROWS_STANDARD_9_10,4498.06,PREV_CLOSE_PROXY,,NEUTRAL,4,25.0,50.0,25.0,25.0,11.2025,24.64,3.0275,8.2325,25.0,0.0,25.0,50.0,CANDIDATE_GENERATION_FAILURE_GT10,True,11.2025,25.0,50.0,True
2026-03-24,2026-03-23,RANGE_EXTREME_220_PLUS,CLOSE_POS_UPPER_THIRD,ROWS_STANDARD_9_10,4406.68,PREV_CLOSE_PROXY,,NEUTRAL,4,25.0,25.0,25.0,25.0,36.82316,51.041285,14.218125,14.218125,0.0,0.0,0.0,75.0,CANDIDATE_GENERATION_FAILURE_GT10,True,36.82316,25.0,25.0,True
2026-03-25,2026-03-24,RANGE_WIDE_120_220,CLOSE_POS_UPPER_THIRD,ROWS_STANDARD_9_10,4474.36,PREV_CLOSE_PROXY,,NEUTRAL,4,0.0,0.0,0.0,0.0,17.194584,35.22,7.54375,9.012708,0.0,0.0,0.0,75.0,CANDIDATE_GENERATION_FAILURE_GT10,False,17.194584,0.0,0.0,False
2026-03-26,2026-03-25,RANGE_WIDE_120_220,CLOSE_POS_MIDDLE_THIRD,ROWS_STANDARD_9_10,4506.28,PREV_CLOSE_PROXY,,NEUTRAL,4,50.0,50.0,25.0,25.0,4.625,10.22,0.0,4.575,25.0,0.0,25.0,25.0,CANDIDATE_GENERATION_FAILURE_GT10,True,4.625,50.0,50.0,True
2026-03-27,2026-03-26,RANGE_WIDE_120_220,CLOSE_POS_LOWER_THIRD,ROWS_STANDARD_9_10,4378.0,PREV_CLOSE_PROXY,,NEUTRAL,4,0.0,0.0,0.0,0.0,15.44228,33.125,8.315,10.59,0.0,0.0,0.0,75.0,CANDIDATE_GENERATION_FAILURE_GT10,True,15.44228,0.0,0.0,True
2026-03-30,2026-03-27,RANGE_WIDE_120_220,CLOSE_POS_MIDDLE_THIRD,ROWS_STANDARD_9_10,4495.46,PREV_CLOSE_PROXY,,NEUTRAL,4,25.0,25.0,0.0,0.0,9.289583,34.88875,29.265,27.432396,25.0,0.0,25.0,50.0,CANDIDATE_GENERATION_FAILURE_GT10,True,9.289583,25.0,25.0,True
2026-03-31,2026-03-30,RANGE_WIDE_120_220,CLOSE_POS_MIDDLE_THIRD,ROWS_SPARSE_1_8,4511.02,PREV_CLOSE_PROXY,,NEUTRAL,4,75.0,100.0,25.0,50.0,1.569375,13.45125,10.064375,10.48875,50.0,0.0,50.0,0.0,CANDIDATE_RANKING_FAILURE_LOWER_RANK_CANDIDATE,True,1.569375,75.0,100.0,False
2026-04-01,2026-03-31,RANGE_WIDE_120_220,CLOSE_POS_UPPER_THIRD,ROWS_STANDARD_9_10,4667.12,PREV_CLOSE_PROXY,,NEUTRAL,4,0.0,50.0,0.0,25.0,5.3275,36.9,13.19875,22.98875,25.0,0.0,25.0,25.0,CANDIDATE_GENERATION_FAILURE_GT10,True,5.3275,0.0,50.0,True
2026-04-02,2026-04-01,RANGE_WIDE_120_220,CLOSE_POS_UPPER_THIRD,ROWS_EXTENDED_11_PLUS,4758.18,PREV_CLOSE_PROXY,,NEUTRAL,4,25.0,25.0,25.0,25.0,10.155,12.0775,1.9225,5.77375,0.0,0.0,0.0,50.0,CANDIDATE_GENERATION_FAILURE_GT10,True,10.155,25.0,25.0,True
2026-04-03,2026-04-02,RANGE_EXTREME_220_PLUS,CLOSE_POS_MIDDLE_THIRD,ROWS_STANDARD_9_10,4676.04,PREV_CLOSE_PROXY,,NEUTRAL,4,0.0,0.0,0.0,0.0,19.1025,36.2775,6.415,13.425,0.0,0.0,0.0,100.0,CANDIDATE_GENERATION_FAILURE_GT10,True,19.1025,0.0,0.0,False
2026-04-06,2026-04-02,RANGE_EXTREME_220_PLUS,CLOSE_POS_MIDDLE_THIRD,ROWS_STANDARD_9_10,4676.04,PREV_CLOSE_PROXY,,NEUTRAL,4,50.0,50.0,50.0,50.0,3.183415,12.529208,6.8525,14.180396,0.0,0.0,0.0,25.0,ROUTER_ACCEPTABLE_WITHIN_5,True,3.183415,50.0,50.0,True
2026-04-07,2026-04-06,RANGE_NORMAL_60_120,CLOSE_POS_MIDDLE_THIRD,ROWS_STANDARD_9_10,4650.5,PREV_CLOSE_PROXY,,NEUTRAL,4,25.0,50.0,0.0,0.0,8.439583,26.88126,15.762916,21.340838,50.0,25.0,25.0,50.0,CANDIDATE_GENERATION_FAILURE_GT10,True,8.439583,25.0,50.0,True
2026-04-08,2026-04-07,RANGE_NORMAL_60_120,CLOSE_POS_UPPER_THIRD,ROWS_STANDARD_9_10,4705.73,PREV_CLOSE_PROXY,,NEUTRAL,4,25.0,25.0,25.0,25.0,8.96336,30.2375,15.4625,15.846241,0.0,0.0,0.0,50.0,CANDIDATE_GENERATION_FAILURE_GT10,True,8.96336,25.0,25.0,False
2026-04-09,2026-04-08,RANGE_WIDE_120_220,CLOSE_POS_LOWER_THIRD,ROWS_STANDARD_9_10,4719.26,PREV_CLOSE_PROXY,,NEUTRAL,4,0.0,25.0,0.0,0.0,6.05375,12.23,0.0,6.741652,25.0,0.0,25.0,25.0,ORACLE_ONLY_REDUCES_ERROR_NOT_WITHIN_5,True,6.05375,0.0,25.0,True
2026-04-10,2026-04-09,RANGE_NORMAL_60_120,CLOSE_POS_MIDDLE_THIRD,ROWS_STANDARD_9_10,4765.5,PREV_CLOSE_PROXY,,NEUTRAL,4,25.0,50.0,0.0,25.0,10.745,23.75858,14.36108,13.49429,25.0,0.0,25.0,50.0,CANDIDATE_GENERATION_FAILURE_GT10,True,10.745,25.0,50.0,False
2026-04-13,2026-04-10,RANGE_NORMAL_60_120,CLOSE_POS_LOWER_THIRD,ROWS_STANDARD_9_10,4749.18,PREV_CLOSE_PROXY,,NEUTRAL,4,25.0,25.0,0.0,0.0,12.756875,33.125833,23.758333,20.704791,25.0,0.0,25.0,50.0,CANDIDATE_GENERATION_FAILURE_GT10,True,12.756875,25.0,25.0,False
2026-04-14,2026-04-13,RANGE_NORMAL_60_120,CLOSE_POS_UPPER_THIRD,ROWS_STANDARD_9_10,4740.3,PREV_CLOSE_PROXY,,NEUTRAL,4,0.0,50.0,0.0,25.0,6.66,20.844375,6.633125,8.968336,25.0,0.0,25.0,25.0,CANDIDATE_GENERATION_FAILURE_GT10,True,6.66,0.0,50.0,False
2026-04-15,2026-04-14,RANGE_NORMAL_60_120,CLOSE_POS_UPPER_THIRD,ROWS_STANDARD_9_10,4841.68,PREV_CLOSE_PROXY,,NEUTRAL,4,50.0,50.0,0.0,0.0,3.73125,10.82875,3.96375,5.886359,50.0,25.0,25.0,25.0,CANDIDATE_GENERATION_FAILURE_GT10,True,3.73125,50.0,50.0,False
2026-04-16,2026-04-15,RANGE_NORMAL_60_120,CLOSE_POS_LOWER_THIRD,ROWS_STANDARD_9_10,4790.68,PREV_CLOSE_PROXY,,NEUTRAL,4,25.0,25.0,25.0,25.0,11.90318,11.90318,0.0,0.0,0.0,0.0,0.0,50.0,CANDIDATE_GENERATION_FAILURE_GT10,True,11.90318,25.0,25.0,False
2026-04-17,2026-04-16,RANGE_NORMAL_60_120,CLOSE_POS_LOWER_THIRD,ROWS_STANDARD_9_10,4790.78,PREV_CLOSE_PROXY,,NEUTRAL,4,0.0,0.0,0.0,0.0,10.990625,24.179792,4.955417,6.966771,0.0,0.0,0.0,50.0,CANDIDATE_GENERATION_FAILURE_GT10,True,10.990625,0.0,0.0,True
2026-04-20,2026-04-17,RANGE_WIDE_120_220,CLOSE_POS_MIDDLE_THIRD,ROWS_STANDARD_9_10,4832.42,PREV_CLOSE_PROXY,,NEUTRAL,4,0.0,25.0,0.0,25.0,6.4272,7.3075,0.0,1.78765,0.0,0.0,0.0,0.0,ORACLE_ONLY_REDUCES_ERROR_NOT_WITHIN_5,True,6.4272,0.0,25.0,True
2026-04-21,2026-04-20,RANGE_NORMAL_60_120,CLOSE_POS_UPPER_THIRD,ROWS_STANDARD_9_10,4820.66,PREV_CLOSE_PROXY,,NEUTRAL,4,25.0,25.0,0.0,0.0,12.24,15.186257,5.189382,6.361566,25.0,25.0,0.0,50.0,CANDIDATE_GENERATION_FAILURE_GT10,True,12.24,25.0,25.0,False
2026-04-22,2026-04-21,RANGE_WIDE_120_220,CLOSE_POS_LOWER_THIRD,ROWS_STANDARD_9_10,4720.06,PREV_CLOSE_PROXY,,NEUTRAL,4,50.0,50.0,50.0,50.0,4.771667,4.771667,0.0,0.0,0.0,0.0,0.0,25.0,ROUTER_ACCEPTABLE_WITHIN_5,True,4.771667,50.0,50.0,True
2026-04-23,2026-04-22,RANGE_COMPRESSED_0_60,CLOSE_POS_MIDDLE_THIRD,ROWS_EXTENDED_11_PLUS,4740.18,PREV_CLOSE_PROXY,,NEUTRAL,4,0.0,0.0,0.0,0.0,70.58,70.58,0.0,0.0,0.0,0.0,0.0,100.0,CANDIDATE_GENERATION_FAILURE_GT10,True,70.58,0.0,0.0,True
2026-04-24,2026-04-23,RANGE_NORMAL_60_120,CLOSE_POS_MIDDLE_THIRD,ROWS_STANDARD_9_10,4694.36,PREV_CLOSE_PROXY,,NEUTRAL,4,0.0,0.0,0.0,0.0,37.165,54.9525,16.165834,16.976667,0.0,0.0,0.0,75.0,CANDIDATE_GENERATION_FAILURE_GT10,True,37.165,0.0,0.0,False
2026-04-27,2026-04-24,RANGE_NORMAL_60_120,CLOSE_POS_MIDDLE_THIRD,ROWS_EXTENDED_11_PLUS,4707.26,PREV_CLOSE_PROXY,,NEUTRAL,4,0.0,0.0,0.0,0.0,50.0725,54.432917,0.0,3.75,0.0,0.0,0.0,100.0,CANDIDATE_GENERATION_FAILURE_GT10,True,50.0725,0.0,0.0,False
2026-04-28,2026-04-27,RANGE_NORMAL_60_120,CLOSE_POS_LOWER_THIRD,ROWS_STANDARD_9_10,4681.76,PREV_CLOSE_PROXY,,NEUTRAL,4,0.0,50.0,0.0,25.0,5.140417,22.836875,14.566875,15.996562,25.0,0.0,25.0,25.0,CANDIDATE_GENERATION_FAILURE_GT10,True,5.140417,0.0,50.0,True
2026-04-29,2026-04-28,RANGE_WIDE_120_220,CLOSE_POS_LOWER_THIRD,ROWS_STANDARD_9_10,4597.2,PREV_CLOSE_PROXY,,NEUTRAL,4,50.0,50.0,50.0,50.0,4.86,5.0675,0.0575,1.23125,0.0,0.0,0.0,0.0,ORACLE_ONLY_REDUCES_ERROR_NOT_WITHIN_5,True,4.86,50.0,50.0,True
2026-04-30,2026-04-29,RANGE_NORMAL_60_120,CLOSE_POS_LOWER_THIRD,ROWS_STANDARD_9_10,4543.48,PREV_CLOSE_PROXY,,NEUTRAL,4,0.0,0.0,0.0,0.0,17.165,27.1875,4.6875,5.78125,0.0,0.0,0.0,100.0,CANDIDATE_GENERATION_FAILURE_GT10,True,17.165,0.0,0.0,True
2026-05-01,2026-04-30,RANGE_NORMAL_60_120,CLOSE_POS_UPPER_THIRD,ROWS_STANDARD_9_10,4621.76,PREV_CLOSE_PROXY,,NEUTRAL,4,25.0,25.0,25.0,25.0,22.305,32.9275,0.0,5.31125,0.0,0.0,0.0,50.0,CANDIDATE_GENERATION_FAILURE_GT10,True,22.305,25.0,25.0,False
2026-05-04,2026-05-01,RANGE_NORMAL_60_120,CLOSE_POS_MIDDLE_THIRD,ROWS_STANDARD_9_10,4615.53,PREV_CLOSE_PROXY,,NEUTRAL,4,0.0,50.0,0.0,25.0,5.945625,25.429115,8.126875,15.940313,25.0,0.0,25.0,25.0,CANDIDATE_GENERATION_FAILURE_GT10,True,5.945625,0.0,50.0,False
2026-05-05,2026-05-04,RANGE_WIDE_120_220,CLOSE_POS_LOWER_THIRD,ROWS_EXTENDED_11_PLUS,4523.73,PREV_CLOSE_PROXY,,NEUTRAL,4,25.0,25.0,0.0,0.0,8.0475,60.5875,52.54,51.776875,25.0,25.0,0.0,50.0,CANDIDATE_GENERATION_FAILURE_GT10,True,8.0475,25.0,25.0,False
2026-05-06,2026-05-05,RANGE_NORMAL_60_120,CLOSE_POS_MIDDLE_THIRD,ROWS_STANDARD_9_10,4557.19,PREV_CLOSE_PROXY,,NEUTRAL,4,50.0,50.0,0.0,0.0,7.3175,23.87125,19.69375,23.255,50.0,0.0,50.0,50.0,CANDIDATE_GENERATION_FAILURE_GT10,True,7.3175,50.0,50.0,True
2026-05-07,2026-05-06,RANGE_WIDE_120_220,CLOSE_POS_UPPER_THIRD,ROWS_STANDARD_9_10,4690.84,PREV_CLOSE_PROXY,,NEUTRAL,4,0.0,0.0,0.0,0.0,23.21375,23.21375,0.0,6.459375,0.0,0.0,0.0,100.0,CANDIDATE_GENERATION_FAILURE_GT10,True,23.21375,0.0,0.0,True
2026-05-08,2026-05-07,RANGE_NORMAL_60_120,CLOSE_POS_LOWER_THIRD,ROWS_STANDARD_9_10,4687.08,PREV_CLOSE_PROXY,,NEUTRAL,4,0.0,50.0,0.0,25.0,9.575625,19.874368,2.765625,5.349684,25.0,0.0,25.0,50.0,CANDIDATE_GENERATION_FAILURE_GT10,False,9.575625,0.0,50.0,False
2026-05-11,2026-05-08,RANGE_NORMAL_60_120,CLOSE_POS_MIDDLE_THIRD,ROWS_STANDARD_9_10,4715.62,PREV_CLOSE_PROXY,,NEUTRAL,4,50.0,50.0,25.0,25.0,4.364375,25.78,8.03875,16.657812,25.0,0.0,25.0,25.0,CANDIDATE_GENERATION_FAILURE_GT10,True,4.364375,50.0,50.0,True
2026-05-12,2026-05-11,RANGE_NORMAL_60_120,CLOSE_POS_UPPER_THIRD,ROWS_STANDARD_9_10,4734.64,PREV_CLOSE_PROXY,,NEUTRAL,4,25.0,25.0,25.0,25.0,8.106875,12.794375,0.0,2.34375,0.0,0.0,0.0,25.0,ORACLE_ONLY_REDUCES_ERROR_NOT_WITHIN_5,True,8.106875,25.0,25.0,False
2026-05-13,2026-05-12,RANGE_WIDE_120_220,CLOSE_POS_MIDDLE_THIRD,ROWS_STANDARD_9_10,4715.15,PREV_CLOSE_PROXY,,NEUTRAL,4,25.0,50.0,0.0,0.0,6.655,26.815439,21.620439,18.453345,50.0,25.0,25.0,50.0,CANDIDATE_GENERATION_FAILURE_GT10,True,6.655,25.0,50.0,True
2026-05-14,2026-05-13,RANGE_COMPRESSED_0_60,CLOSE_POS_MIDDLE_THIRD,ROWS_STANDARD_9_10,4688.78,PREV_CLOSE_PROXY,,NEUTRAL,4,0.0,0.0,0.0,0.0,26.331875,30.33,0.0,4.771562,0.0,0.0,0.0,100.0,CANDIDATE_GENERATION_FAILURE_GT10,True,26.331875,0.0,0.0,True
2026-05-15,2026-05-14,RANGE_NORMAL_60_120,CLOSE_POS_LOWER_THIRD,ROWS_STANDARD_9_10,4652.36,PREV_CLOSE_PROXY,,NEUTRAL,4,25.0,50.0,25.0,50.0,7.939154,11.914155,0.0,7.87625,0.0,0.0,0.0,50.0,CANDIDATE_GENERATION_FAILURE_GT10,True,7.939154,25.0,50.0,False
2026-05-18,2026-05-15,RANGE_WIDE_120_220,CLOSE_POS_LOWER_THIRD,ROWS_STANDARD_9_10,4538.64,PREV_CLOSE_PROXY,,NEUTRAL,4,75.0,75.0,25.0,25.0,0.49,20.548125,20.058125,19.118013,50.0,0.0,50.0,0.0,CANDIDATE_RANKING_FAILURE_LOWER_RANK_CANDIDATE,True,0.49,75.0,75.0,True
2026-05-19,2026-05-18,RANGE_NORMAL_60_120,CLOSE_POS_UPPER_THIRD,ROWS_STANDARD_9_10,4566.12,PREV_CLOSE_PROXY,,NEUTRAL,4,0.0,0.0,0.0,0.0,18.7275,18.7275,0.0,0.47,0.0,0.0,0.0,75.0,CANDIDATE_GENERATION_FAILURE_GT10,True,18.7275,0.0,0.0,True
2026-05-20,2026-05-19,RANGE_WIDE_120_220,CLOSE_POS_LOWER_THIRD,ROWS_STANDARD_9_10,4481.92,PREV_CLOSE_PROXY,,NEUTRAL,4,50.0,75.0,0.0,25.0,3.122521,20.22524,15.72274,16.231359,50.0,0.0,50.0,0.0,CANDIDATE_RANKING_FAILURE_LOWER_RANK_CANDIDATE,True,3.122521,50.0,75.0,False
2026-05-21,2026-05-20,RANGE_NORMAL_60_120,CLOSE_POS_UPPER_THIRD,ROWS_STANDARD_9_10,4543.62,PREV_CLOSE_PROXY,,NEUTRAL,4,0.0,0.0,0.0,0.0,18.3125,36.075,3.75,8.88125,0.0,0.0,0.0,75.0,CANDIDATE_GENERATION_FAILURE_GT10,False,18.3125,0.0,0.0,False
2026-05-22,2026-05-21,RANGE_NORMAL_60_120,CLOSE_POS_MIDDLE_THIRD,ROWS_STANDARD_9_10,4543.05,PREV_CLOSE_PROXY,,NEUTRAL,4,50.0,75.0,0.0,0.0,2.903015,37.755,25.96636,27.020367,75.0,0.0,75.0,25.0,CANDIDATE_RANKING_FAILURE_LOWER_RANK_CANDIDATE,False,2.903015,50.0,75.0,False
2026-05-25,2026-05-22,RANGE_COMPRESSED_0_60,CLOSE_POS_LOWER_THIRD,ROWS_EXTENDED_11_PLUS,4507.9,PREV_CLOSE_PROXY,,NEUTRAL,4,0.0,0.0,0.0,0.0,28.485,28.485,0.0,0.0,0.0,0.0,0.0,100.0,CANDIDATE_GENERATION_FAILURE_GT10,True,28.485,0.0,0.0,False
2026-05-26,2026-05-25,RANGE_COMPRESSED_0_60,CLOSE_POS_UPPER_THIRD,ROWS_STANDARD_9_10,4570.94,PREV_CLOSE_PROXY,,NEUTRAL,4,0.0,0.0,0.0,0.0,15.964592,15.964592,0.0,0.0,0.0,0.0,0.0,100.0,CANDIDATE_GENERATION_FAILURE_GT10,True,15.964592,0.0,0.0,False
2026-05-27,2026-05-26,RANGE_NORMAL_60_120,CLOSE_POS_LOWER_THIRD,ROWS_SPARSE_1_8,4507.47,PREV_CLOSE_PROXY,,NEUTRAL,4,50.0,50.0,0.0,0.0,4.79,18.9078,14.3428,17.3339,50.0,0.0,50.0,25.0,CANDIDATE_RANKING_FAILURE_LOWER_RANK_CANDIDATE,True,4.79,50.0,50.0,False
2026-05-28,2026-05-27,RANGE_WIDE_120_220,CLOSE_POS_MIDDLE_THIRD,ROWS_STANDARD_9_10,4456.18,PREV_CLOSE_PROXY,,NEUTRAL,4,25.0,25.0,0.0,25.0,9.0625,17.585,0.6225,4.5725,0.0,0.0,0.0,25.0,ORACLE_ONLY_REDUCES_ERROR_NOT_WITHIN_5,True,9.0625,25.0,25.0,True
2026-05-29,2026-05-28,RANGE_WIDE_120_220,CLOSE_POS_UPPER_THIRD,ROWS_EXTENDED_11_PLUS,4495.64,PREV_CLOSE_PROXY,,NEUTRAL,4,0.0,0.0,0.0,0.0,21.8,51.249975,21.249975,23.749987,0.0,0.0,0.0,100.0,CANDIDATE_GENERATION_FAILURE_GT10,True,21.8,0.0,0.0,False
2026-06-01,2026-05-29,RANGE_NORMAL_60_120,CLOSE_POS_MIDDLE_THIRD,ROWS_EXTENDED_11_PLUS,4541.13,PREV_CLOSE_PROXY,,NEUTRAL,4,0.0,0.0,0.0,0.0,17.78625,34.328125,12.898125,11.124063,0.0,0.0,0.0,75.0,CANDIDATE_GENERATION_FAILURE_GT10,False,17.78625,0.0,0.0,False
2026-06-02,2026-06-01,RANGE_NORMAL_60_120,CLOSE_POS_MIDDLE_THIRD,ROWS_SPARSE_1_8,4484.66,PREV_CLOSE_PROXY,,NEUTRAL,4,25.0,25.0,0.0,0.0,7.046666,37.91,28.973334,26.330417,25.0,0.0,25.0,25.0,ORACLE_ONLY_REDUCES_ERROR_NOT_WITHIN_5,True,7.046666,25.0,25.0,False
2026-06-03,2026-06-02,RANGE_NORMAL_60_120,CLOSE_POS_LOWER_THIRD,ROWS_STANDARD_9_10,4487.83,PREV_CLOSE_PROXY,,NEUTRAL,4,0.0,25.0,0.0,0.0,7.723125,9.829375,3.971875,4.440625,25.0,0.0,25.0,0.0,ORACLE_ONLY_REDUCES_ERROR_NOT_WITHIN_5,True,7.723125,0.0,25.0,True
2026-06-04,2026-06-03,RANGE_NORMAL_60_120,CLOSE_POS_LOWER_THIRD,ROWS_SPARSE_1_8,4434.35,PREV_CLOSE_PROXY,,NEUTRAL,4,50.0,75.0,0.0,0.0,3.792187,20.60375,16.811563,20.136719,75.0,25.0,50.0,0.0,CANDIDATE_RANKING_FAILURE_LOWER_RANK_CANDIDATE,True,3.792187,50.0,75.0,False
2026-06-05,2026-06-04,RANGE_NORMAL_60_120,CLOSE_POS_MIDDLE_THIRD,ROWS_STANDARD_9_10,4475.16,PREV_CLOSE_PROXY,,NEUTRAL,4,25.0,50.0,0.0,25.0,5.525,6.5575,0.0,3.255,25.0,0.0,25.0,0.0,ORACLE_ONLY_REDUCES_ERROR_NOT_WITHIN_5,True,5.525,25.0,50.0,True
2026-06-08,2026-06-05,RANGE_WIDE_120_220,CLOSE_POS_LOWER_THIRD,ROWS_STANDARD_9_10,4328.02,PREV_CLOSE_PROXY,,NEUTRAL,4,50.0,75.0,50.0,50.0,2.40728,11.184971,7.169971,13.737706,25.0,0.0,25.0,0.0,ROUTER_ACCEPTABLE_WITHIN_5,True,2.40728,50.0,75.0,True
2026-06-09,2026-06-08,RANGE_NORMAL_60_120,CLOSE_POS_UPPER_THIRD,ROWS_SPARSE_1_8,4329.71,PREV_CLOSE_PROXY,,NEUTRAL,4,25.0,25.0,25.0,25.0,7.94875,7.94875,0.0,0.0,0.0,0.0,0.0,25.0,ORACLE_ONLY_REDUCES_ERROR_NOT_WITHIN_5,True,7.94875,25.0,25.0,True
2026-06-10,2026-06-09,RANGE_WIDE_120_220,CLOSE_POS_LOWER_THIRD,ROWS_STANDARD_9_10,4259.46,PREV_CLOSE_PROXY,,NEUTRAL,4,0.0,0.0,0.0,0.0,38.33375,62.28946,23.067083,25.471824,0.0,0.0,0.0,100.0,CANDIDATE_GENERATION_FAILURE_GT10,True,38.33375,0.0,0.0,True
2026-06-11,2026-06-10,RANGE_WIDE_120_220,CLOSE_POS_LOWER_THIRD,ROWS_EXTENDED_11_PLUS,4071.32,PREV_CLOSE_PROXY,,NEUTRAL,4,0.0,0.0,0.0,0.0,28.345,61.37,30.745,25.465,0.0,0.0,0.0,75.0,CANDIDATE_GENERATION_FAILURE_GT10,True,28.345,0.0,0.0,False
2026-06-12,2026-06-11,RANGE_WIDE_120_220,CLOSE_POS_UPPER_THIRD,ROWS_EXTENDED_11_PLUS,4210.77,PREV_CLOSE_PROXY,,NEUTRAL,4,0.0,50.0,0.0,0.0,6.515625,29.971562,23.455937,27.315781,50.0,0.0,50.0,25.0,CANDIDATE_RANKING_FAILURE_LOWER_RANK_CANDIDATE,True,6.515625,0.0,50.0,False
2026-06-15,2026-06-12,RANGE_NORMAL_60_120,CLOSE_POS_MIDDLE_THIRD,ROWS_EXTENDED_11_PLUS,4218.5,PREV_CLOSE_PROXY,,NEUTRAL,4,0.0,0.0,0.0,0.0,52.143125,77.5375,23.683125,19.341563,0.0,0.0,0.0,100.0,CANDIDATE_GENERATION_FAILURE_GT10,True,52.143125,0.0,0.0,False
2026-06-16,2026-06-15,RANGE_NORMAL_60_120,CLOSE_POS_MIDDLE_THIRD,ROWS_STANDARD_9_10,4309.03,PREV_CLOSE_PROXY,,NEUTRAL,4,50.0,50.0,50.0,50.0,3.646295,3.646295,0.0,0.905312,0.0,0.0,0.0,0.0,ORACLE_ONLY_REDUCES_ERROR_NOT_WITHIN_5,True,3.646295,50.0,50.0,True
2026-06-17,2026-06-16,RANGE_COMPRESSED_0_60,CLOSE_POS_MIDDLE_THIRD,ROWS_STANDARD_9_10,4331.14,PREV_CLOSE_PROXY,,NEUTRAL,4,0.0,0.0,0.0,0.0,8.85125,11.8275,0.33,5.455625,0.0,0.0,0.0,25.0,ORACLE_ONLY_REDUCES_ERROR_NOT_WITHIN_5,True,8.85125,0.0,0.0,True
2026-06-18,2026-06-17,RANGE_WIDE_120_220,CLOSE_POS_LOWER_THIRD,ROWS_SPARSE_1_8,4257.74,PREV_CLOSE_PROXY,,NEUTRAL,4,0.0,0.0,0.0,0.0,21.0225,21.0225,0.0,0.0,0.0,0.0,0.0,100.0,CANDIDATE_GENERATION_FAILURE_GT10,True,21.0225,0.0,0.0,False
2026-06-19,2026-06-18,RANGE_WIDE_120_220,CLOSE_POS_LOWER_THIRD,ROWS_STANDARD_9_10,4209.04,PREV_CLOSE_PROXY,,NEUTRAL,4,0.0,0.0,0.0,0.0,50.440685,61.987927,15.0,15.0,0.0,0.0,0.0,100.0,CANDIDATE_GENERATION_FAILURE_GT10,True,50.440685,0.0,0.0,False
2026-06-22,2026-06-19,RANGE_NORMAL_60_120,CLOSE_POS_MIDDLE_THIRD,ROWS_STANDARD_9_10,4155.81,PREV_CLOSE_PROXY,,NEUTRAL,4,0.0,50.0,0.0,25.0,9.135145,16.123895,7.5,7.552812,25.0,0.0,25.0,50.0,CANDIDATE_GENERATION_FAILURE_GT10,True,9.135145,0.0,50.0,True
2026-06-23,2026-06-22,RANGE_NORMAL_60_120,CLOSE_POS_MIDDLE_THIRD,ROWS_STANDARD_9_10,4191.26,PREV_CLOSE_PROXY,,NEUTRAL,4,0.0,0.0,0.0,0.0,17.244845,22.895,5.650155,6.416015,0.0,0.0,0.0,50.0,CANDIDATE_GENERATION_FAILURE_GT10,True,17.244845,0.0,0.0,False
2026-06-25,2026-06-24,RANGE_WIDE_120_220,CLOSE_POS_LOWER_THIRD,ROWS_STANDARD_9_10,3999.01,PREV_CLOSE_PROXY,,NEUTRAL,4,0.0,0.0,0.0,0.0,17.12375,46.35546,27.94375,27.0975,0.0,0.0,0.0,100.0,CANDIDATE_GENERATION_FAILURE_GT10,False,17.12375,0.0,0.0,False
2026-06-26,2026-06-25,RANGE_NORMAL_60_120,CLOSE_POS_UPPER_THIRD,ROWS_STANDARD_9_10,4026.59,PREV_CLOSE_PROXY,,NEUTRAL,4,25.0,50.0,0.0,0.0,7.79125,35.874063,28.082812,27.444219,50.0,0.0,50.0,50.0,CANDIDATE_GENERATION_FAILURE_GT10,True,7.79125,25.0,50.0,True
2026-06-29,2026-06-26,RANGE_NORMAL_60_120,CLOSE_POS_UPPER_THIRD,ROWS_STANDARD_9_10,4088.41,PREV_CLOSE_PROXY,,NEUTRAL,4,50.0,50.0,0.0,0.0,4.315,17.805,15.716563,23.975156,50.0,25.0,25.0,0.0,ORACLE_ONLY_REDUCES_ERROR_NOT_WITHIN_5,True,4.315,50.0,50.0,False
2026-06-30,2026-06-29,RANGE_NORMAL_60_120,CLOSE_POS_LOWER_THIRD,ROWS_STANDARD_9_10,4178.97,AUTO_JSON,ema_proxy_up,UP,4,25.0,25.0,0.0,0.0,9.183125,29.499375,19.905625,20.9225,25.0,0.0,25.0,50.0,CANDIDATE_GENERATION_FAILURE_GT10,True,9.183125,25.0,25.0,False
