level_date,prev_date,range_bucket,close_position_bucket,rows_bucket,live_reference_price,live_reference_source,live_channel_state,live_channel_norm,audit_level_count,original_oracle_pct_within_5,raw_expanded_oracle_pct_within_5,superset_audited_pct_within_5,superset_violation_count,superset_lost_original_within_5_count,superset_audited_median_abs_error,superset_ordered_ladder_valid,superset_ordered_ladder_median_abs_error,superset_ordered_ladder_pct_within_5
2025-10-02,2025-10-01,RANGE_COMPRESSED_0_60,CLOSE_POS_LOWER_THIRD,ROWS_STANDARD_9_10,3865.54,PREV_CLOSE_PROXY,,NEUTRAL,4,0.0,0.0,0.0,0,0,27.674792,True,27.674792,0.0
2025-10-03,2025-10-02,RANGE_NORMAL_60_120,CLOSE_POS_MIDDLE_THIRD,ROWS_STANDARD_9_10,3856.24,PREV_CLOSE_PROXY,,NEUTRAL,4,0.0,0.0,0.0,0,0,28.000417,True,28.000417,0.0
2025-10-06,2025-10-03,RANGE_COMPRESSED_0_60,CLOSE_POS_UPPER_THIRD,ROWS_SPARSE_1_8,3886.43,PREV_CLOSE_PROXY,,NEUTRAL,4,0.0,0.0,0.0,0,0,12.66,True,12.66,0.0
2025-10-07,2025-10-06,RANGE_NORMAL_60_120,CLOSE_POS_UPPER_THIRD,ROWS_SPARSE_1_8,3961.0,PREV_CLOSE_PROXY,,NEUTRAL,4,0.0,0.0,0.0,1,0,15.075,True,15.075,0.0
2025-10-08,2025-10-07,RANGE_COMPRESSED_0_60,CLOSE_POS_UPPER_THIRD,ROWS_SPARSE_1_8,3984.32,PREV_CLOSE_PROXY,,NEUTRAL,4,100.0,100.0,100.0,3,0,1.4125,True,1.4125,100.0
2025-10-09,2025-10-08,RANGE_NORMAL_60_120,CLOSE_POS_UPPER_THIRD,ROWS_SPARSE_1_8,4041.38,PREV_CLOSE_PROXY,,NEUTRAL,4,25.0,25.0,25.0,2,0,21.2975,True,21.2975,25.0
2025-10-10,2025-10-09,RANGE_NORMAL_60_120,CLOSE_POS_LOWER_THIRD,ROWS_STANDARD_9_10,3975.96,PREV_CLOSE_PROXY,,NEUTRAL,4,25.0,25.0,25.0,2,0,11.88875,False,11.88875,25.0
2025-10-13,2025-10-10,RANGE_NORMAL_60_120,CLOSE_POS_UPPER_THIRD,ROWS_STANDARD_9_10,4012.42,PREV_CLOSE_PROXY,,NEUTRAL,4,75.0,75.0,75.0,0,0,0.868125,True,0.868125,75.0
2025-10-14,2025-10-13,RANGE_WIDE_120_220,CLOSE_POS_UPPER_THIRD,ROWS_SPARSE_1_8,4110.41,PREV_CLOSE_PROXY,,NEUTRAL,4,25.0,0.0,25.0,4,1,16.233125,True,16.233125,25.0
2025-10-15,2025-10-14,RANGE_NORMAL_60_120,CLOSE_POS_MIDDLE_THIRD,ROWS_STANDARD_9_10,4142.14,PREV_CLOSE_PROXY,,NEUTRAL,4,0.0,0.0,0.0,0,0,24.19125,True,24.19125,0.0
2025-10-16,2025-10-15,RANGE_NORMAL_60_120,CLOSE_POS_UPPER_THIRD,ROWS_STANDARD_9_10,4208.11,PREV_CLOSE_PROXY,,NEUTRAL,4,50.0,50.0,50.0,0,0,4.53368,True,4.53368,50.0
2025-10-17,2025-10-16,RANGE_WIDE_120_220,CLOSE_POS_UPPER_THIRD,ROWS_EXTENDED_11_PLUS,4325.92,PREV_CLOSE_PROXY,,NEUTRAL,4,0.0,0.0,0.0,0,0,12.755625,True,12.755625,0.0
2025-10-20,2025-10-17,RANGE_WIDE_120_220,CLOSE_POS_MIDDLE_THIRD,ROWS_STANDARD_9_10,4252.68,PREV_CLOSE_PROXY,,NEUTRAL,4,0.0,0.0,0.0,3,0,77.105312,True,77.105313,0.0
2025-10-21,2025-10-20,RANGE_WIDE_120_220,CLOSE_POS_UPPER_THIRD,ROWS_EXTENDED_11_PLUS,4356.3,PREV_CLOSE_PROXY,,NEUTRAL,4,25.0,25.0,25.0,0,0,34.744375,True,34.744375,25.0
2025-10-22,2025-10-21,RANGE_EXTREME_220_PLUS,CLOSE_POS_LOWER_THIRD,ROWS_EXTENDED_11_PLUS,4124.9,PREV_CLOSE_PROXY,,NEUTRAL,4,0.0,0.0,0.0,3,0,51.3375,True,51.3375,0.0
2025-10-23,2025-10-22,RANGE_WIDE_120_220,CLOSE_POS_MIDDLE_THIRD,ROWS_STANDARD_9_10,4098.38,PREV_CLOSE_PROXY,,NEUTRAL,4,0.0,0.0,0.0,0,0,83.695651,True,83.695651,0.0
2025-10-24,2025-10-23,RANGE_NORMAL_60_120,CLOSE_POS_UPPER_THIRD,ROWS_STANDARD_9_10,4125.98,PREV_CLOSE_PROXY,,NEUTRAL,4,25.0,25.0,25.0,3,0,18.74625,True,18.74625,25.0
2025-10-27,2025-10-24,RANGE_NORMAL_60_120,CLOSE_POS_UPPER_THIRD,ROWS_STANDARD_9_10,4112.26,PREV_CLOSE_PROXY,,NEUTRAL,4,50.0,0.0,50.0,4,2,5.90875,True,5.90875,50.0
2025-10-28,2025-10-27,RANGE_WIDE_120_220,CLOSE_POS_LOWER_THIRD,ROWS_EXTENDED_11_PLUS,3981.07,PREV_CLOSE_PROXY,,NEUTRAL,4,50.0,25.0,50.0,3,1,3.68269,True,3.68269,50.0
2025-10-29,2025-10-28,RANGE_WIDE_120_220,CLOSE_POS_MIDDLE_THIRD,ROWS_STANDARD_9_10,3952.66,PREV_CLOSE_PROXY,,NEUTRAL,4,0.0,0.0,0.0,0,0,21.0071,True,21.0071,0.0
2025-10-30,2025-10-29,RANGE_NORMAL_60_120,CLOSE_POS_LOWER_THIRD,ROWS_EXTENDED_11_PLUS,3930.12,PREV_CLOSE_PROXY,,NEUTRAL,4,0.0,0.0,0.0,0,0,98.775625,True,98.775625,0.0
2025-10-31,2025-10-30,RANGE_NORMAL_60_120,CLOSE_POS_UPPER_THIRD,ROWS_STANDARD_9_10,4024.28,PREV_CLOSE_PROXY,,NEUTRAL,4,25.0,0.0,25.0,4,1,12.5125,True,12.5125,25.0
2025-11-03,2025-10-31,RANGE_NORMAL_60_120,CLOSE_POS_MIDDLE_THIRD,ROWS_EXTENDED_11_PLUS,4002.19,PREV_CLOSE_PROXY,,NEUTRAL,4,0.0,25.0,25.0,2,0,8.898125,True,8.898125,25.0
2025-11-04,2025-11-03,RANGE_NORMAL_60_120,CLOSE_POS_MIDDLE_THIRD,ROWS_STANDARD_9_10,4001.26,PREV_CLOSE_PROXY,,NEUTRAL,4,25.0,0.0,25.0,3,1,16.479375,True,16.479375,25.0
2025-11-05,2025-11-04,RANGE_NORMAL_60_120,CLOSE_POS_LOWER_THIRD,ROWS_SPARSE_1_8,3931.9,PREV_CLOSE_PROXY,,NEUTRAL,4,25.0,25.0,25.0,0,0,18.095625,True,18.095625,25.0
2025-11-06,2025-11-05,RANGE_NORMAL_60_120,CLOSE_POS_UPPER_THIRD,ROWS_STANDARD_9_10,3979.04,PREV_CLOSE_PROXY,,NEUTRAL,4,50.0,0.0,50.0,4,2,3.6775,True,3.6775,50.0
2025-11-07,2025-11-06,RANGE_COMPRESSED_0_60,CLOSE_POS_LOWER_THIRD,ROWS_SPARSE_1_8,3976.93,PREV_CLOSE_PROXY,,NEUTRAL,4,25.0,25.0,25.0,0,0,6.23,True,6.23,25.0
2025-11-10,2025-11-07,RANGE_COMPRESSED_0_60,CLOSE_POS_MIDDLE_THIRD,ROWS_STANDARD_9_10,4000.84,PREV_CLOSE_PROXY,,NEUTRAL,4,50.0,0.0,50.0,4,2,4.465312,True,4.465312,50.0
2025-11-11,2025-11-10,RANGE_NORMAL_60_120,CLOSE_POS_UPPER_THIRD,ROWS_STANDARD_9_10,4115.78,PREV_CLOSE_PROXY,,NEUTRAL,4,0.0,0.0,0.0,4,0,22.38999,True,22.38999,0.0
2025-11-12,2025-11-11,RANGE_COMPRESSED_0_60,CLOSE_POS_MIDDLE_THIRD,ROWS_SPARSE_1_8,4126.6,PREV_CLOSE_PROXY,,NEUTRAL,4,0.0,0.0,0.0,0,0,19.984575,True,19.984574,0.0
2025-11-13,2025-11-12,RANGE_NORMAL_60_120,CLOSE_POS_UPPER_THIRD,ROWS_STANDARD_9_10,4195.32,PREV_CLOSE_PROXY,,NEUTRAL,4,50.0,0.0,50.0,4,2,3.390428,True,3.390428,50.0
2025-11-14,2025-11-13,RANGE_NORMAL_60_120,CLOSE_POS_LOWER_THIRD,ROWS_EXTENDED_11_PLUS,4171.26,PREV_CLOSE_PROXY,,NEUTRAL,4,0.0,0.0,0.0,0,0,36.37,True,36.37,0.0
2025-11-17,2025-11-14,RANGE_WIDE_120_220,CLOSE_POS_LOWER_THIRD,ROWS_STANDARD_9_10,4085.1,PREV_CLOSE_PROXY,,NEUTRAL,4,0.0,0.0,0.0,0,0,107.04857,True,107.04857,0.0
2025-11-18,2025-11-17,RANGE_NORMAL_60_120,CLOSE_POS_MIDDLE_THIRD,ROWS_STANDARD_9_10,4045.52,PREV_CLOSE_PROXY,,NEUTRAL,4,75.0,50.0,75.0,3,1,3.34375,True,3.34375,75.0
2025-11-19,2025-11-18,RANGE_NORMAL_60_120,CLOSE_POS_UPPER_THIRD,ROWS_STANDARD_9_10,4067.3,PREV_CLOSE_PROXY,,NEUTRAL,4,50.0,25.0,50.0,3,1,4.805,True,4.805,50.0
2025-11-20,2025-11-19,RANGE_NORMAL_60_120,CLOSE_POS_LOWER_THIRD,ROWS_SPARSE_1_8,4077.81,PREV_CLOSE_PROXY,,NEUTRAL,4,50.0,50.0,50.0,0,0,3.3375,True,3.3375,50.0
2025-11-21,2025-11-20,RANGE_NORMAL_60_120,CLOSE_POS_MIDDLE_THIRD,ROWS_STANDARD_9_10,4077.2,PREV_CLOSE_PROXY,,NEUTRAL,4,50.0,25.0,75.0,3,2,3.84375,True,3.84375,75.0
2025-11-24,2025-11-21,RANGE_NORMAL_60_120,CLOSE_POS_MIDDLE_THIRD,ROWS_STANDARD_9_10,4065.26,PREV_CLOSE_PROXY,,NEUTRAL,4,75.0,25.0,75.0,3,2,2.493437,True,2.493438,75.0
2025-11-25,2025-11-24,RANGE_NORMAL_60_120,CLOSE_POS_UPPER_THIRD,ROWS_STANDARD_9_10,4134.62,PREV_CLOSE_PROXY,,NEUTRAL,4,50.0,0.0,50.0,3,2,5.205104,True,5.205104,50.0
2025-11-26,2025-11-25,RANGE_COMPRESSED_0_60,CLOSE_POS_MIDDLE_THIRD,ROWS_STANDARD_9_10,4130.64,PREV_CLOSE_PROXY,,NEUTRAL,4,25.0,25.0,25.0,0,0,16.091675,True,16.091675,25.0
2025-11-27,2025-11-26,RANGE_COMPRESSED_0_60,CLOSE_POS_UPPER_THIRD,ROWS_STANDARD_9_10,4163.7,PREV_CLOSE_PROXY,,NEUTRAL,4,25.0,25.0,25.0,0,0,12.822604,True,12.822604,25.0
2025-11-28,2025-11-27,RANGE_COMPRESSED_0_60,CLOSE_POS_MIDDLE_THIRD,ROWS_STANDARD_9_10,4157.37,PREV_CLOSE_PROXY,,NEUTRAL,4,0.0,0.0,0.0,3,0,14.055829,True,14.055829,0.0
2025-12-01,2025-11-28,RANGE_NORMAL_60_120,CLOSE_POS_UPPER_THIRD,ROWS_STANDARD_9_10,4219.51,PREV_CLOSE_PROXY,,NEUTRAL,4,50.0,25.0,50.0,3,1,4.53,True,4.53,50.0
2025-12-02,2025-12-01,RANGE_COMPRESSED_0_60,CLOSE_POS_MIDDLE_THIRD,ROWS_SPARSE_1_8,4232.12,PREV_CLOSE_PROXY,,NEUTRAL,4,25.0,25.0,25.0,0,0,12.12808,True,12.12808,25.0
2025-12-03,2025-12-02,RANGE_NORMAL_60_120,CLOSE_POS_MIDDLE_THIRD,ROWS_STANDARD_9_10,4205.64,PREV_CLOSE_PROXY,,NEUTRAL,4,75.0,25.0,75.0,3,2,3.46125,True,3.46125,75.0
2025-12-04,2025-12-03,RANGE_COMPRESSED_0_60,CLOSE_POS_LOWER_THIRD,ROWS_SPARSE_1_8,4202.98,PREV_CLOSE_PROXY,,NEUTRAL,4,25.0,25.0,25.0,0,0,5.845,True,5.845,25.0
2025-12-05,2025-12-04,RANGE_COMPRESSED_0_60,CLOSE_POS_UPPER_THIRD,ROWS_SPARSE_1_8,4208.64,PREV_CLOSE_PROXY,,NEUTRAL,4,100.0,100.0,100.0,0,0,1.909063,True,1.909062,100.0
2025-12-08,2025-12-05,RANGE_NORMAL_60_120,CLOSE_POS_LOWER_THIRD,ROWS_SPARSE_1_8,4199.09,PREV_CLOSE_PROXY,,NEUTRAL,4,0.0,0.0,0.0,1,0,11.804063,True,11.804063,0.0
2025-12-09,2025-12-08,RANGE_COMPRESSED_0_60,CLOSE_POS_MIDDLE_THIRD,ROWS_SPARSE_1_8,4190.56,PREV_CLOSE_PROXY,,NEUTRAL,4,0.0,0.0,0.0,3,0,13.31,True,13.31,0.0
2025-12-10,2025-12-09,RANGE_COMPRESSED_0_60,CLOSE_POS_UPPER_THIRD,ROWS_SPARSE_1_8,4208.1,PREV_CLOSE_PROXY,,NEUTRAL,4,0.0,0.0,0.0,0,0,12.909375,True,12.909375,0.0
2025-12-11,2025-12-10,RANGE_COMPRESSED_0_60,CLOSE_POS_UPPER_THIRD,ROWS_SPARSE_1_8,4228.54,PREV_CLOSE_PROXY,,NEUTRAL,4,100.0,25.0,100.0,4,3,2.396562,True,2.396562,100.0
2025-12-12,2025-12-11,RANGE_NORMAL_60_120,CLOSE_POS_UPPER_THIRD,ROWS_STANDARD_9_10,4279.59,PREV_CLOSE_PROXY,,NEUTRAL,4,50.0,25.0,50.0,4,1,5.29862,True,5.29862,50.0
2025-12-15,2025-12-12,RANGE_NORMAL_60_120,CLOSE_POS_MIDDLE_THIRD,ROWS_SPARSE_1_8,4299.72,PREV_CLOSE_PROXY,,NEUTRAL,4,75.0,0.0,75.0,4,3,4.78125,False,4.78125,75.0
2025-12-16,2025-12-15,RANGE_NORMAL_60_120,CLOSE_POS_LOWER_THIRD,ROWS_SPARSE_1_8,4304.91,PREV_CLOSE_PROXY,,NEUTRAL,4,50.0,25.0,50.0,1,1,9.2725,True,9.2725,50.0
2025-12-17,2025-12-16,RANGE_NORMAL_60_120,CLOSE_POS_MIDDLE_THIRD,ROWS_SPARSE_1_8,4302.04,PREV_CLOSE_PROXY,,NEUTRAL,4,0.0,0.0,0.0,0,0,9.086875,True,9.086875,0.0
2025-12-19,2025-12-18,RANGE_NORMAL_60_120,CLOSE_POS_MIDDLE_THIRD,ROWS_SPARSE_1_8,4332.34,PREV_CLOSE_PROXY,,NEUTRAL,4,100.0,50.0,100.0,2,2,1.770313,True,1.770313,100.0
2025-12-22,2025-12-19,RANGE_COMPRESSED_0_60,CLOSE_POS_MIDDLE_THIRD,ROWS_SPARSE_1_8,4338.16,PREV_CLOSE_PROXY,,NEUTRAL,4,50.0,50.0,75.0,2,1,3.23334,True,3.23334,75.0
2025-12-23,2025-12-22,RANGE_NORMAL_60_120,CLOSE_POS_UPPER_THIRD,ROWS_STANDARD_9_10,4443.59,PREV_CLOSE_PROXY,,NEUTRAL,4,0.0,0.0,0.0,4,0,17.99,True,17.99,0.0
2025-12-24,2025-12-23,RANGE_NORMAL_60_120,CLOSE_POS_UPPER_THIRD,ROWS_SPARSE_1_8,4484.54,PREV_CLOSE_PROXY,,NEUTRAL,3,33.333333,100.0,100.0,0,0,3.67625,False,,
2025-12-26,2025-12-24,RANGE_NORMAL_60_120,CLOSE_POS_MIDDLE_THIRD,ROWS_SPARSE_1_8,4479.58,PREV_CLOSE_PROXY,,NEUTRAL,4,50.0,25.0,50.0,2,1,4.965163,True,4.965163,50.0
2025-12-29,2025-12-26,RANGE_NORMAL_60_120,CLOSE_POS_UPPER_THIRD,ROWS_EXTENDED_11_PLUS,4531.0,PREV_CLOSE_PROXY,,NEUTRAL,4,75.0,0.0,75.0,4,3,1.676985,True,1.676985,75.0
2025-12-30,2025-12-29,RANGE_EXTREME_220_PLUS,CLOSE_POS_LOWER_THIRD,ROWS_STANDARD_9_10,4332.04,PREV_CLOSE_PROXY,,NEUTRAL,4,0.0,0.0,0.0,0,0,76.851625,True,76.851625,0.0
2026-01-01,2025-12-31,RANGE_NORMAL_60_120,CLOSE_POS_MIDDLE_THIRD,ROWS_STANDARD_9_10,4318.87,PREV_CLOSE_PROXY,,NEUTRAL,4,25.0,0.0,25.0,4,1,13.91193,True,13.91193,25.0
2026-01-02,2025-12-31,RANGE_NORMAL_60_120,CLOSE_POS_MIDDLE_THIRD,ROWS_STANDARD_9_10,4318.87,PREV_CLOSE_PROXY,,NEUTRAL,4,50.0,0.0,50.0,4,2,5.56375,True,5.56375,50.0
2026-01-05,2026-01-02,RANGE_NORMAL_60_120,CLOSE_POS_LOWER_THIRD,ROWS_STANDARD_9_10,4332.72,PREV_CLOSE_PROXY,,NEUTRAL,4,25.0,25.0,25.0,0,0,8.38875,True,8.38875,25.0
2026-01-06,2026-01-05,RANGE_NORMAL_60_120,CLOSE_POS_UPPER_THIRD,ROWS_STANDARD_9_10,4448.89,PREV_CLOSE_PROXY,,NEUTRAL,4,75.0,0.0,75.0,4,3,3.28625,True,3.28625,75.0
2026-01-07,2026-01-06,RANGE_NORMAL_60_120,CLOSE_POS_UPPER_THIRD,ROWS_STANDARD_9_10,4494.54,PREV_CLOSE_PROXY,,NEUTRAL,4,50.0,0.0,50.0,4,2,4.7825,True,4.7825,50.0
2026-01-08,2026-01-07,RANGE_NORMAL_60_120,CLOSE_POS_MIDDLE_THIRD,ROWS_STANDARD_9_10,4456.36,PREV_CLOSE_PROXY,,NEUTRAL,4,100.0,0.0,100.0,4,4,3.775625,True,3.775625,100.0
2026-01-09,2026-01-08,RANGE_NORMAL_60_120,CLOSE_POS_UPPER_THIRD,ROWS_STANDARD_9_10,4477.28,PREV_CLOSE_PROXY,,NEUTRAL,4,75.0,50.0,75.0,3,1,2.318944,True,2.318944,75.0
2026-01-12,2026-01-09,RANGE_NORMAL_60_120,CLOSE_POS_UPPER_THIRD,ROWS_STANDARD_9_10,4509.3,PREV_CLOSE_PROXY,,NEUTRAL,4,0.0,0.0,0.0,3,0,10.79801,False,10.79801,0.0
2026-01-13,2026-01-12,RANGE_NORMAL_60_120,CLOSE_POS_UPPER_THIRD,ROWS_SPARSE_1_8,4597.38,PREV_CLOSE_PROXY,,NEUTRAL,4,75.0,0.0,75.0,3,3,2.480625,True,2.480625,75.0
2026-01-14,2026-01-13,RANGE_NORMAL_60_120,CLOSE_POS_LOWER_THIRD,ROWS_STANDARD_9_10,4586.3,PREV_CLOSE_PROXY,,NEUTRAL,4,0.0,0.0,0.0,2,0,24.366667,True,24.366667,0.0
2026-01-15,2026-01-14,RANGE_COMPRESSED_0_60,CLOSE_POS_UPPER_THIRD,ROWS_SPARSE_1_8,4626.39,PREV_CLOSE_PROXY,,NEUTRAL,4,0.0,0.0,0.0,4,0,28.450625,True,28.450625,0.0
2026-01-16,2026-01-15,RANGE_COMPRESSED_0_60,CLOSE_POS_UPPER_THIRD,ROWS_SPARSE_1_8,4615.76,PREV_CLOSE_PROXY,,NEUTRAL,4,50.0,0.0,50.0,4,2,5.365412,True,5.365412,50.0
2026-01-19,2026-01-16,RANGE_NORMAL_60_120,CLOSE_POS_UPPER_THIRD,ROWS_SPARSE_1_8,4595.66,PREV_CLOSE_PROXY,,NEUTRAL,4,25.0,50.0,50.0,0,0,7.0425,True,7.0425,50.0
2026-01-20,2026-01-19,RANGE_NORMAL_60_120,CLOSE_POS_UPPER_THIRD,ROWS_STANDARD_9_10,4670.86,PREV_CLOSE_PROXY,,NEUTRAL,4,100.0,0.0,100.0,4,4,3.52,True,3.52,100.0
2026-01-21,2026-01-20,RANGE_NORMAL_60_120,CLOSE_POS_UPPER_THIRD,ROWS_EXTENDED_11_PLUS,4763.3,PREV_CLOSE_PROXY,,NEUTRAL,4,0.0,0.0,0.0,1,0,127.24625,True,127.24625,0.0
2026-01-22,2026-01-21,RANGE_WIDE_120_220,CLOSE_POS_MIDDLE_THIRD,ROWS_STANDARD_9_10,4831.03,PREV_CLOSE_PROXY,,NEUTRAL,4,0.0,0.0,0.0,0,0,24.291688,True,24.291688,0.0
2026-01-23,2026-01-22,RANGE_WIDE_120_220,CLOSE_POS_UPPER_THIRD,ROWS_SPARSE_1_8,4936.06,PREV_CLOSE_PROXY,,NEUTRAL,4,50.0,50.0,50.0,1,0,10.7675,True,10.7675,50.0
2026-01-26,2026-01-23,RANGE_NORMAL_60_120,CLOSE_POS_UPPER_THIRD,ROWS_EXTENDED_11_PLUS,4987.98,PREV_CLOSE_PROXY,,NEUTRAL,4,0.0,0.0,0.0,0,0,24.530938,True,24.530938,0.0
2026-01-27,2026-01-26,RANGE_WIDE_120_220,CLOSE_POS_LOWER_THIRD,ROWS_STANDARD_9_10,5008.17,PREV_CLOSE_PROXY,,NEUTRAL,4,25.0,25.0,25.0,0,0,11.03625,True,11.03625,25.0
2026-01-28,2026-01-27,RANGE_WIDE_120_220,CLOSE_POS_UPPER_THIRD,ROWS_STANDARD_9_10,5181.22,PREV_CLOSE_PROXY,,NEUTRAL,4,0.0,0.0,0.0,3,0,57.155938,True,57.155937,0.0
2026-01-29,2026-01-28,RANGE_EXTREME_220_PLUS,CLOSE_POS_UPPER_THIRD,ROWS_SPARSE_1_8,5417.12,PREV_CLOSE_PROXY,,NEUTRAL,4,0.0,0.0,0.0,0,0,28.4025,True,28.4025,0.0
2026-01-30,2026-01-29,RANGE_EXTREME_220_PLUS,CLOSE_POS_MIDDLE_THIRD,ROWS_STANDARD_9_10,5370.92,PREV_CLOSE_PROXY,,NEUTRAL,4,0.0,0.0,0.0,1,0,85.96875,True,85.96875,0.0
2026-02-02,2026-01-30,RANGE_EXTREME_220_PLUS,CLOSE_POS_LOWER_THIRD,ROWS_EXTENDED_11_PLUS,4885.18,PREV_CLOSE_PROXY,,NEUTRAL,4,0.0,0.0,0.0,0,0,133.519039,True,133.51904,0.0
2026-02-03,2026-02-02,RANGE_EXTREME_220_PLUS,CLOSE_POS_MIDDLE_THIRD,ROWS_EXTENDED_11_PLUS,4660.96,PREV_CLOSE_PROXY,,NEUTRAL,4,0.0,0.0,0.0,0,0,105.6025,True,105.6025,0.0
2026-02-04,2026-02-03,RANGE_EXTREME_220_PLUS,CLOSE_POS_UPPER_THIRD,ROWS_STANDARD_9_10,4946.72,PREV_CLOSE_PROXY,,NEUTRAL,4,0.0,0.0,0.0,0,0,106.741304,True,106.741305,0.0
2026-02-05,2026-02-04,RANGE_EXTREME_220_PLUS,CLOSE_POS_MIDDLE_THIRD,ROWS_EXTENDED_11_PLUS,4964.74,PREV_CLOSE_PROXY,,NEUTRAL,4,0.0,0.0,0.0,0,0,152.3725,True,152.3725,0.0
2026-02-06,2026-02-05,RANGE_EXTREME_220_PLUS,CLOSE_POS_LOWER_THIRD,ROWS_EXTENDED_11_PLUS,4779.46,PREV_CLOSE_PROXY,,NEUTRAL,4,25.0,25.0,25.0,0,0,16.03,True,16.03,25.0
2026-02-09,2026-02-06,RANGE_EXTREME_220_PLUS,CLOSE_POS_UPPER_THIRD,ROWS_STANDARD_9_10,4965.74,PREV_CLOSE_PROXY,,NEUTRAL,4,0.0,0.0,0.0,0,0,23.860625,True,23.860625,0.0
2026-02-10,2026-02-09,RANGE_WIDE_120_220,CLOSE_POS_UPPER_THIRD,ROWS_STANDARD_9_10,5057.94,PREV_CLOSE_PROXY,,NEUTRAL,4,25.0,25.0,25.0,0,0,29.485,True,29.485,25.0
2026-02-11,2026-02-10,RANGE_NORMAL_60_120,CLOSE_POS_MIDDLE_THIRD,ROWS_STANDARD_9_10,5025.3,PREV_CLOSE_PROXY,,NEUTRAL,4,25.0,0.0,25.0,4,1,29.06125,True,29.06125,25.0
2026-02-12,2026-02-11,RANGE_NORMAL_60_120,CLOSE_POS_MIDDLE_THIRD,ROWS_EXTENDED_11_PLUS,5084.24,PREV_CLOSE_PROXY,,NEUTRAL,4,50.0,50.0,50.0,0,0,4.265,True,4.265,50.0
2026-02-13,2026-02-12,RANGE_EXTREME_220_PLUS,CLOSE_POS_LOWER_THIRD,ROWS_SPARSE_1_8,4921.64,PREV_CLOSE_PROXY,,NEUTRAL,4,0.0,0.0,0.0,2,0,8.901703,True,8.901703,0.0
2026-02-16,2026-02-13,RANGE_WIDE_120_220,CLOSE_POS_UPPER_THIRD,ROWS_SPARSE_1_8,5042.46,PREV_CLOSE_PROXY,,NEUTRAL,4,25.0,25.0,25.0,1,0,16.14625,True,16.14625,25.0
2026-02-17,2026-02-16,RANGE_NORMAL_60_120,CLOSE_POS_MIDDLE_THIRD,ROWS_STANDARD_9_10,4993.64,PREV_CLOSE_PROXY,,NEUTRAL,4,50.0,0.0,50.0,3,2,13.574375,True,13.574375,50.0
2026-02-18,2026-02-17,RANGE_WIDE_120_220,CLOSE_POS_LOWER_THIRD,ROWS_STANDARD_9_10,4877.1,PREV_CLOSE_PROXY,,NEUTRAL,4,75.0,0.0,75.0,3,3,1.685,True,1.685,75.0
2026-02-19,2026-02-18,RANGE_WIDE_120_220,CLOSE_POS_UPPER_THIRD,ROWS_EXTENDED_11_PLUS,4977.24,PREV_CLOSE_PROXY,,NEUTRAL,4,0.0,0.0,0.0,2,0,30.52125,True,30.52125,0.0
2026-02-20,2026-02-19,RANGE_NORMAL_60_120,CLOSE_POS_MIDDLE_THIRD,ROWS_STANDARD_9_10,4995.96,PREV_CLOSE_PROXY,,NEUTRAL,4,50.0,25.0,50.0,3,1,7.318125,True,7.318125,50.0
2026-02-23,2026-02-20,RANGE_WIDE_120_220,CLOSE_POS_UPPER_THIRD,ROWS_EXTENDED_11_PLUS,5107.8,PREV_CLOSE_PROXY,,NEUTRAL,4,0.0,0.0,0.0,3,0,19.778334,True,19.778333,0.0
2026-02-24,2026-02-23,RANGE_WIDE_120_220,CLOSE_POS_UPPER_THIRD,ROWS_EXTENDED_11_PLUS,5227.5,PREV_CLOSE_PROXY,,NEUTRAL,4,50.0,25.0,50.0,3,1,6.1775,True,6.1775,50.0
2026-02-25,2026-02-24,RANGE_WIDE_120_220,CLOSE_POS_LOWER_THIRD,ROWS_EXTENDED_11_PLUS,5143.76,PREV_CLOSE_PROXY,,NEUTRAL,4,0.0,0.0,0.0,1,0,17.022545,True,17.022545,0.0
2026-02-26,2026-02-25,RANGE_NORMAL_60_120,CLOSE_POS_MIDDLE_THIRD,ROWS_SPARSE_1_8,5164.84,PREV_CLOSE_PROXY,,NEUTRAL,4,25.0,0.0,25.0,4,1,23.480625,True,23.480625,25.0
2026-02-27,2026-02-26,RANGE_NORMAL_60_120,CLOSE_POS_UPPER_THIRD,ROWS_STANDARD_9_10,5185.0,PREV_CLOSE_PROXY,,NEUTRAL,4,0.0,0.0,0.0,4,0,23.57376,True,23.57376,0.0
2026-03-02,2026-02-27,RANGE_NORMAL_60_120,CLOSE_POS_UPPER_THIRD,ROWS_EXTENDED_11_PLUS,5280.0,PREV_CLOSE_PROXY,,NEUTRAL,4,75.0,25.0,75.0,2,2,2.97,True,2.97,75.0
2026-03-03,2026-03-02,RANGE_WIDE_120_220,CLOSE_POS_MIDDLE_THIRD,ROWS_STANDARD_9_10,5321.84,PREV_CLOSE_PROXY,,NEUTRAL,4,0.0,0.0,0.0,1,0,31.031641,True,31.03164,0.0
2026-03-04,2026-03-03,RANGE_EXTREME_220_PLUS,CLOSE_POS_LOWER_THIRD,ROWS_STANDARD_9_10,5088.24,PREV_CLOSE_PROXY,,NEUTRAL,4,0.0,0.0,0.0,0,0,20.705625,False,20.705625,0.0
2026-03-05,2026-03-04,RANGE_WIDE_120_220,CLOSE_POS_MIDDLE_THIRD,ROWS_STANDARD_9_10,5141.1,PREV_CLOSE_PROXY,,NEUTRAL,4,50.0,25.0,50.0,3,1,5.75875,True,5.75875,50.0
2026-03-06,2026-03-05,RANGE_WIDE_120_220,CLOSE_POS_LOWER_THIRD,ROWS_SPARSE_1_8,5081.02,PREV_CLOSE_PROXY,,NEUTRAL,4,0.0,0.0,0.0,3,0,11.1825,True,11.1825,0.0
2026-03-09,2026-03-06,RANGE_NORMAL_60_120,CLOSE_POS_UPPER_THIRD,ROWS_STANDARD_9_10,5174.64,PREV_CLOSE_PROXY,,NEUTRAL,4,25.0,0.0,25.0,4,1,15.4425,True,15.4425,25.0
2026-03-10,2026-03-09,RANGE_WIDE_120_220,CLOSE_POS_MIDDLE_THIRD,ROWS_STANDARD_9_10,5136.66,PREV_CLOSE_PROXY,,NEUTRAL,4,25.0,0.0,25.0,3,1,16.94398,False,16.94398,25.0
2026-03-11,2026-03-10,RANGE_WIDE_120_220,CLOSE_POS_MIDDLE_THIRD,ROWS_STANDARD_9_10,5192.64,PREV_CLOSE_PROXY,,NEUTRAL,4,25.0,0.0,25.0,2,1,11.521667,True,11.521666,25.0
2026-03-12,2026-03-11,RANGE_NORMAL_60_120,CLOSE_POS_MIDDLE_THIRD,ROWS_STANDARD_9_10,5175.96,PREV_CLOSE_PROXY,,NEUTRAL,4,50.0,0.0,50.0,4,2,6.87,True,6.87,50.0
2026-03-13,2026-03-12,RANGE_WIDE_120_220,CLOSE_POS_LOWER_THIRD,ROWS_STANDARD_9_10,5079.04,PREV_CLOSE_PROXY,,NEUTRAL,4,75.0,25.0,75.0,3,2,1.34,True,1.34,75.0
2026-03-16,2026-03-13,RANGE_NORMAL_60_120,CLOSE_POS_LOWER_THIRD,ROWS_STANDARD_9_10,5018.66,PREV_CLOSE_PROXY,,NEUTRAL,4,25.0,0.0,25.0,2,1,7.07,True,7.07,25.0
2026-03-17,2026-03-16,RANGE_NORMAL_60_120,CLOSE_POS_MIDDLE_THIRD,ROWS_SPARSE_1_8,5006.25,PREV_CLOSE_PROXY,,NEUTRAL,4,75.0,0.0,75.0,4,3,3.89625,True,3.89625,75.0
2026-03-18,2026-03-17,RANGE_NORMAL_60_120,CLOSE_POS_MIDDLE_THIRD,ROWS_EXTENDED_11_PLUS,5005.5,PREV_CLOSE_PROXY,,NEUTRAL,4,25.0,25.0,25.0,0,0,7.05,True,7.05,25.0
2026-03-19,2026-03-18,RANGE_WIDE_120_220,CLOSE_POS_LOWER_THIRD,ROWS_EXTENDED_11_PLUS,4818.64,PREV_CLOSE_PROXY,,NEUTRAL,4,0.0,0.0,0.0,4,0,112.84375,True,112.84375,0.0
2026-03-20,2026-03-19,RANGE_EXTREME_220_PLUS,CLOSE_POS_MIDDLE_THIRD,ROWS_STANDARD_9_10,4650.38,PREV_CLOSE_PROXY,,NEUTRAL,4,0.0,0.0,0.0,0,0,89.59,True,89.59,0.0
2026-03-23,2026-03-20,RANGE_EXTREME_220_PLUS,CLOSE_POS_LOWER_THIRD,ROWS_STANDARD_9_10,4498.06,PREV_CLOSE_PROXY,,NEUTRAL,4,50.0,25.0,50.0,3,1,11.2025,True,11.2025,50.0
2026-03-24,2026-03-23,RANGE_EXTREME_220_PLUS,CLOSE_POS_UPPER_THIRD,ROWS_STANDARD_9_10,4406.68,PREV_CLOSE_PROXY,,NEUTRAL,4,25.0,0.0,25.0,3,1,36.82316,True,36.82316,25.0
2026-03-25,2026-03-24,RANGE_WIDE_120_220,CLOSE_POS_UPPER_THIRD,ROWS_STANDARD_9_10,4474.36,PREV_CLOSE_PROXY,,NEUTRAL,4,0.0,0.0,0.0,0,0,17.194584,False,17.194584,0.0
2026-03-26,2026-03-25,RANGE_WIDE_120_220,CLOSE_POS_MIDDLE_THIRD,ROWS_STANDARD_9_10,4506.28,PREV_CLOSE_PROXY,,NEUTRAL,4,50.0,0.0,50.0,3,2,4.625,True,4.625,50.0
2026-03-27,2026-03-26,RANGE_WIDE_120_220,CLOSE_POS_LOWER_THIRD,ROWS_STANDARD_9_10,4378.0,PREV_CLOSE_PROXY,,NEUTRAL,4,0.0,0.0,0.0,1,0,15.44228,True,15.44228,0.0
2026-03-30,2026-03-27,RANGE_WIDE_120_220,CLOSE_POS_MIDDLE_THIRD,ROWS_STANDARD_9_10,4495.46,PREV_CLOSE_PROXY,,NEUTRAL,4,25.0,0.0,25.0,2,1,8.369271,True,8.369271,25.0
2026-03-31,2026-03-30,RANGE_WIDE_120_220,CLOSE_POS_MIDDLE_THIRD,ROWS_SPARSE_1_8,4511.02,PREV_CLOSE_PROXY,,NEUTRAL,4,100.0,0.0,100.0,4,4,1.569375,True,1.569375,100.0
2026-04-01,2026-03-31,RANGE_WIDE_120_220,CLOSE_POS_UPPER_THIRD,ROWS_STANDARD_9_10,4667.12,PREV_CLOSE_PROXY,,NEUTRAL,4,50.0,50.0,50.0,2,0,5.3275,True,5.3275,50.0
2026-04-02,2026-04-01,RANGE_WIDE_120_220,CLOSE_POS_UPPER_THIRD,ROWS_EXTENDED_11_PLUS,4758.18,PREV_CLOSE_PROXY,,NEUTRAL,4,25.0,0.0,25.0,4,1,10.155,True,10.155,25.0
2026-04-03,2026-04-02,RANGE_EXTREME_220_PLUS,CLOSE_POS_MIDDLE_THIRD,ROWS_STANDARD_9_10,4676.04,PREV_CLOSE_PROXY,,NEUTRAL,4,0.0,0.0,0.0,0,0,19.1025,True,19.1025,0.0
2026-04-06,2026-04-02,RANGE_EXTREME_220_PLUS,CLOSE_POS_MIDDLE_THIRD,ROWS_STANDARD_9_10,4676.04,PREV_CLOSE_PROXY,,NEUTRAL,4,50.0,0.0,50.0,2,2,3.183415,True,3.183415,50.0
2026-04-07,2026-04-06,RANGE_NORMAL_60_120,CLOSE_POS_MIDDLE_THIRD,ROWS_STANDARD_9_10,4650.5,PREV_CLOSE_PROXY,,NEUTRAL,4,50.0,25.0,50.0,2,1,8.22,True,8.22,50.0
2026-04-08,2026-04-07,RANGE_NORMAL_60_120,CLOSE_POS_UPPER_THIRD,ROWS_STANDARD_9_10,4705.73,PREV_CLOSE_PROXY,,NEUTRAL,4,25.0,25.0,50.0,3,1,6.97293,True,6.97293,50.0
2026-04-09,2026-04-08,RANGE_WIDE_120_220,CLOSE_POS_LOWER_THIRD,ROWS_STANDARD_9_10,4719.26,PREV_CLOSE_PROXY,,NEUTRAL,4,25.0,0.0,25.0,4,1,6.05375,True,6.05375,25.0
2026-04-10,2026-04-09,RANGE_NORMAL_60_120,CLOSE_POS_MIDDLE_THIRD,ROWS_STANDARD_9_10,4765.5,PREV_CLOSE_PROXY,,NEUTRAL,4,50.0,25.0,50.0,2,1,10.745,True,10.745,50.0
2026-04-13,2026-04-10,RANGE_NORMAL_60_120,CLOSE_POS_LOWER_THIRD,ROWS_STANDARD_9_10,4749.18,PREV_CLOSE_PROXY,,NEUTRAL,4,25.0,0.0,25.0,3,1,12.756875,True,12.756875,25.0
2026-04-14,2026-04-13,RANGE_NORMAL_60_120,CLOSE_POS_UPPER_THIRD,ROWS_STANDARD_9_10,4740.3,PREV_CLOSE_PROXY,,NEUTRAL,4,50.0,0.0,50.0,4,2,6.66,True,6.66,50.0
2026-04-15,2026-04-14,RANGE_NORMAL_60_120,CLOSE_POS_UPPER_THIRD,ROWS_STANDARD_9_10,4841.68,PREV_CLOSE_PROXY,,NEUTRAL,4,50.0,0.0,50.0,4,2,3.73125,True,3.73125,50.0
2026-04-16,2026-04-15,RANGE_NORMAL_60_120,CLOSE_POS_LOWER_THIRD,ROWS_STANDARD_9_10,4790.68,PREV_CLOSE_PROXY,,NEUTRAL,4,25.0,0.0,25.0,4,1,11.90318,True,11.90318,25.0
2026-04-17,2026-04-16,RANGE_NORMAL_60_120,CLOSE_POS_LOWER_THIRD,ROWS_STANDARD_9_10,4790.78,PREV_CLOSE_PROXY,,NEUTRAL,4,0.0,0.0,0.0,4,0,10.990625,True,10.990625,0.0
2026-04-20,2026-04-17,RANGE_WIDE_120_220,CLOSE_POS_MIDDLE_THIRD,ROWS_STANDARD_9_10,4832.42,PREV_CLOSE_PROXY,,NEUTRAL,4,25.0,25.0,50.0,2,1,5.5522,True,5.5522,50.0
2026-04-21,2026-04-20,RANGE_NORMAL_60_120,CLOSE_POS_UPPER_THIRD,ROWS_STANDARD_9_10,4820.66,PREV_CLOSE_PROXY,,NEUTRAL,4,25.0,0.0,25.0,4,1,12.24,True,12.24,25.0
2026-04-22,2026-04-21,RANGE_WIDE_120_220,CLOSE_POS_LOWER_THIRD,ROWS_STANDARD_9_10,4720.06,PREV_CLOSE_PROXY,,NEUTRAL,4,50.0,25.0,50.0,4,1,4.771667,True,4.771666,50.0
2026-04-23,2026-04-22,RANGE_COMPRESSED_0_60,CLOSE_POS_MIDDLE_THIRD,ROWS_EXTENDED_11_PLUS,4740.18,PREV_CLOSE_PROXY,,NEUTRAL,4,0.0,0.0,0.0,4,0,70.58,True,70.58,0.0
2026-04-24,2026-04-23,RANGE_NORMAL_60_120,CLOSE_POS_MIDDLE_THIRD,ROWS_STANDARD_9_10,4694.36,PREV_CLOSE_PROXY,,NEUTRAL,4,0.0,0.0,0.0,4,0,37.165,True,37.165,0.0
2026-04-27,2026-04-24,RANGE_NORMAL_60_120,CLOSE_POS_MIDDLE_THIRD,ROWS_EXTENDED_11_PLUS,4707.26,PREV_CLOSE_PROXY,,NEUTRAL,4,0.0,0.0,0.0,4,0,50.0725,True,50.0725,0.0
2026-04-28,2026-04-27,RANGE_NORMAL_60_120,CLOSE_POS_LOWER_THIRD,ROWS_STANDARD_9_10,4681.76,PREV_CLOSE_PROXY,,NEUTRAL,4,50.0,0.0,50.0,3,2,5.140417,True,5.140417,50.0
2026-04-29,2026-04-28,RANGE_WIDE_120_220,CLOSE_POS_LOWER_THIRD,ROWS_STANDARD_9_10,4597.2,PREV_CLOSE_PROXY,,NEUTRAL,4,50.0,50.0,75.0,2,1,1.170045,True,1.170045,75.0
2026-04-30,2026-04-29,RANGE_NORMAL_60_120,CLOSE_POS_LOWER_THIRD,ROWS_STANDARD_9_10,4543.48,PREV_CLOSE_PROXY,,NEUTRAL,4,0.0,0.0,0.0,3,0,17.165,True,17.165,0.0
2026-05-01,2026-04-30,RANGE_NORMAL_60_120,CLOSE_POS_UPPER_THIRD,ROWS_STANDARD_9_10,4621.76,PREV_CLOSE_PROXY,,NEUTRAL,4,25.0,0.0,25.0,3,1,20.69559,True,20.69559,25.0
2026-05-04,2026-05-01,RANGE_NORMAL_60_120,CLOSE_POS_MIDDLE_THIRD,ROWS_STANDARD_9_10,4615.53,PREV_CLOSE_PROXY,,NEUTRAL,4,50.0,50.0,50.0,2,0,5.945625,True,5.945625,50.0
2026-05-05,2026-05-04,RANGE_WIDE_120_220,CLOSE_POS_LOWER_THIRD,ROWS_EXTENDED_11_PLUS,4523.73,PREV_CLOSE_PROXY,,NEUTRAL,4,25.0,0.0,25.0,4,1,8.0475,True,8.0475,25.0
2026-05-06,2026-05-05,RANGE_NORMAL_60_120,CLOSE_POS_MIDDLE_THIRD,ROWS_STANDARD_9_10,4557.19,PREV_CLOSE_PROXY,,NEUTRAL,4,50.0,50.0,50.0,2,0,7.3175,True,7.3175,50.0
2026-05-07,2026-05-06,RANGE_WIDE_120_220,CLOSE_POS_UPPER_THIRD,ROWS_STANDARD_9_10,4690.84,PREV_CLOSE_PROXY,,NEUTRAL,4,0.0,0.0,0.0,3,0,23.21375,True,23.21375,0.0
2026-05-08,2026-05-07,RANGE_NORMAL_60_120,CLOSE_POS_LOWER_THIRD,ROWS_STANDARD_9_10,4687.08,PREV_CLOSE_PROXY,,NEUTRAL,4,50.0,25.0,50.0,3,1,9.575625,False,9.575625,50.0
2026-05-11,2026-05-08,RANGE_NORMAL_60_120,CLOSE_POS_MIDDLE_THIRD,ROWS_STANDARD_9_10,4715.62,PREV_CLOSE_PROXY,,NEUTRAL,4,50.0,75.0,75.0,2,0,2.852813,True,2.852812,75.0
2026-05-12,2026-05-11,RANGE_NORMAL_60_120,CLOSE_POS_UPPER_THIRD,ROWS_STANDARD_9_10,4734.64,PREV_CLOSE_PROXY,,NEUTRAL,4,25.0,0.0,25.0,3,1,8.106875,True,8.106875,25.0
2026-05-13,2026-05-12,RANGE_WIDE_120_220,CLOSE_POS_MIDDLE_THIRD,ROWS_STANDARD_9_10,4715.15,PREV_CLOSE_PROXY,,NEUTRAL,4,50.0,0.0,50.0,4,2,6.655,True,6.655,50.0
2026-05-14,2026-05-13,RANGE_COMPRESSED_0_60,CLOSE_POS_MIDDLE_THIRD,ROWS_STANDARD_9_10,4688.78,PREV_CLOSE_PROXY,,NEUTRAL,4,0.0,0.0,0.0,3,0,26.331875,True,26.331875,0.0
2026-05-15,2026-05-14,RANGE_NORMAL_60_120,CLOSE_POS_LOWER_THIRD,ROWS_STANDARD_9_10,4652.36,PREV_CLOSE_PROXY,,NEUTRAL,4,50.0,25.0,50.0,3,1,7.939154,True,7.939154,50.0
2026-05-18,2026-05-15,RANGE_WIDE_120_220,CLOSE_POS_LOWER_THIRD,ROWS_STANDARD_9_10,4538.64,PREV_CLOSE_PROXY,,NEUTRAL,4,75.0,25.0,75.0,4,2,0.49,True,0.49,75.0
2026-05-19,2026-05-18,RANGE_NORMAL_60_120,CLOSE_POS_UPPER_THIRD,ROWS_STANDARD_9_10,4566.12,PREV_CLOSE_PROXY,,NEUTRAL,4,0.0,0.0,0.0,3,0,18.7275,True,18.7275,0.0
2026-05-20,2026-05-19,RANGE_WIDE_120_220,CLOSE_POS_LOWER_THIRD,ROWS_STANDARD_9_10,4481.92,PREV_CLOSE_PROXY,,NEUTRAL,4,75.0,25.0,100.0,3,3,2.330021,True,2.330021,100.0
2026-05-21,2026-05-20,RANGE_NORMAL_60_120,CLOSE_POS_UPPER_THIRD,ROWS_STANDARD_9_10,4543.62,PREV_CLOSE_PROXY,,NEUTRAL,4,0.0,0.0,0.0,2,0,18.3125,False,18.3125,0.0
2026-05-22,2026-05-21,RANGE_NORMAL_60_120,CLOSE_POS_MIDDLE_THIRD,ROWS_STANDARD_9_10,4543.05,PREV_CLOSE_PROXY,,NEUTRAL,4,75.0,25.0,75.0,3,2,2.903015,False,2.903015,75.0
2026-05-25,2026-05-22,RANGE_COMPRESSED_0_60,CLOSE_POS_LOWER_THIRD,ROWS_EXTENDED_11_PLUS,4507.9,PREV_CLOSE_PROXY,,NEUTRAL,4,0.0,0.0,0.0,4,0,28.485,True,28.485,0.0
2026-05-26,2026-05-25,RANGE_COMPRESSED_0_60,CLOSE_POS_UPPER_THIRD,ROWS_STANDARD_9_10,4570.94,PREV_CLOSE_PROXY,,NEUTRAL,4,0.0,0.0,0.0,0,0,15.964592,True,15.964591,0.0
2026-05-27,2026-05-26,RANGE_NORMAL_60_120,CLOSE_POS_LOWER_THIRD,ROWS_SPARSE_1_8,4507.47,PREV_CLOSE_PROXY,,NEUTRAL,4,50.0,25.0,50.0,3,1,4.79,True,4.79,50.0
2026-05-28,2026-05-27,RANGE_WIDE_120_220,CLOSE_POS_MIDDLE_THIRD,ROWS_STANDARD_9_10,4456.18,PREV_CLOSE_PROXY,,NEUTRAL,4,25.0,0.0,25.0,4,1,9.0625,True,9.0625,25.0
2026-05-29,2026-05-28,RANGE_WIDE_120_220,CLOSE_POS_UPPER_THIRD,ROWS_EXTENDED_11_PLUS,4495.64,PREV_CLOSE_PROXY,,NEUTRAL,4,0.0,0.0,0.0,4,0,21.8,True,21.8,0.0
2026-06-01,2026-05-29,RANGE_NORMAL_60_120,CLOSE_POS_MIDDLE_THIRD,ROWS_EXTENDED_11_PLUS,4541.13,PREV_CLOSE_PROXY,,NEUTRAL,4,0.0,0.0,0.0,1,0,17.78625,False,17.78625,0.0
2026-06-02,2026-06-01,RANGE_NORMAL_60_120,CLOSE_POS_MIDDLE_THIRD,ROWS_SPARSE_1_8,4484.66,PREV_CLOSE_PROXY,,NEUTRAL,4,25.0,0.0,25.0,3,1,7.046666,True,7.046666,25.0
2026-06-03,2026-06-02,RANGE_NORMAL_60_120,CLOSE_POS_LOWER_THIRD,ROWS_STANDARD_9_10,4487.83,PREV_CLOSE_PROXY,,NEUTRAL,4,25.0,25.0,25.0,2,0,7.723125,True,7.723125,25.0
2026-06-04,2026-06-03,RANGE_NORMAL_60_120,CLOSE_POS_LOWER_THIRD,ROWS_SPARSE_1_8,4434.35,PREV_CLOSE_PROXY,,NEUTRAL,4,75.0,50.0,100.0,2,2,2.526875,True,2.526875,100.0
2026-06-05,2026-06-04,RANGE_NORMAL_60_120,CLOSE_POS_MIDDLE_THIRD,ROWS_STANDARD_9_10,4475.16,PREV_CLOSE_PROXY,,NEUTRAL,4,50.0,0.0,50.0,4,2,5.525,True,5.525,50.0
2026-06-08,2026-06-05,RANGE_WIDE_120_220,CLOSE_POS_LOWER_THIRD,ROWS_STANDARD_9_10,4328.02,PREV_CLOSE_PROXY,,NEUTRAL,4,75.0,50.0,75.0,4,1,2.40728,True,2.40728,75.0
2026-06-09,2026-06-08,RANGE_NORMAL_60_120,CLOSE_POS_UPPER_THIRD,ROWS_SPARSE_1_8,4329.71,PREV_CLOSE_PROXY,,NEUTRAL,4,25.0,0.0,25.0,4,1,7.94875,True,7.94875,25.0
2026-06-10,2026-06-09,RANGE_WIDE_120_220,CLOSE_POS_LOWER_THIRD,ROWS_STANDARD_9_10,4259.46,PREV_CLOSE_PROXY,,NEUTRAL,4,0.0,0.0,0.0,4,0,38.33375,True,38.33375,0.0
2026-06-11,2026-06-10,RANGE_WIDE_120_220,CLOSE_POS_LOWER_THIRD,ROWS_EXTENDED_11_PLUS,4071.32,PREV_CLOSE_PROXY,,NEUTRAL,4,0.0,0.0,0.0,4,0,28.345,True,28.345,0.0
2026-06-12,2026-06-11,RANGE_WIDE_120_220,CLOSE_POS_UPPER_THIRD,ROWS_EXTENDED_11_PLUS,4210.77,PREV_CLOSE_PROXY,,NEUTRAL,4,50.0,25.0,50.0,2,1,5.872032,True,5.872032,50.0
2026-06-15,2026-06-12,RANGE_NORMAL_60_120,CLOSE_POS_MIDDLE_THIRD,ROWS_EXTENDED_11_PLUS,4218.5,PREV_CLOSE_PROXY,,NEUTRAL,4,0.0,0.0,0.0,3,0,52.143125,True,52.143125,0.0
2026-06-16,2026-06-15,RANGE_NORMAL_60_120,CLOSE_POS_MIDDLE_THIRD,ROWS_STANDARD_9_10,4309.03,PREV_CLOSE_PROXY,,NEUTRAL,4,50.0,0.0,50.0,4,2,3.646295,True,3.646295,50.0
2026-06-17,2026-06-16,RANGE_COMPRESSED_0_60,CLOSE_POS_MIDDLE_THIRD,ROWS_STANDARD_9_10,4331.14,PREV_CLOSE_PROXY,,NEUTRAL,4,0.0,25.0,25.0,3,0,8.1775,True,8.1775,25.0
2026-06-18,2026-06-17,RANGE_WIDE_120_220,CLOSE_POS_LOWER_THIRD,ROWS_SPARSE_1_8,4257.74,PREV_CLOSE_PROXY,,NEUTRAL,4,0.0,0.0,0.0,1,0,21.0225,True,21.0225,0.0
2026-06-19,2026-06-18,RANGE_WIDE_120_220,CLOSE_POS_LOWER_THIRD,ROWS_STANDARD_9_10,4209.04,PREV_CLOSE_PROXY,,NEUTRAL,4,0.0,0.0,0.0,2,0,50.440685,True,50.440685,0.0
2026-06-22,2026-06-19,RANGE_NORMAL_60_120,CLOSE_POS_MIDDLE_THIRD,ROWS_STANDARD_9_10,4155.81,PREV_CLOSE_PROXY,,NEUTRAL,4,50.0,0.0,50.0,4,2,9.135145,True,9.135145,50.0
2026-06-23,2026-06-22,RANGE_NORMAL_60_120,CLOSE_POS_MIDDLE_THIRD,ROWS_STANDARD_9_10,4191.26,PREV_CLOSE_PROXY,,NEUTRAL,4,0.0,25.0,25.0,3,0,17.244845,True,17.244845,25.0
2026-06-25,2026-06-24,RANGE_WIDE_120_220,CLOSE_POS_LOWER_THIRD,ROWS_STANDARD_9_10,3999.01,PREV_CLOSE_PROXY,,NEUTRAL,4,0.0,0.0,0.0,0,0,17.12375,False,17.12375,0.0
2026-06-26,2026-06-25,RANGE_NORMAL_60_120,CLOSE_POS_UPPER_THIRD,ROWS_STANDARD_9_10,4026.59,PREV_CLOSE_PROXY,,NEUTRAL,4,50.0,50.0,50.0,2,0,7.79125,True,7.79125,50.0
2026-06-29,2026-06-26,RANGE_NORMAL_60_120,CLOSE_POS_UPPER_THIRD,ROWS_STANDARD_9_10,4088.41,PREV_CLOSE_PROXY,,NEUTRAL,4,50.0,0.0,50.0,4,2,4.315,True,4.315,50.0
2026-06-30,2026-06-29,RANGE_NORMAL_60_120,CLOSE_POS_LOWER_THIRD,ROWS_STANDARD_9_10,4178.97,AUTO_JSON,ema_proxy_up,UP,4,25.0,0.0,25.0,3,1,7.308125,True,7.308125,25.0
