template_scope,template_key,template_signature,template_type,date_count,total_level_rows,first_date,last_date,median_day_median_abs_distance,mean_day_median_abs_distance,avg_pct_within_3,avg_pct_within_5,avg_pct_within_10,sequence_template_score,prior_range_fraction_count,prior_hlc_count,box_internal_count,box_edge_count,example_dates
focus_l4_l7_anchor_exact,T_focus_l4_l7_anchor_exact_6381f5b5,L4=green_box_quarter::green_box_1_75pct | L5=prior_range_fraction::prev_range_0.25 | L6=red_box_midline::red_mid_2 | L7=red_box_quarter::red_box_2_75pct,BOX_INTERNAL_TEMPLATE,2,16,2025-12-15,2025-12-16,1.0975,1.0975,87.5,100.0,100.0,83.40625,4,0,10,2,2025-12-15; 2025-12-16
focus_l4_l7_family,T_focus_l4_l7_family_0c7c5c55,L4=green_box_quarter | L5=prior_range_fraction | L6=red_box_midline | L7=red_box_quarter,BOX_INTERNAL_TEMPLATE,2,16,2025-12-15,2025-12-16,1.0975,1.0975,87.5,100.0,100.0,83.40625,4,0,10,2,2025-12-15; 2025-12-16
focus_l4_l7_family,T_focus_l4_l7_family_cfc6cc7e,L4=prior_range_fraction | L5=prior_hlc | L6=prior_hlc | L7=red_box_edge,BOX_INTERNAL_TEMPLATE,2,19,2026-03-13,2026-05-18,1.379063,1.379063,83.333334,94.444445,100.0,79.674566,3,5,9,2,2026-03-13; 2026-05-18
focus_l4_l7_family,T_focus_l4_l7_family_5ca12015,L4=prior_range_fraction | L5=red_box_edge | L6=red_box_midline | L7=red_box_edge,BOX_INTERNAL_TEMPLATE,2,18,2025-12-05,2026-01-27,1.525625,1.525625,77.5,95.0,100.0,76.985938,3,0,10,5,2025-12-05; 2026-01-27
focus_l4_l7_family,T_focus_l4_l7_family_bb6272e7,L4=prior_range_fraction | L5=red_box_quarter | L6=red_box_quarter | L7=red_box_quarter,BOX_INTERNAL_TEMPLATE,2,19,2025-10-02,2026-06-10,2.091771,2.091771,77.777778,100.0,100.0,76.837239,5,1,13,0,2025-10-02; 2026-06-10
focus_l4_l7_anchor_exact,T_focus_l4_l7_anchor_exact_ba8b48bd,L4=green_box_quarter::green_box_1_75pct | L5=green_box_quarter::green_box_1_25pct | L6=red_box_midline::red_mid_2 | L7=red_box_edge::red_edge_2,BOX_INTERNAL_TEMPLATE,2,15,2025-10-08,2025-12-11,1.21375,1.21375,73.214286,92.857143,92.857143,75.472768,2,0,8,5,2025-10-08; 2025-12-11
focus_l4_l7_family,T_focus_l4_l7_family_d82fb88c,L4=green_box_quarter | L5=green_box_quarter | L6=red_box_midline | L7=red_box_edge,BOX_INTERNAL_TEMPLATE,2,15,2025-10-08,2025-12-11,1.21375,1.21375,73.214286,92.857143,92.857143,75.472768,2,0,8,5,2025-10-08; 2025-12-11
focus_l4_l7_anchor_exact,T_focus_l4_l7_anchor_exact_10f7130a,L4=green_box_midline::green_mid_2 | L5=green_box_edge::green_edge_1 | L6=prior_range_fraction::prev_range_0.25 | L7=red_box_quarter::red_box_2_75pct,BOX_INTERNAL_TEMPLATE,2,19,2025-11-04,2026-04-08,1.63125,1.63125,68.888889,94.444445,100.0,72.977431,2,0,11,6,2025-11-04; 2026-04-08
focus_l4_l7_family,T_focus_l4_l7_family_d483f861,L4=green_box_midline | L5=green_box_edge | L6=prior_range_fraction | L7=red_box_quarter,BOX_INTERNAL_TEMPLATE,2,19,2025-11-04,2026-04-08,1.63125,1.63125,68.888889,94.444445,100.0,72.977431,2,0,11,6,2025-11-04; 2026-04-08
focus_l4_l7_family,T_focus_l4_l7_family_8e5a6478,L4=prior_range_fraction | L5=green_box_quarter | L6=red_box_quarter | L7=red_box_quarter,BOX_INTERNAL_TEMPLATE,2,16,2025-11-05,2026-03-06,2.415,2.415,62.5,93.75,100.0,68.175,3,1,11,1,2025-11-05; 2026-03-06
focus_l4_l7_family,T_focus_l4_l7_family_4954d0c2,L4=prior_range_fraction | L5=red_box_midline | L6=prior_hlc | L7=red_box_edge,BOX_INTERNAL_TEMPLATE,2,18,2026-01-01,2026-03-10,1.775,1.775,66.666667,77.777778,94.444445,67.851389,4,2,8,4,2026-01-01; 2026-03-10
focus_l4_l7_family,T_focus_l4_l7_family_22b7c555,L4=prior_hlc | L5=prior_range_fraction | L6=prior_hlc | L7=red_box_quarter,BOX_INTERNAL_TEMPLATE,2,17,2025-12-19,2026-06-29,1.988125,1.988125,65.277778,77.777778,100.0,66.735243,2,5,6,4,2025-12-19; 2026-06-29
focus_l4_l7_family,T_focus_l4_l7_family_abe1feb0,L4=green_box_quarter | L5=green_box_quarter | L6=prior_range_fraction | L7=prior_range_fraction,BOX_INTERNAL_TEMPLATE,3,31,2026-01-07,2026-05-22,1.765625,2.097085,58.181818,84.242424,96.969697,66.498059,6,1,18,6,2026-01-07; 2026-04-27; 2026-05-22
focus_l4_l7_anchor_exact,T_focus_l4_l7_anchor_exact_9dcc6759,L4=green_box_quarter::green_box_3_25pct | L5=green_box_quarter::green_box_2_75pct | L6=prior_range_fraction::prev_range_0.75 | L7=prior_range_fraction::prev_range_0.382,BOX_INTERNAL_TEMPLATE,2,21,2026-04-27,2026-05-22,2.317813,2.317813,57.272728,81.363636,95.454545,63.373651,4,1,12,4,2026-04-27; 2026-05-22
focus_l4_l7_family,T_focus_l4_l7_family_021a131c,L4=green_box_quarter | L5=green_box_quarter | L6=prior_hlc | L7=red_box_quarter,BOX_INTERNAL_TEMPLATE,2,20,2026-03-12,2026-05-13,2.529375,2.529375,60.0,75.0,100.0,62.526563,0,3,15,2,2026-03-12; 2026-05-13
focus_l4_l7_family,T_focus_l4_l7_family_73e6bc17,L4=green_box_edge | L5=prior_hlc | L6=prior_range_fraction | L7=prior_hlc,BOX_INTERNAL_TEMPLATE,2,21,2025-12-29,2026-05-19,2.16875,2.16875,57.272728,75.909091,100.0,62.491761,3,4,10,4,2025-12-29; 2026-05-19
focus_l4_l7_family,T_focus_l4_l7_family_a30bb2bf,L4=green_box_quarter | L5=green_box_quarter | L6=red_box_quarter | L7=prior_range_fraction,BOX_INTERNAL_TEMPLATE,2,20,2025-11-11,2026-04-24,2.290625,2.290625,55.0,80.0,100.0,62.173437,4,0,14,2,2025-11-11; 2026-04-24
focus_l4_l7_anchor_exact,T_focus_l4_l7_anchor_exact_96b4100d,L4=green_box_edge::green_edge_2 | L5=prior_hlc::previous_high | L6=green_box_quarter::green_box_2_25pct | L7=red_box_quarter::red_box_1_75pct,BOX_INTERNAL_TEMPLATE,2,21,2025-10-29,2026-02-24,2.746875,2.746875,52.727272,81.363636,95.454545,60.391903,1,2,13,5,2025-10-29; 2026-02-24
focus_l4_l7_family,T_focus_l4_l7_family_d5271862,L4=green_box_edge | L5=prior_hlc | L6=green_box_quarter | L7=red_box_quarter,BOX_INTERNAL_TEMPLATE,2,21,2025-10-29,2026-02-24,2.746875,2.746875,52.727272,81.363636,95.454545,60.391903,1,2,13,5,2025-10-29; 2026-02-24
focus_l4_l7_family,T_focus_l4_l7_family_418ecdd0,L4=prior_hlc | L5=prior_range_fraction | L6=red_box_quarter | L7=red_box_quarter,BOX_INTERNAL_TEMPLATE,3,26,2025-11-27,2026-06-22,2.835,2.891106,50.0,73.148148,96.296296,57.836574,4,3,12,7,2025-11-27; 2026-06-02; 2026-06-22
focus_l4_l7_family,T_focus_l4_l7_family_3eaa2a1a,L4=green_box_quarter | L5=prior_range_fraction | L6=prior_hlc | L7=red_box_edge,BOX_INTERNAL_TEMPLATE,2,19,2025-11-17,2025-11-26,3.38143,3.38143,47.222222,78.333334,89.444445,55.796425,3,2,9,5,2025-11-17; 2025-11-26
focus_l4_l7_anchor_exact,T_focus_l4_l7_anchor_exact_9f090910,L4=green_box_edge::green_edge_2 | L5=green_box_midline::green_mid_2 | L6=red_box_midline::red_mid_1 | L7=prior_range_fraction::prev_range_0.382,BOX_INTERNAL_TEMPLATE,2,20,2025-11-13,2026-03-09,3.60503,3.60503,45.0,70.0,100.0,52.387425,2,1,13,4,2025-11-13; 2026-03-09
focus_l4_l7_family,T_focus_l4_l7_family_9f7deac1,L4=green_box_edge | L5=green_box_midline | L6=red_box_midline | L7=prior_range_fraction,BOX_INTERNAL_TEMPLATE,2,20,2025-11-13,2026-03-09,3.60503,3.60503,45.0,70.0,100.0,52.387425,2,1,13,4,2025-11-13; 2026-03-09
focus_l4_l7_family,T_focus_l4_l7_family_06e29082,L4=prior_range_fraction | L5=red_box_midline | L6=prior_hlc | L7=red_box_quarter,BOX_INTERNAL_TEMPLATE,2,19,2026-02-13,2026-03-19,3.988125,3.988125,43.181818,67.613636,95.454545,50.117187,5,2,10,2,2026-02-13; 2026-03-19
focus_l4_l7_family,T_focus_l4_l7_family_5e53b26b,L4=green_box_quarter | L5=green_box_midline | L6=prior_range_fraction | L7=red_box_edge,BOX_INTERNAL_TEMPLATE,3,31,2025-10-23,2026-04-02,3.635,4.96836,34.259259,57.037037,88.888889,45.519907,4,0,20,7,2025-10-23; 2026-02-09; 2026-04-02
focus_l4_l7_family,T_focus_l4_l7_family_e122feec,L4=red_box_midline | L5=prior_hlc | L6=red_box_quarter | L7=prior_hlc,BOX_INTERNAL_TEMPLATE,2,19,2025-12-30,2026-01-05,4.304062,4.304062,36.111111,62.222222,100.0,45.117621,1,4,11,3,2025-12-30; 2026-01-05
focus_l4_l7_anchor_exact,T_focus_l4_l7_anchor_exact_aa1be42a,L4=green_box_quarter::green_box_2_75pct | L5=green_box_midline::green_mid_2 | L6=prior_range_fraction::prev_range_0.618 | L7=red_box_edge::red_edge_1,BOX_INTERNAL_TEMPLATE,2,19,2025-10-23,2026-02-09,5.63504,5.63504,30.555556,52.222222,83.333334,37.156844,2,0,14,3,2025-10-23; 2026-02-09
full_anchor_exact,T_full_anchor_exact_66ff51ff,L1=green_box_edge::green_edge_2 | L2=green_box_quarter::green_box_2_75pct | L3=prior_range_fraction::prev_range_0.75 | L4=prior_range_fraction::prev_range_0.666667 | L5=prior_hlc::previous_close | L6=prior_range_fraction::prev_range_0.333333 | L7=red_box_midline::red_mid_2 | L8=prior_range_fraction::prev_range_0.125 | L9=red_box_edge::red_edge_2,PRIOR_RANGE_FRACTION_TEMPLATE,2,18,2026-04-03,2026-04-06,8.665,8.665,22.222222,22.222222,55.555556,19.181944,8,2,4,4,2026-04-03; 2026-04-06
full_family,T_full_family_61052642,L1=green_box_edge | L2=green_box_quarter | L3=prior_range_fraction | L4=prior_range_fraction | L5=prior_hlc | L6=prior_range_fraction | L7=red_box_midline | L8=prior_range_fraction | L9=red_box_edge,PRIOR_RANGE_FRACTION_TEMPLATE,2,18,2026-04-03,2026-04-06,8.665,8.665,22.222222,22.222222,55.555556,19.181944,8,2,4,4,2026-04-03; 2026-04-06
focus_l4_l7_anchor_exact,T_focus_l4_l7_anchor_exact_70334570,L4=prior_range_fraction::prev_range_0.666667 | L5=prior_hlc::previous_close | L6=prior_range_fraction::prev_range_0.333333 | L7=red_box_midline::red_mid_2,PRIOR_RANGE_FRACTION_TEMPLATE,2,18,2026-04-03,2026-04-06,8.665,8.665,22.222222,22.222222,55.555556,19.181944,8,2,4,4,2026-04-03; 2026-04-06
focus_l4_l7_family,T_focus_l4_l7_family_f17c75cb,L4=prior_range_fraction | L5=prior_hlc | L6=prior_range_fraction | L7=red_box_midline,PRIOR_RANGE_FRACTION_TEMPLATE,2,18,2026-04-03,2026-04-06,8.665,8.665,22.222222,22.222222,55.555556,19.181944,8,2,4,4,2026-04-03; 2026-04-06
