level_date,prev_date,range_bucket,close_position_bucket,rows_bucket,live_reference_price,live_reference_source,live_channel_state,live_channel_norm,prediction_available_levels,missing_prediction_levels,live_top1_pct_within_3,live_top1_pct_within_5,live_top3_pct_within_3,live_top3_pct_within_5,live_best_median_abs_error,live_best_mean_abs_error,live_best_pct_within_3,live_best_pct_within_5,live_top1_median_abs_error,live_cluster_band_median_width,live_ordered_ladder_valid,live_ordered_ladder_median_abs_error,live_ordered_ladder_pct_within_3,live_ordered_ladder_pct_within_5,live_bracketed_by_L5_L6
2025-10-02,2025-10-01,RANGE_COMPRESSED_0_60,CLOSE_POS_LOWER_THIRD,ROWS_STANDARD_9_10,3865.54,PREV_CLOSE_PROXY,,NEUTRAL,4,0,0.0,0.0,0.0,0.0,27.674792,27.822396,0.0,0.0,27.674792,0.0,True,27.674792,0.0,0.0,False
2025-10-03,2025-10-02,RANGE_NORMAL_60_120,CLOSE_POS_MIDDLE_THIRD,ROWS_STANDARD_9_10,3856.24,PREV_CLOSE_PROXY,,NEUTRAL,4,0,0.0,0.0,0.0,0.0,28.000417,28.451146,0.0,0.0,28.000417,0.0,True,28.000417,0.0,0.0,True
2025-10-06,2025-10-03,RANGE_COMPRESSED_0_60,CLOSE_POS_UPPER_THIRD,ROWS_SPARSE_1_8,3886.43,PREV_CLOSE_PROXY,,NEUTRAL,4,0,0.0,0.0,0.0,0.0,12.66,13.466567,0.0,0.0,12.66,0.0,True,12.66,0.0,0.0,False
2025-10-07,2025-10-06,RANGE_NORMAL_60_120,CLOSE_POS_UPPER_THIRD,ROWS_SPARSE_1_8,3961.0,PREV_CLOSE_PROXY,,NEUTRAL,4,0,0.0,0.0,0.0,0.0,15.075,56.286563,0.0,0.0,15.075,0.0,True,15.075,0.0,0.0,False
2025-10-08,2025-10-07,RANGE_COMPRESSED_0_60,CLOSE_POS_UPPER_THIRD,ROWS_SPARSE_1_8,3984.32,PREV_CLOSE_PROXY,,NEUTRAL,4,0,75.0,100.0,75.0,100.0,1.4125,1.745,75.0,100.0,1.4125,0.0,True,1.4125,75.0,100.0,False
2025-10-09,2025-10-08,RANGE_NORMAL_60_120,CLOSE_POS_UPPER_THIRD,ROWS_SPARSE_1_8,4041.38,PREV_CLOSE_PROXY,,NEUTRAL,4,0,25.0,25.0,25.0,25.0,21.2975,45.75125,25.0,25.0,21.2975,0.0,True,21.2975,25.0,25.0,False
2025-10-10,2025-10-09,RANGE_NORMAL_60_120,CLOSE_POS_LOWER_THIRD,ROWS_STANDARD_9_10,3975.96,PREV_CLOSE_PROXY,,NEUTRAL,4,0,25.0,25.0,25.0,25.0,11.88875,12.181875,25.0,25.0,17.670625,0.0,True,17.670625,25.0,25.0,True
2025-10-13,2025-10-10,RANGE_NORMAL_60_120,CLOSE_POS_UPPER_THIRD,ROWS_STANDARD_9_10,4012.42,PREV_CLOSE_PROXY,,NEUTRAL,4,0,75.0,75.0,75.0,75.0,0.868125,2.193021,75.0,75.0,0.868125,0.0,True,0.868125,75.0,75.0,False
2025-10-14,2025-10-13,RANGE_WIDE_120_220,CLOSE_POS_UPPER_THIRD,ROWS_SPARSE_1_8,4110.41,PREV_CLOSE_PROXY,,NEUTRAL,4,0,25.0,25.0,25.0,25.0,16.233125,18.28125,25.0,25.0,16.233125,0.0,True,22.379375,25.0,25.0,False
2025-10-15,2025-10-14,RANGE_NORMAL_60_120,CLOSE_POS_MIDDLE_THIRD,ROWS_STANDARD_9_10,4142.14,PREV_CLOSE_PROXY,,NEUTRAL,4,0,0.0,0.0,0.0,0.0,29.44125,27.853125,0.0,0.0,29.44125,0.0,True,29.44125,0.0,0.0,False
2025-10-16,2025-10-15,RANGE_NORMAL_60_120,CLOSE_POS_UPPER_THIRD,ROWS_STANDARD_9_10,4208.11,PREV_CLOSE_PROXY,,NEUTRAL,4,0,25.0,50.0,50.0,50.0,5.49618,6.00559,50.0,50.0,5.71243,0.3175,True,5.71243,25.0,50.0,False
2025-10-17,2025-10-16,RANGE_WIDE_120_220,CLOSE_POS_UPPER_THIRD,ROWS_EXTENDED_11_PLUS,4325.92,PREV_CLOSE_PROXY,,NEUTRAL,4,0,0.0,0.0,0.0,0.0,12.755625,11.998125,0.0,0.0,12.755625,0.0,True,12.755625,0.0,0.0,False
2025-10-20,2025-10-17,RANGE_WIDE_120_220,CLOSE_POS_MIDDLE_THIRD,ROWS_STANDARD_9_10,4252.68,PREV_CLOSE_PROXY,,NEUTRAL,4,0,0.0,0.0,0.0,0.0,77.105312,71.916094,0.0,0.0,90.019063,0.0,True,90.019063,0.0,0.0,False
2025-10-21,2025-10-20,RANGE_WIDE_120_220,CLOSE_POS_UPPER_THIRD,ROWS_EXTENDED_11_PLUS,4356.3,PREV_CLOSE_PROXY,,NEUTRAL,4,0,0.0,25.0,0.0,25.0,35.17,33.04,0.0,25.0,35.17,0.0,True,35.17,0.0,25.0,False
2025-10-22,2025-10-21,RANGE_EXTREME_220_PLUS,CLOSE_POS_LOWER_THIRD,ROWS_EXTENDED_11_PLUS,4124.9,PREV_CLOSE_PROXY,,NEUTRAL,4,0,0.0,0.0,0.0,0.0,51.3375,51.281562,0.0,0.0,66.3375,0.0,True,66.3375,0.0,0.0,True
2025-10-23,2025-10-22,RANGE_WIDE_120_220,CLOSE_POS_MIDDLE_THIRD,ROWS_STANDARD_9_10,4098.38,PREV_CLOSE_PROXY,,NEUTRAL,4,0,0.0,0.0,0.0,0.0,83.695651,81.624075,0.0,0.0,83.695651,0.0,True,83.695651,0.0,0.0,False
2025-10-24,2025-10-23,RANGE_NORMAL_60_120,CLOSE_POS_UPPER_THIRD,ROWS_STANDARD_9_10,4125.98,PREV_CLOSE_PROXY,,NEUTRAL,4,0,0.0,0.0,25.0,25.0,18.74625,17.776042,25.0,25.0,18.74625,0.851875,True,18.74625,0.0,0.0,False
2025-10-27,2025-10-24,RANGE_NORMAL_60_120,CLOSE_POS_UPPER_THIRD,ROWS_STANDARD_9_10,4112.26,PREV_CLOSE_PROXY,,NEUTRAL,4,0,25.0,25.0,25.0,50.0,5.90875,5.536562,25.0,50.0,8.618575,0.0,True,5.90875,25.0,50.0,True
2025-10-28,2025-10-27,RANGE_WIDE_120_220,CLOSE_POS_LOWER_THIRD,ROWS_EXTENDED_11_PLUS,3981.07,PREV_CLOSE_PROXY,,NEUTRAL,4,0,0.0,0.0,25.0,25.0,4.34962,6.02356,25.0,50.0,66.5925,0.0,True,66.5925,0.0,0.0,False
2025-10-29,2025-10-28,RANGE_WIDE_120_220,CLOSE_POS_MIDDLE_THIRD,ROWS_STANDARD_9_10,3952.66,PREV_CLOSE_PROXY,,NEUTRAL,4,0,0.0,0.0,0.0,0.0,21.0071,19.536675,0.0,0.0,49.05875,0.0,True,49.05875,0.0,0.0,True
2025-10-30,2025-10-29,RANGE_NORMAL_60_120,CLOSE_POS_LOWER_THIRD,ROWS_EXTENDED_11_PLUS,3930.12,PREV_CLOSE_PROXY,,NEUTRAL,4,0,0.0,0.0,0.0,0.0,98.775625,99.005625,0.0,0.0,98.775625,0.0,True,98.775625,0.0,0.0,False
2025-10-31,2025-10-30,RANGE_NORMAL_60_120,CLOSE_POS_UPPER_THIRD,ROWS_STANDARD_9_10,4024.28,PREV_CLOSE_PROXY,,NEUTRAL,4,0,0.0,25.0,0.0,25.0,12.5125,10.757812,0.0,25.0,12.5125,0.0,True,12.5125,0.0,25.0,False
2025-11-03,2025-10-31,RANGE_NORMAL_60_120,CLOSE_POS_MIDDLE_THIRD,ROWS_EXTENDED_11_PLUS,4002.19,PREV_CLOSE_PROXY,,NEUTRAL,4,0,0.0,0.0,0.0,0.0,9.9175,11.244062,0.0,0.0,13.59,0.0,True,13.59,0.0,0.0,True
2025-11-04,2025-11-03,RANGE_NORMAL_60_120,CLOSE_POS_MIDDLE_THIRD,ROWS_STANDARD_9_10,4001.26,PREV_CLOSE_PROXY,,NEUTRAL,4,0,0.0,25.0,0.0,25.0,16.479375,15.479687,0.0,25.0,19.55375,0.0,True,19.55375,0.0,25.0,False
2025-11-05,2025-11-04,RANGE_NORMAL_60_120,CLOSE_POS_LOWER_THIRD,ROWS_SPARSE_1_8,3931.9,PREV_CLOSE_PROXY,,NEUTRAL,4,0,0.0,25.0,0.0,25.0,18.095625,20.315,0.0,25.0,18.095625,0.0,True,18.095625,0.0,25.0,False
2025-11-06,2025-11-05,RANGE_NORMAL_60_120,CLOSE_POS_UPPER_THIRD,ROWS_STANDARD_9_10,3979.04,PREV_CLOSE_PROXY,,NEUTRAL,4,0,50.0,50.0,50.0,50.0,3.6775,3.766146,50.0,50.0,3.6775,0.0,True,3.6775,50.0,50.0,True
2025-11-07,2025-11-06,RANGE_COMPRESSED_0_60,CLOSE_POS_LOWER_THIRD,ROWS_SPARSE_1_8,3976.93,PREV_CLOSE_PROXY,,NEUTRAL,4,0,25.0,25.0,25.0,25.0,6.23,6.128442,25.0,25.0,6.23,0.0,True,6.23,25.0,25.0,False
2025-11-10,2025-11-07,RANGE_COMPRESSED_0_60,CLOSE_POS_MIDDLE_THIRD,ROWS_STANDARD_9_10,4000.84,PREV_CLOSE_PROXY,,NEUTRAL,4,0,50.0,50.0,50.0,50.0,4.465312,6.185521,50.0,50.0,4.465312,0.717812,True,4.465312,50.0,50.0,False
2025-11-11,2025-11-10,RANGE_NORMAL_60_120,CLOSE_POS_UPPER_THIRD,ROWS_STANDARD_9_10,4115.78,PREV_CLOSE_PROXY,,NEUTRAL,4,0,0.0,0.0,0.0,0.0,22.38999,20.19964,0.0,0.0,22.38999,0.0,True,22.38999,0.0,0.0,False
2025-11-12,2025-11-11,RANGE_COMPRESSED_0_60,CLOSE_POS_MIDDLE_THIRD,ROWS_SPARSE_1_8,4126.6,PREV_CLOSE_PROXY,,NEUTRAL,4,0,0.0,0.0,0.0,0.0,19.984575,20.533225,0.0,0.0,19.984575,0.0,True,19.984575,0.0,0.0,False
2025-11-13,2025-11-12,RANGE_NORMAL_60_120,CLOSE_POS_UPPER_THIRD,ROWS_STANDARD_9_10,4195.32,PREV_CLOSE_PROXY,,NEUTRAL,4,0,25.0,25.0,50.0,50.0,3.390428,4.195214,50.0,50.0,6.12878,0.0,True,6.12878,25.0,25.0,True
2025-11-14,2025-11-13,RANGE_NORMAL_60_120,CLOSE_POS_LOWER_THIRD,ROWS_EXTENDED_11_PLUS,4171.26,PREV_CLOSE_PROXY,,NEUTRAL,4,0,0.0,0.0,0.0,0.0,36.37,36.135008,0.0,0.0,36.37,0.0,True,36.37,0.0,0.0,False
2025-11-17,2025-11-14,RANGE_WIDE_120_220,CLOSE_POS_LOWER_THIRD,ROWS_STANDARD_9_10,4085.1,PREV_CLOSE_PROXY,,NEUTRAL,4,0,0.0,0.0,0.0,0.0,107.04857,110.474285,0.0,0.0,107.04857,0.0,True,107.04857,0.0,0.0,False
2025-11-18,2025-11-17,RANGE_NORMAL_60_120,CLOSE_POS_MIDDLE_THIRD,ROWS_STANDARD_9_10,4045.52,PREV_CLOSE_PROXY,,NEUTRAL,4,0,50.0,75.0,50.0,75.0,3.34375,4.849062,50.0,75.0,3.34375,0.0,True,3.34375,50.0,75.0,True
2025-11-19,2025-11-18,RANGE_NORMAL_60_120,CLOSE_POS_UPPER_THIRD,ROWS_STANDARD_9_10,4067.3,PREV_CLOSE_PROXY,,NEUTRAL,4,0,0.0,0.0,50.0,50.0,4.805,5.35619,50.0,50.0,12.13334,0.0,True,12.13334,0.0,0.0,True
2025-11-20,2025-11-19,RANGE_NORMAL_60_120,CLOSE_POS_LOWER_THIRD,ROWS_SPARSE_1_8,4077.81,PREV_CLOSE_PROXY,,NEUTRAL,4,0,50.0,50.0,50.0,50.0,3.3375,3.452495,50.0,50.0,3.3375,0.0,True,3.3375,50.0,50.0,False
2025-11-21,2025-11-20,RANGE_NORMAL_60_120,CLOSE_POS_MIDDLE_THIRD,ROWS_STANDARD_9_10,4077.2,PREV_CLOSE_PROXY,,NEUTRAL,4,0,0.0,0.0,0.0,25.0,4.65125,4.681875,25.0,50.0,15.4275,0.0,True,15.4275,0.0,0.0,True
2025-11-24,2025-11-21,RANGE_NORMAL_60_120,CLOSE_POS_MIDDLE_THIRD,ROWS_STANDARD_9_10,4065.26,PREV_CLOSE_PROXY,,NEUTRAL,4,0,50.0,50.0,50.0,75.0,3.846875,4.673125,50.0,75.0,6.253125,0.0,True,6.253125,50.0,50.0,True
2025-11-25,2025-11-24,RANGE_NORMAL_60_120,CLOSE_POS_UPPER_THIRD,ROWS_STANDARD_9_10,4134.62,PREV_CLOSE_PROXY,,NEUTRAL,4,0,0.0,0.0,0.0,25.0,5.314792,5.219908,25.0,50.0,30.211575,0.0,True,30.211575,0.0,0.0,True
2025-11-26,2025-11-25,RANGE_COMPRESSED_0_60,CLOSE_POS_MIDDLE_THIRD,ROWS_STANDARD_9_10,4130.64,PREV_CLOSE_PROXY,,NEUTRAL,4,0,25.0,25.0,25.0,25.0,16.091675,16.614587,25.0,25.0,16.091675,0.0,True,16.091675,25.0,25.0,False
2025-11-27,2025-11-26,RANGE_COMPRESSED_0_60,CLOSE_POS_UPPER_THIRD,ROWS_STANDARD_9_10,4163.7,PREV_CLOSE_PROXY,,NEUTRAL,4,0,0.0,25.0,0.0,25.0,12.822604,13.874896,0.0,25.0,12.822604,0.851875,True,12.822604,0.0,25.0,False
2025-11-28,2025-11-27,RANGE_COMPRESSED_0_60,CLOSE_POS_MIDDLE_THIRD,ROWS_STANDARD_9_10,4157.37,PREV_CLOSE_PROXY,,NEUTRAL,4,0,0.0,0.0,0.0,0.0,14.055829,17.494789,0.0,0.0,27.4775,0.0,True,27.4775,0.0,0.0,True
2025-12-01,2025-11-28,RANGE_NORMAL_60_120,CLOSE_POS_UPPER_THIRD,ROWS_STANDARD_9_10,4219.51,PREV_CLOSE_PROXY,,NEUTRAL,4,0,0.0,0.0,25.0,50.0,5.1425,4.589375,25.0,50.0,11.587916,0.0,True,11.587916,0.0,0.0,True
2025-12-02,2025-12-01,RANGE_COMPRESSED_0_60,CLOSE_POS_MIDDLE_THIRD,ROWS_SPARSE_1_8,4232.12,PREV_CLOSE_PROXY,,NEUTRAL,4,0,25.0,25.0,25.0,25.0,12.12808,12.59154,25.0,25.0,12.12808,0.0,True,12.12808,25.0,25.0,False
2025-12-03,2025-12-02,RANGE_NORMAL_60_120,CLOSE_POS_MIDDLE_THIRD,ROWS_STANDARD_9_10,4205.64,PREV_CLOSE_PROXY,,NEUTRAL,4,0,0.0,50.0,25.0,75.0,4.03,4.32375,25.0,75.0,5.6725,0.0,True,5.6725,0.0,50.0,True
2025-12-04,2025-12-03,RANGE_COMPRESSED_0_60,CLOSE_POS_LOWER_THIRD,ROWS_SPARSE_1_8,4202.98,PREV_CLOSE_PROXY,,NEUTRAL,4,0,25.0,25.0,25.0,25.0,5.845,7.57625,25.0,25.0,5.845,0.0,True,5.845,25.0,25.0,False
2025-12-05,2025-12-04,RANGE_COMPRESSED_0_60,CLOSE_POS_UPPER_THIRD,ROWS_SPARSE_1_8,4208.64,PREV_CLOSE_PROXY,,NEUTRAL,4,0,75.0,100.0,75.0,100.0,1.909063,1.929792,75.0,100.0,1.909063,0.899375,True,1.909063,75.0,100.0,False
2025-12-08,2025-12-05,RANGE_NORMAL_60_120,CLOSE_POS_LOWER_THIRD,ROWS_SPARSE_1_8,4199.09,PREV_CLOSE_PROXY,,NEUTRAL,4,0,0.0,0.0,0.0,0.0,11.804063,13.283719,0.0,0.0,11.804063,0.0,True,11.804063,0.0,0.0,True
2025-12-09,2025-12-08,RANGE_COMPRESSED_0_60,CLOSE_POS_MIDDLE_THIRD,ROWS_SPARSE_1_8,4190.56,PREV_CLOSE_PROXY,,NEUTRAL,4,0,0.0,0.0,0.0,0.0,13.31,13.954865,0.0,0.0,13.31,0.0,True,13.31,0.0,0.0,False
2025-12-10,2025-12-09,RANGE_COMPRESSED_0_60,CLOSE_POS_UPPER_THIRD,ROWS_SPARSE_1_8,4208.1,PREV_CLOSE_PROXY,,NEUTRAL,4,0,0.0,0.0,0.0,0.0,12.909375,12.979269,0.0,0.0,12.909375,1.32875,True,12.909375,0.0,0.0,False
2025-12-11,2025-12-10,RANGE_COMPRESSED_0_60,CLOSE_POS_UPPER_THIRD,ROWS_SPARSE_1_8,4228.54,PREV_CLOSE_PROXY,,NEUTRAL,4,0,0.0,0.0,75.0,100.0,2.396562,2.430523,75.0,100.0,14.365625,0.842187,True,14.365625,0.0,0.0,False
2025-12-12,2025-12-11,RANGE_NORMAL_60_120,CLOSE_POS_UPPER_THIRD,ROWS_STANDARD_9_10,4279.59,PREV_CLOSE_PROXY,,NEUTRAL,4,0,0.0,0.0,25.0,50.0,5.29862,5.769206,25.0,50.0,34.267292,0.710417,True,34.267292,0.0,0.0,True
2025-12-15,2025-12-12,RANGE_NORMAL_60_120,CLOSE_POS_MIDDLE_THIRD,ROWS_SPARSE_1_8,4299.72,PREV_CLOSE_PROXY,,NEUTRAL,4,0,0.0,0.0,25.0,25.0,4.78125,7.463073,25.0,75.0,25.735466,0.0,True,25.735466,0.0,0.0,True
2025-12-16,2025-12-15,RANGE_NORMAL_60_120,CLOSE_POS_LOWER_THIRD,ROWS_SPARSE_1_8,4304.91,PREV_CLOSE_PROXY,,NEUTRAL,4,0,25.0,25.0,25.0,50.0,9.629755,10.644409,25.0,50.0,13.290625,0.0,True,13.290625,25.0,25.0,False
2025-12-17,2025-12-16,RANGE_NORMAL_60_120,CLOSE_POS_MIDDLE_THIRD,ROWS_SPARSE_1_8,4302.04,PREV_CLOSE_PROXY,,NEUTRAL,4,0,0.0,0.0,0.0,0.0,9.086875,9.43,0.0,0.0,9.086875,0.0,True,9.086875,0.0,0.0,False
2025-12-19,2025-12-18,RANGE_NORMAL_60_120,CLOSE_POS_MIDDLE_THIRD,ROWS_SPARSE_1_8,4332.34,PREV_CLOSE_PROXY,,NEUTRAL,4,0,25.0,25.0,50.0,100.0,2.546875,2.43625,50.0,100.0,9.699585,0.0,True,9.699585,25.0,25.0,True
2025-12-22,2025-12-19,RANGE_COMPRESSED_0_60,CLOSE_POS_MIDDLE_THIRD,ROWS_SPARSE_1_8,4338.16,PREV_CLOSE_PROXY,,NEUTRAL,4,0,0.0,0.0,25.0,50.0,6.03625,5.96417,25.0,50.0,11.8275,0.0,True,11.8275,0.0,0.0,False
2025-12-23,2025-12-22,RANGE_NORMAL_60_120,CLOSE_POS_UPPER_THIRD,ROWS_STANDARD_9_10,4443.59,PREV_CLOSE_PROXY,,NEUTRAL,4,0,0.0,0.0,0.0,0.0,17.99,22.00928,0.0,0.0,17.99,0.0,True,17.99,0.0,0.0,True
2025-12-24,2025-12-23,RANGE_NORMAL_60_120,CLOSE_POS_UPPER_THIRD,ROWS_SPARSE_1_8,4484.54,PREV_CLOSE_PROXY,,NEUTRAL,3,1,0.0,33.333333,0.0,33.333333,5.31125,5.71,0.0,33.333333,11.82125,0.0,False,,,,
2025-12-26,2025-12-24,RANGE_NORMAL_60_120,CLOSE_POS_MIDDLE_THIRD,ROWS_SPARSE_1_8,4479.58,PREV_CLOSE_PROXY,,NEUTRAL,4,0,25.0,25.0,25.0,50.0,6.174062,8.947989,25.0,50.0,7.988138,0.396562,True,7.988138,25.0,25.0,False
2025-12-29,2025-12-26,RANGE_NORMAL_60_120,CLOSE_POS_UPPER_THIRD,ROWS_EXTENDED_11_PLUS,4531.0,PREV_CLOSE_PROXY,,NEUTRAL,4,0,0.0,0.0,50.0,50.0,1.676985,2.761425,75.0,75.0,16.536875,0.0,True,16.536875,0.0,0.0,True
2025-12-30,2025-12-29,RANGE_EXTREME_220_PLUS,CLOSE_POS_LOWER_THIRD,ROWS_STANDARD_9_10,4332.04,PREV_CLOSE_PROXY,,NEUTRAL,4,0,0.0,0.0,0.0,0.0,76.851625,78.050813,0.0,0.0,76.851625,0.0,True,76.851625,0.0,0.0,False
2026-01-01,2025-12-31,RANGE_NORMAL_60_120,CLOSE_POS_MIDDLE_THIRD,ROWS_STANDARD_9_10,4318.87,PREV_CLOSE_PROXY,,NEUTRAL,4,0,0.0,25.0,0.0,25.0,13.91193,11.858954,0.0,25.0,19.03875,0.0,True,19.03875,0.0,25.0,True
2026-01-02,2025-12-31,RANGE_NORMAL_60_120,CLOSE_POS_MIDDLE_THIRD,ROWS_STANDARD_9_10,4318.87,PREV_CLOSE_PROXY,,NEUTRAL,4,0,0.0,25.0,0.0,25.0,5.56375,6.604035,25.0,50.0,22.91682,0.0,True,22.91682,0.0,25.0,True
2026-01-05,2026-01-02,RANGE_NORMAL_60_120,CLOSE_POS_LOWER_THIRD,ROWS_STANDARD_9_10,4332.72,PREV_CLOSE_PROXY,,NEUTRAL,4,0,25.0,25.0,25.0,25.0,8.38875,9.225625,25.0,25.0,8.38875,0.0,True,8.38875,25.0,25.0,True
2026-01-06,2026-01-05,RANGE_NORMAL_60_120,CLOSE_POS_UPPER_THIRD,ROWS_STANDARD_9_10,4448.89,PREV_CLOSE_PROXY,,NEUTRAL,4,0,25.0,25.0,50.0,75.0,3.28625,5.42931,50.0,75.0,10.51862,0.0,True,10.51862,25.0,25.0,True
2026-01-07,2026-01-06,RANGE_NORMAL_60_120,CLOSE_POS_UPPER_THIRD,ROWS_STANDARD_9_10,4494.54,PREV_CLOSE_PROXY,,NEUTRAL,4,0,25.0,50.0,25.0,50.0,4.7825,4.372077,25.0,50.0,6.37125,0.0,True,6.37125,25.0,50.0,True
2026-01-08,2026-01-07,RANGE_NORMAL_60_120,CLOSE_POS_MIDDLE_THIRD,ROWS_STANDARD_9_10,4456.36,PREV_CLOSE_PROXY,,NEUTRAL,4,0,0.0,25.0,0.0,100.0,3.775625,3.847297,0.0,100.0,10.4175,0.0,True,10.4175,0.0,25.0,True
2026-01-09,2026-01-08,RANGE_NORMAL_60_120,CLOSE_POS_UPPER_THIRD,ROWS_STANDARD_9_10,4477.28,PREV_CLOSE_PROXY,,NEUTRAL,4,0,25.0,25.0,50.0,75.0,2.755,3.58,50.0,75.0,8.813346,0.0,True,8.813346,25.0,25.0,True
2026-01-12,2026-01-09,RANGE_NORMAL_60_120,CLOSE_POS_UPPER_THIRD,ROWS_STANDARD_9_10,4509.3,PREV_CLOSE_PROXY,,NEUTRAL,4,0,0.0,0.0,0.0,0.0,11.135822,12.156661,0.0,0.0,21.885,0.0,True,21.885,0.0,0.0,True
2026-01-13,2026-01-12,RANGE_NORMAL_60_120,CLOSE_POS_UPPER_THIRD,ROWS_SPARSE_1_8,4597.38,PREV_CLOSE_PROXY,,NEUTRAL,4,0,25.0,25.0,50.0,75.0,2.480625,3.07875,50.0,75.0,13.618125,0.0,True,3.791875,50.0,50.0,False
2026-01-14,2026-01-13,RANGE_NORMAL_60_120,CLOSE_POS_LOWER_THIRD,ROWS_STANDARD_9_10,4586.3,PREV_CLOSE_PROXY,,NEUTRAL,4,0,0.0,0.0,0.0,0.0,24.366667,26.694896,0.0,0.0,24.366667,0.0,True,24.366667,0.0,0.0,True
2026-01-15,2026-01-14,RANGE_COMPRESSED_0_60,CLOSE_POS_UPPER_THIRD,ROWS_SPARSE_1_8,4626.39,PREV_CLOSE_PROXY,,NEUTRAL,4,0,0.0,0.0,0.0,0.0,28.450625,30.717815,0.0,0.0,41.26625,0.759375,True,41.26625,0.0,0.0,False
2026-01-16,2026-01-15,RANGE_COMPRESSED_0_60,CLOSE_POS_UPPER_THIRD,ROWS_SPARSE_1_8,4615.76,PREV_CLOSE_PROXY,,NEUTRAL,4,0,0.0,0.0,25.0,50.0,5.365412,5.580987,25.0,50.0,15.290625,0.0,True,15.290625,0.0,0.0,False
2026-01-19,2026-01-16,RANGE_NORMAL_60_120,CLOSE_POS_UPPER_THIRD,ROWS_SPARSE_1_8,4595.66,PREV_CLOSE_PROXY,,NEUTRAL,4,0,0.0,0.0,0.0,25.0,9.05625,10.27625,0.0,25.0,10.1775,0.7475,True,12.29375,0.0,25.0,False
2026-01-20,2026-01-19,RANGE_NORMAL_60_120,CLOSE_POS_UPPER_THIRD,ROWS_STANDARD_9_10,4670.86,PREV_CLOSE_PROXY,,NEUTRAL,4,0,25.0,50.0,25.0,100.0,3.52,3.27375,25.0,100.0,4.545,0.0,True,3.601875,25.0,75.0,True
2026-01-21,2026-01-20,RANGE_NORMAL_60_120,CLOSE_POS_UPPER_THIRD,ROWS_EXTENDED_11_PLUS,4763.3,PREV_CLOSE_PROXY,,NEUTRAL,4,0,0.0,0.0,0.0,0.0,127.24625,126.994375,0.0,0.0,127.24625,0.0,True,127.24625,0.0,0.0,False
2026-01-22,2026-01-21,RANGE_WIDE_120_220,CLOSE_POS_MIDDLE_THIRD,ROWS_STANDARD_9_10,4831.03,PREV_CLOSE_PROXY,,NEUTRAL,4,0,0.0,0.0,0.0,0.0,27.892314,26.904907,0.0,0.0,36.04625,0.0,True,36.04625,0.0,0.0,True
2026-01-23,2026-01-22,RANGE_WIDE_120_220,CLOSE_POS_UPPER_THIRD,ROWS_SPARSE_1_8,4936.06,PREV_CLOSE_PROXY,,NEUTRAL,4,0,50.0,50.0,50.0,50.0,10.7675,10.5775,50.0,50.0,10.7675,0.0,True,10.7675,50.0,50.0,False
2026-01-26,2026-01-23,RANGE_NORMAL_60_120,CLOSE_POS_UPPER_THIRD,ROWS_EXTENDED_11_PLUS,4987.98,PREV_CLOSE_PROXY,,NEUTRAL,4,0,0.0,0.0,0.0,0.0,24.654375,25.681562,0.0,0.0,53.5875,0.0,True,53.5875,0.0,0.0,True
2026-01-27,2026-01-26,RANGE_WIDE_120_220,CLOSE_POS_LOWER_THIRD,ROWS_STANDARD_9_10,5008.17,PREV_CLOSE_PROXY,,NEUTRAL,4,0,25.0,25.0,25.0,25.0,11.03625,10.304063,25.0,25.0,11.03625,0.0,True,11.03625,25.0,25.0,True
2026-01-28,2026-01-27,RANGE_WIDE_120_220,CLOSE_POS_UPPER_THIRD,ROWS_STANDARD_9_10,5181.22,PREV_CLOSE_PROXY,,NEUTRAL,4,0,0.0,0.0,0.0,0.0,57.155938,57.304688,0.0,0.0,66.751563,1.016563,True,66.751563,0.0,0.0,False
2026-01-29,2026-01-28,RANGE_EXTREME_220_PLUS,CLOSE_POS_UPPER_THIRD,ROWS_SPARSE_1_8,5417.12,PREV_CLOSE_PROXY,,NEUTRAL,4,0,0.0,0.0,0.0,0.0,28.4025,28.636272,0.0,0.0,36.0175,0.0,True,28.4025,0.0,0.0,False
2026-01-30,2026-01-29,RANGE_EXTREME_220_PLUS,CLOSE_POS_MIDDLE_THIRD,ROWS_STANDARD_9_10,5370.92,PREV_CLOSE_PROXY,,NEUTRAL,4,0,0.0,0.0,0.0,0.0,85.96875,82.739833,0.0,0.0,91.049666,0.0,True,91.049666,0.0,0.0,True
2026-02-02,2026-01-30,RANGE_EXTREME_220_PLUS,CLOSE_POS_LOWER_THIRD,ROWS_EXTENDED_11_PLUS,4885.18,PREV_CLOSE_PROXY,,NEUTRAL,4,0,0.0,0.0,0.0,0.0,133.519039,134.746395,0.0,0.0,133.519039,0.0,True,133.519039,0.0,0.0,False
2026-02-03,2026-02-02,RANGE_EXTREME_220_PLUS,CLOSE_POS_MIDDLE_THIRD,ROWS_EXTENDED_11_PLUS,4660.96,PREV_CLOSE_PROXY,,NEUTRAL,4,0,0.0,0.0,0.0,0.0,105.6025,106.89375,0.0,0.0,105.6025,0.0,True,105.6025,0.0,0.0,False
2026-02-04,2026-02-03,RANGE_EXTREME_220_PLUS,CLOSE_POS_UPPER_THIRD,ROWS_STANDARD_9_10,4946.72,PREV_CLOSE_PROXY,,NEUTRAL,4,0,0.0,0.0,0.0,0.0,106.741304,105.880652,0.0,0.0,106.741304,0.0,True,106.741304,0.0,0.0,False
2026-02-05,2026-02-04,RANGE_EXTREME_220_PLUS,CLOSE_POS_MIDDLE_THIRD,ROWS_EXTENDED_11_PLUS,4964.74,PREV_CLOSE_PROXY,,NEUTRAL,4,0,0.0,0.0,0.0,0.0,152.3725,148.415,0.0,0.0,152.3725,0.0,True,152.3725,0.0,0.0,False
2026-02-06,2026-02-05,RANGE_EXTREME_220_PLUS,CLOSE_POS_LOWER_THIRD,ROWS_EXTENDED_11_PLUS,4779.46,PREV_CLOSE_PROXY,,NEUTRAL,4,0,0.0,0.0,25.0,25.0,16.03,19.596875,25.0,25.0,36.537456,0.0,True,18.8125,25.0,25.0,False
2026-02-09,2026-02-06,RANGE_EXTREME_220_PLUS,CLOSE_POS_UPPER_THIRD,ROWS_STANDARD_9_10,4965.74,PREV_CLOSE_PROXY,,NEUTRAL,4,0,0.0,0.0,0.0,0.0,23.860625,23.405938,0.0,0.0,23.860625,0.0,True,23.860625,0.0,0.0,False
2026-02-10,2026-02-09,RANGE_WIDE_120_220,CLOSE_POS_UPPER_THIRD,ROWS_STANDARD_9_10,5057.94,PREV_CLOSE_PROXY,,NEUTRAL,4,0,0.0,25.0,0.0,25.0,29.485,33.044375,0.0,25.0,29.485,0.0,True,29.485,0.0,25.0,True
2026-02-11,2026-02-10,RANGE_NORMAL_60_120,CLOSE_POS_MIDDLE_THIRD,ROWS_STANDARD_9_10,5025.3,PREV_CLOSE_PROXY,,NEUTRAL,4,0,25.0,25.0,25.0,25.0,29.06125,26.504375,25.0,25.0,36.17672,0.0,True,36.17672,25.0,25.0,True
2026-02-12,2026-02-11,RANGE_NORMAL_60_120,CLOSE_POS_MIDDLE_THIRD,ROWS_EXTENDED_11_PLUS,5084.24,PREV_CLOSE_PROXY,,NEUTRAL,4,0,50.0,50.0,50.0,50.0,4.265,4.43125,50.0,50.0,4.265,0.0,True,4.265,50.0,50.0,False
2026-02-13,2026-02-12,RANGE_EXTREME_220_PLUS,CLOSE_POS_LOWER_THIRD,ROWS_SPARSE_1_8,4921.64,PREV_CLOSE_PROXY,,NEUTRAL,4,0,0.0,0.0,0.0,0.0,8.901703,19.533352,0.0,0.0,47.898333,0.0,True,47.898333,0.0,0.0,True
2026-02-16,2026-02-13,RANGE_WIDE_120_220,CLOSE_POS_UPPER_THIRD,ROWS_SPARSE_1_8,5042.46,PREV_CLOSE_PROXY,,NEUTRAL,4,0,0.0,25.0,0.0,25.0,16.14625,19.588125,0.0,25.0,24.97125,0.0,True,24.97125,0.0,25.0,False
2026-02-17,2026-02-16,RANGE_NORMAL_60_120,CLOSE_POS_MIDDLE_THIRD,ROWS_STANDARD_9_10,4993.64,PREV_CLOSE_PROXY,,NEUTRAL,4,0,0.0,0.0,0.0,50.0,13.574375,15.336875,0.0,50.0,24.315625,0.0,True,24.315625,0.0,0.0,True
2026-02-18,2026-02-17,RANGE_WIDE_120_220,CLOSE_POS_LOWER_THIRD,ROWS_STANDARD_9_10,4877.1,PREV_CLOSE_PROXY,,NEUTRAL,4,0,0.0,0.0,50.0,75.0,1.685,2.53,50.0,75.0,22.17032,0.0,True,22.17032,0.0,0.0,True
2026-02-19,2026-02-18,RANGE_WIDE_120_220,CLOSE_POS_UPPER_THIRD,ROWS_EXTENDED_11_PLUS,4977.24,PREV_CLOSE_PROXY,,NEUTRAL,4,0,0.0,0.0,0.0,0.0,30.52125,33.198438,0.0,0.0,47.761875,0.0,True,47.761875,0.0,0.0,False
2026-02-20,2026-02-19,RANGE_NORMAL_60_120,CLOSE_POS_MIDDLE_THIRD,ROWS_STANDARD_9_10,4995.96,PREV_CLOSE_PROXY,,NEUTRAL,4,0,0.0,0.0,25.0,50.0,7.318125,8.372083,25.0,50.0,11.44875,0.0,True,14.83494,0.0,0.0,True
2026-02-23,2026-02-20,RANGE_WIDE_120_220,CLOSE_POS_UPPER_THIRD,ROWS_EXTENDED_11_PLUS,5107.8,PREV_CLOSE_PROXY,,NEUTRAL,4,0,0.0,0.0,0.0,0.0,19.778334,19.879167,0.0,0.0,26.56,0.0,True,26.56,0.0,0.0,False
2026-02-24,2026-02-23,RANGE_WIDE_120_220,CLOSE_POS_UPPER_THIRD,ROWS_EXTENDED_11_PLUS,5227.5,PREV_CLOSE_PROXY,,NEUTRAL,4,0,25.0,25.0,25.0,50.0,6.1775,5.88,25.0,50.0,10.048125,0.0,True,10.048125,25.0,25.0,True
2026-02-25,2026-02-24,RANGE_WIDE_120_220,CLOSE_POS_LOWER_THIRD,ROWS_EXTENDED_11_PLUS,5143.76,PREV_CLOSE_PROXY,,NEUTRAL,4,0,0.0,0.0,0.0,0.0,17.022545,18.932523,0.0,0.0,17.022545,0.0,True,17.022545,0.0,0.0,False
2026-02-26,2026-02-25,RANGE_NORMAL_60_120,CLOSE_POS_MIDDLE_THIRD,ROWS_SPARSE_1_8,5164.84,PREV_CLOSE_PROXY,,NEUTRAL,4,0,0.0,0.0,25.0,25.0,23.480625,28.444531,25.0,25.0,44.60875,0.0,True,44.60875,0.0,0.0,True
2026-02-27,2026-02-26,RANGE_NORMAL_60_120,CLOSE_POS_UPPER_THIRD,ROWS_STANDARD_9_10,5185.0,PREV_CLOSE_PROXY,,NEUTRAL,4,0,0.0,0.0,0.0,0.0,23.57376,28.14563,0.0,0.0,41.67,0.0,True,41.67,0.0,0.0,True
2026-03-02,2026-02-27,RANGE_NORMAL_60_120,CLOSE_POS_UPPER_THIRD,ROWS_EXTENDED_11_PLUS,5280.0,PREV_CLOSE_PROXY,,NEUTRAL,4,0,25.0,50.0,50.0,75.0,2.97,7.78,50.0,75.0,46.575,0.0,True,46.575,25.0,50.0,True
2026-03-03,2026-03-02,RANGE_WIDE_120_220,CLOSE_POS_MIDDLE_THIRD,ROWS_STANDARD_9_10,5321.84,PREV_CLOSE_PROXY,,NEUTRAL,4,0,0.0,0.0,0.0,0.0,31.031641,31.31332,0.0,0.0,51.355,0.0,True,58.775,0.0,0.0,True
2026-03-04,2026-03-03,RANGE_EXTREME_220_PLUS,CLOSE_POS_LOWER_THIRD,ROWS_STANDARD_9_10,5088.24,PREV_CLOSE_PROXY,,NEUTRAL,4,0,0.0,0.0,0.0,0.0,20.705625,23.423437,0.0,0.0,20.705625,0.0,False,20.705625,0.0,0.0,True
2026-03-05,2026-03-04,RANGE_WIDE_120_220,CLOSE_POS_MIDDLE_THIRD,ROWS_STANDARD_9_10,5141.1,PREV_CLOSE_PROXY,,NEUTRAL,4,0,25.0,25.0,50.0,50.0,5.75875,7.35875,50.0,50.0,13.36125,0.0,True,13.36125,25.0,25.0,True
2026-03-06,2026-03-05,RANGE_WIDE_120_220,CLOSE_POS_LOWER_THIRD,ROWS_SPARSE_1_8,5081.02,PREV_CLOSE_PROXY,,NEUTRAL,4,0,0.0,0.0,0.0,0.0,11.1825,12.15625,0.0,0.0,29.77392,0.0,True,29.77392,0.0,0.0,True
2026-03-09,2026-03-06,RANGE_NORMAL_60_120,CLOSE_POS_UPPER_THIRD,ROWS_STANDARD_9_10,5174.64,PREV_CLOSE_PROXY,,NEUTRAL,4,0,0.0,0.0,0.0,25.0,15.4425,14.507907,0.0,25.0,15.66,0.0,True,15.66,0.0,0.0,False
2026-03-10,2026-03-09,RANGE_WIDE_120_220,CLOSE_POS_MIDDLE_THIRD,ROWS_STANDARD_9_10,5136.66,PREV_CLOSE_PROXY,,NEUTRAL,4,0,0.0,0.0,25.0,25.0,16.94398,16.071677,25.0,25.0,49.664375,0.0,True,49.664375,0.0,0.0,True
2026-03-11,2026-03-10,RANGE_WIDE_120_220,CLOSE_POS_MIDDLE_THIRD,ROWS_STANDARD_9_10,5192.64,PREV_CLOSE_PROXY,,NEUTRAL,4,0,0.0,0.0,25.0,25.0,11.521667,10.557083,25.0,25.0,26.082505,0.0,True,26.082505,0.0,0.0,True
2026-03-12,2026-03-11,RANGE_NORMAL_60_120,CLOSE_POS_MIDDLE_THIRD,ROWS_STANDARD_9_10,5175.96,PREV_CLOSE_PROXY,,NEUTRAL,4,0,25.0,25.0,50.0,50.0,6.87,7.374375,50.0,50.0,19.72234,1.13532,True,19.72234,25.0,25.0,True
2026-03-13,2026-03-12,RANGE_WIDE_120_220,CLOSE_POS_LOWER_THIRD,ROWS_STANDARD_9_10,5079.04,PREV_CLOSE_PROXY,,NEUTRAL,4,0,25.0,25.0,75.0,75.0,1.34,3.544062,75.0,75.0,20.64625,0.0,True,20.64625,25.0,25.0,True
2026-03-16,2026-03-13,RANGE_NORMAL_60_120,CLOSE_POS_LOWER_THIRD,ROWS_STANDARD_9_10,5018.66,PREV_CLOSE_PROXY,,NEUTRAL,4,0,0.0,0.0,25.0,25.0,7.703333,6.479167,25.0,25.0,20.255,0.0,True,20.255,0.0,0.0,True
2026-03-17,2026-03-16,RANGE_NORMAL_60_120,CLOSE_POS_MIDDLE_THIRD,ROWS_SPARSE_1_8,5006.25,PREV_CLOSE_PROXY,,NEUTRAL,4,0,0.0,25.0,25.0,75.0,3.89625,6.861244,25.0,75.0,15.292489,0.0,True,15.292489,0.0,25.0,True
2026-03-18,2026-03-17,RANGE_NORMAL_60_120,CLOSE_POS_MIDDLE_THIRD,ROWS_EXTENDED_11_PLUS,5005.5,PREV_CLOSE_PROXY,,NEUTRAL,4,0,25.0,25.0,25.0,25.0,7.05,7.4275,25.0,25.0,7.05,4.03,True,7.05,25.0,25.0,True
2026-03-19,2026-03-18,RANGE_WIDE_120_220,CLOSE_POS_LOWER_THIRD,ROWS_EXTENDED_11_PLUS,4818.64,PREV_CLOSE_PROXY,,NEUTRAL,4,0,0.0,0.0,0.0,0.0,112.84375,114.96125,0.0,0.0,125.1954,0.0,True,125.1954,0.0,0.0,False
2026-03-20,2026-03-19,RANGE_EXTREME_220_PLUS,CLOSE_POS_MIDDLE_THIRD,ROWS_STANDARD_9_10,4650.38,PREV_CLOSE_PROXY,,NEUTRAL,4,0,0.0,0.0,0.0,0.0,89.59,88.42,0.0,0.0,89.59,0.0,True,89.59,0.0,0.0,False
2026-03-23,2026-03-20,RANGE_EXTREME_220_PLUS,CLOSE_POS_LOWER_THIRD,ROWS_STANDARD_9_10,4498.06,PREV_CLOSE_PROXY,,NEUTRAL,4,0,0.0,0.0,25.0,50.0,11.2025,15.18375,25.0,50.0,27.7775,0.0,True,27.7775,0.0,0.0,True
2026-03-24,2026-03-23,RANGE_EXTREME_220_PLUS,CLOSE_POS_UPPER_THIRD,ROWS_STANDARD_9_10,4406.68,PREV_CLOSE_PROXY,,NEUTRAL,4,0,25.0,25.0,25.0,25.0,36.82316,34.686267,25.0,25.0,40.891285,0.0,True,40.891285,25.0,25.0,True
2026-03-25,2026-03-24,RANGE_WIDE_120_220,CLOSE_POS_UPPER_THIRD,ROWS_STANDARD_9_10,4474.36,PREV_CLOSE_PROXY,,NEUTRAL,4,0,0.0,0.0,0.0,0.0,17.194584,23.858229,0.0,0.0,24.738333,0.0,True,24.738333,0.0,0.0,True
2026-03-26,2026-03-25,RANGE_WIDE_120_220,CLOSE_POS_MIDDLE_THIRD,ROWS_STANDARD_9_10,4506.28,PREV_CLOSE_PROXY,,NEUTRAL,4,0,25.0,25.0,50.0,50.0,4.625,6.27,50.0,50.0,10.22,0.0,True,10.22,25.0,25.0,True
2026-03-27,2026-03-26,RANGE_WIDE_120_220,CLOSE_POS_LOWER_THIRD,ROWS_STANDARD_9_10,4378.0,PREV_CLOSE_PROXY,,NEUTRAL,4,0,0.0,0.0,0.0,0.0,15.44228,20.12614,0.0,0.0,27.80728,0.0,True,33.125,0.0,0.0,True
2026-03-30,2026-03-27,RANGE_WIDE_120_220,CLOSE_POS_MIDDLE_THIRD,ROWS_STANDARD_9_10,4495.46,PREV_CLOSE_PROXY,,NEUTRAL,4,0,0.0,0.0,0.0,0.0,9.289583,7.468854,25.0,25.0,29.818305,0.0,True,18.03375,0.0,0.0,True
2026-03-31,2026-03-30,RANGE_WIDE_120_220,CLOSE_POS_MIDDLE_THIRD,ROWS_SPARSE_1_8,4511.02,PREV_CLOSE_PROXY,,NEUTRAL,4,0,25.0,25.0,75.0,100.0,1.569375,2.045865,75.0,100.0,25.69625,0.0,True,25.69625,25.0,25.0,True
2026-04-01,2026-03-31,RANGE_WIDE_120_220,CLOSE_POS_UPPER_THIRD,ROWS_STANDARD_9_10,4667.12,PREV_CLOSE_PROXY,,NEUTRAL,4,0,0.0,25.0,0.0,50.0,5.3275,13.956875,0.0,50.0,36.9,0.0,True,36.9,0.0,25.0,True
2026-04-02,2026-04-01,RANGE_WIDE_120_220,CLOSE_POS_UPPER_THIRD,ROWS_EXTENDED_11_PLUS,4758.18,PREV_CLOSE_PROXY,,NEUTRAL,4,0,0.0,0.0,25.0,25.0,10.155,8.7275,25.0,25.0,22.54,0.0,True,10.155,25.0,25.0,True
2026-04-03,2026-04-02,RANGE_EXTREME_220_PLUS,CLOSE_POS_MIDDLE_THIRD,ROWS_STANDARD_9_10,4676.04,PREV_CLOSE_PROXY,,NEUTRAL,4,0,0.0,0.0,0.0,0.0,19.1025,21.21335,0.0,0.0,36.2775,0.0,True,36.2775,0.0,0.0,True
2026-04-06,2026-04-02,RANGE_EXTREME_220_PLUS,CLOSE_POS_MIDDLE_THIRD,ROWS_STANDARD_9_10,4676.04,PREV_CLOSE_PROXY,,NEUTRAL,4,0,25.0,25.0,50.0,50.0,3.183415,4.281707,50.0,50.0,29.425,0.0,True,5.676708,50.0,50.0,True
2026-04-07,2026-04-06,RANGE_NORMAL_60_120,CLOSE_POS_MIDDLE_THIRD,ROWS_STANDARD_9_10,4650.5,PREV_CLOSE_PROXY,,NEUTRAL,4,0,0.0,0.0,25.0,50.0,8.439583,9.534792,25.0,50.0,20.535,0.0,True,20.535,0.0,0.0,True
2026-04-08,2026-04-07,RANGE_NORMAL_60_120,CLOSE_POS_UPPER_THIRD,ROWS_STANDARD_9_10,4705.73,PREV_CLOSE_PROXY,,NEUTRAL,4,0,0.0,0.0,25.0,25.0,8.96336,10.53668,25.0,25.0,30.2375,0.0,True,30.2375,0.0,0.0,False
2026-04-09,2026-04-08,RANGE_WIDE_120_220,CLOSE_POS_LOWER_THIRD,ROWS_STANDARD_9_10,4719.26,PREV_CLOSE_PROXY,,NEUTRAL,4,0,0.0,0.0,0.0,25.0,6.05375,8.355937,0.0,25.0,23.010417,0.0,True,12.23,0.0,0.0,True
2026-04-10,2026-04-09,RANGE_NORMAL_60_120,CLOSE_POS_MIDDLE_THIRD,ROWS_STANDARD_9_10,4765.5,PREV_CLOSE_PROXY,,NEUTRAL,4,0,0.0,0.0,25.0,50.0,10.745,10.6525,25.0,50.0,23.75858,0.0,True,30.54,0.0,0.0,False
2026-04-13,2026-04-10,RANGE_NORMAL_60_120,CLOSE_POS_LOWER_THIRD,ROWS_STANDARD_9_10,4749.18,PREV_CLOSE_PROXY,,NEUTRAL,4,0,0.0,0.0,25.0,25.0,12.756875,12.646562,25.0,25.0,29.893333,0.979583,True,29.893333,0.0,0.0,True
2026-04-14,2026-04-13,RANGE_NORMAL_60_120,CLOSE_POS_UPPER_THIRD,ROWS_STANDARD_9_10,4740.3,PREV_CLOSE_PROXY,,NEUTRAL,4,0,0.0,25.0,0.0,50.0,6.66,9.383648,0.0,50.0,20.844375,0.0,True,20.844375,0.0,25.0,False
2026-04-15,2026-04-14,RANGE_NORMAL_60_120,CLOSE_POS_UPPER_THIRD,ROWS_STANDARD_9_10,4841.68,PREV_CLOSE_PROXY,,NEUTRAL,4,0,0.0,0.0,25.0,50.0,3.73125,5.020313,50.0,50.0,10.82875,0.0,True,10.82875,0.0,0.0,False
2026-04-16,2026-04-15,RANGE_NORMAL_60_120,CLOSE_POS_LOWER_THIRD,ROWS_STANDARD_9_10,4790.68,PREV_CLOSE_PROXY,,NEUTRAL,4,0,0.0,0.0,25.0,25.0,11.90318,12.9275,25.0,25.0,21.2175,0.0,True,25.96432,0.0,0.0,True
2026-04-17,2026-04-16,RANGE_NORMAL_60_120,CLOSE_POS_LOWER_THIRD,ROWS_STANDARD_9_10,4790.78,PREV_CLOSE_PROXY,,NEUTRAL,4,0,0.0,0.0,0.0,0.0,10.990625,16.985,0.0,0.0,10.990625,0.0,True,10.990625,0.0,0.0,True
2026-04-20,2026-04-17,RANGE_WIDE_120_220,CLOSE_POS_MIDDLE_THIRD,ROWS_STANDARD_9_10,4832.42,PREV_CLOSE_PROXY,,NEUTRAL,4,0,0.0,25.0,0.0,25.0,6.4272,6.42985,0.0,25.0,7.3075,0.0,True,6.4272,0.0,25.0,True
2026-04-21,2026-04-20,RANGE_NORMAL_60_120,CLOSE_POS_UPPER_THIRD,ROWS_STANDARD_9_10,4820.66,PREV_CLOSE_PROXY,,NEUTRAL,4,0,0.0,0.0,25.0,25.0,12.24,14.937812,25.0,25.0,16.9275,0.0,True,16.9275,0.0,0.0,False
2026-04-22,2026-04-21,RANGE_WIDE_120_220,CLOSE_POS_LOWER_THIRD,ROWS_STANDARD_9_10,4720.06,PREV_CLOSE_PROXY,,NEUTRAL,4,0,50.0,50.0,50.0,50.0,4.771667,5.371143,50.0,50.0,4.771667,0.0,True,4.771667,50.0,50.0,True
2026-04-23,2026-04-22,RANGE_COMPRESSED_0_60,CLOSE_POS_MIDDLE_THIRD,ROWS_EXTENDED_11_PLUS,4740.18,PREV_CLOSE_PROXY,,NEUTRAL,4,0,0.0,0.0,0.0,0.0,70.58,74.4625,0.0,0.0,70.58,0.0,True,70.58,0.0,0.0,True
2026-04-24,2026-04-23,RANGE_NORMAL_60_120,CLOSE_POS_MIDDLE_THIRD,ROWS_STANDARD_9_10,4694.36,PREV_CLOSE_PROXY,,NEUTRAL,4,0,0.0,0.0,0.0,0.0,37.165,31.4325,0.0,0.0,48.55,0.0,True,54.9525,0.0,0.0,True
2026-04-27,2026-04-24,RANGE_NORMAL_60_120,CLOSE_POS_MIDDLE_THIRD,ROWS_EXTENDED_11_PLUS,4707.26,PREV_CLOSE_PROXY,,NEUTRAL,4,0,0.0,0.0,0.0,0.0,50.0725,51.026458,0.0,0.0,54.432917,0.915,True,54.432917,0.0,0.0,False
2026-04-28,2026-04-27,RANGE_NORMAL_60_120,CLOSE_POS_LOWER_THIRD,ROWS_STANDARD_9_10,4681.76,PREV_CLOSE_PROXY,,NEUTRAL,4,0,0.0,25.0,0.0,25.0,5.140417,6.383959,0.0,50.0,22.836875,0.0,True,22.836875,0.0,25.0,True
2026-04-29,2026-04-28,RANGE_WIDE_120_220,CLOSE_POS_LOWER_THIRD,ROWS_STANDARD_9_10,4597.2,PREV_CLOSE_PROXY,,NEUTRAL,4,0,25.0,25.0,50.0,50.0,4.86,4.52971,50.0,50.0,6.445858,0.0,True,6.445858,25.0,25.0,True
2026-04-30,2026-04-29,RANGE_NORMAL_60_120,CLOSE_POS_LOWER_THIRD,ROWS_STANDARD_9_10,4543.48,PREV_CLOSE_PROXY,,NEUTRAL,4,0,0.0,0.0,0.0,0.0,17.165,23.2375,0.0,0.0,27.1875,0.0,True,22.5,0.0,0.0,True
2026-05-01,2026-04-30,RANGE_NORMAL_60_120,CLOSE_POS_UPPER_THIRD,ROWS_STANDARD_9_10,4621.76,PREV_CLOSE_PROXY,,NEUTRAL,4,0,25.0,25.0,25.0,25.0,22.305,21.56375,25.0,25.0,32.9275,0.0,True,32.9275,25.0,25.0,True
2026-05-04,2026-05-01,RANGE_NORMAL_60_120,CLOSE_POS_MIDDLE_THIRD,ROWS_STANDARD_9_10,4615.53,PREV_CLOSE_PROXY,,NEUTRAL,4,0,0.0,0.0,0.0,50.0,5.945625,11.623932,0.0,50.0,25.429115,0.0,True,25.429115,0.0,0.0,True
2026-05-05,2026-05-04,RANGE_WIDE_120_220,CLOSE_POS_LOWER_THIRD,ROWS_EXTENDED_11_PLUS,4523.73,PREV_CLOSE_PROXY,,NEUTRAL,4,0,25.0,25.0,25.0,25.0,8.0475,10.585,25.0,25.0,16.26625,0.0,True,16.26625,25.0,25.0,True
2026-05-06,2026-05-05,RANGE_NORMAL_60_120,CLOSE_POS_MIDDLE_THIRD,ROWS_STANDARD_9_10,4557.19,PREV_CLOSE_PROXY,,NEUTRAL,4,0,0.0,0.0,25.0,25.0,7.3175,7.549375,50.0,50.0,25.56818,0.0,True,25.56818,0.0,0.0,True
2026-05-07,2026-05-06,RANGE_WIDE_120_220,CLOSE_POS_UPPER_THIRD,ROWS_STANDARD_9_10,4690.84,PREV_CLOSE_PROXY,,NEUTRAL,4,0,0.0,0.0,0.0,0.0,23.21375,21.526875,0.0,0.0,34.05125,0.0,True,23.21375,0.0,0.0,True
2026-05-08,2026-05-07,RANGE_NORMAL_60_120,CLOSE_POS_LOWER_THIRD,ROWS_STANDARD_9_10,4687.08,PREV_CLOSE_PROXY,,NEUTRAL,4,0,0.0,0.0,0.0,50.0,9.575625,21.197188,0.0,50.0,31.208118,0.0,True,31.208118,0.0,0.0,False
2026-05-11,2026-05-08,RANGE_NORMAL_60_120,CLOSE_POS_MIDDLE_THIRD,ROWS_STANDARD_9_10,4715.62,PREV_CLOSE_PROXY,,NEUTRAL,4,0,0.0,0.0,25.0,25.0,4.364375,9.551875,50.0,50.0,25.78,0.0,True,25.78,0.0,0.0,True
2026-05-12,2026-05-11,RANGE_NORMAL_60_120,CLOSE_POS_UPPER_THIRD,ROWS_STANDARD_9_10,4734.64,PREV_CLOSE_PROXY,,NEUTRAL,4,0,0.0,0.0,25.0,25.0,8.106875,9.386454,25.0,25.0,13.556562,0.0,True,8.106875,25.0,25.0,False
2026-05-13,2026-05-12,RANGE_WIDE_120_220,CLOSE_POS_MIDDLE_THIRD,ROWS_STANDARD_9_10,4715.15,PREV_CLOSE_PROXY,,NEUTRAL,4,0,0.0,25.0,0.0,25.0,6.655,6.558125,25.0,50.0,19.239189,0.0,True,19.239189,0.0,25.0,True
2026-05-14,2026-05-13,RANGE_COMPRESSED_0_60,CLOSE_POS_MIDDLE_THIRD,ROWS_STANDARD_9_10,4688.78,PREV_CLOSE_PROXY,,NEUTRAL,4,0,0.0,0.0,0.0,0.0,26.331875,26.472812,0.0,0.0,30.33,0.0,True,30.33,0.0,0.0,True
2026-05-15,2026-05-14,RANGE_NORMAL_60_120,CLOSE_POS_LOWER_THIRD,ROWS_STANDARD_9_10,4652.36,PREV_CLOSE_PROXY,,NEUTRAL,4,0,25.0,50.0,25.0,50.0,7.939154,9.765827,25.0,50.0,11.914155,0.0,True,11.914155,25.0,50.0,False
2026-05-18,2026-05-15,RANGE_WIDE_120_220,CLOSE_POS_LOWER_THIRD,ROWS_STANDARD_9_10,4538.64,PREV_CLOSE_PROXY,,NEUTRAL,4,0,25.0,25.0,50.0,50.0,0.49,1.729275,75.0,75.0,20.548125,0.0,True,20.548125,25.0,25.0,True
2026-05-19,2026-05-18,RANGE_NORMAL_60_120,CLOSE_POS_UPPER_THIRD,ROWS_STANDARD_9_10,4566.12,PREV_CLOSE_PROXY,,NEUTRAL,4,0,0.0,0.0,0.0,0.0,18.7275,17.579579,0.0,0.0,21.53,0.0,True,21.53,0.0,0.0,True
2026-05-20,2026-05-19,RANGE_WIDE_120_220,CLOSE_POS_LOWER_THIRD,ROWS_STANDARD_9_10,4481.92,PREV_CLOSE_PROXY,,NEUTRAL,4,0,0.0,25.0,50.0,50.0,3.122521,3.812511,50.0,75.0,20.22524,0.0,True,20.22524,0.0,25.0,True
2026-05-21,2026-05-20,RANGE_NORMAL_60_120,CLOSE_POS_UPPER_THIRD,ROWS_STANDARD_9_10,4543.62,PREV_CLOSE_PROXY,,NEUTRAL,4,0,0.0,0.0,0.0,0.0,18.3125,22.71375,0.0,0.0,36.075,0.0,True,36.075,0.0,0.0,False
2026-05-22,2026-05-21,RANGE_NORMAL_60_120,CLOSE_POS_MIDDLE_THIRD,ROWS_STANDARD_9_10,4543.05,PREV_CLOSE_PROXY,,NEUTRAL,4,0,0.0,0.0,25.0,25.0,2.903015,11.109945,50.0,75.0,35.13489,0.0,True,35.13489,0.0,0.0,True
2026-05-25,2026-05-22,RANGE_COMPRESSED_0_60,CLOSE_POS_LOWER_THIRD,ROWS_EXTENDED_11_PLUS,4507.9,PREV_CLOSE_PROXY,,NEUTRAL,4,0,0.0,0.0,0.0,0.0,28.485,26.28875,0.0,0.0,28.485,0.0,True,28.485,0.0,0.0,False
2026-05-26,2026-05-25,RANGE_COMPRESSED_0_60,CLOSE_POS_UPPER_THIRD,ROWS_STANDARD_9_10,4570.94,PREV_CLOSE_PROXY,,NEUTRAL,4,0,0.0,0.0,0.0,0.0,15.964592,17.975421,0.0,0.0,15.964592,0.0,True,15.964592,0.0,0.0,False
2026-05-27,2026-05-26,RANGE_NORMAL_60_120,CLOSE_POS_LOWER_THIRD,ROWS_SPARSE_1_8,4507.47,PREV_CLOSE_PROXY,,NEUTRAL,4,0,0.0,0.0,50.0,50.0,4.79,6.265,50.0,50.0,18.9078,0.0,True,18.9078,0.0,0.0,False
2026-05-28,2026-05-27,RANGE_WIDE_120_220,CLOSE_POS_MIDDLE_THIRD,ROWS_STANDARD_9_10,4456.18,PREV_CLOSE_PROXY,,NEUTRAL,4,0,0.0,0.0,0.0,25.0,9.0625,15.82125,25.0,25.0,17.585,0.0,True,17.585,0.0,0.0,True
2026-05-29,2026-05-28,RANGE_WIDE_120_220,CLOSE_POS_UPPER_THIRD,ROWS_EXTENDED_11_PLUS,4495.64,PREV_CLOSE_PROXY,,NEUTRAL,4,0,0.0,0.0,0.0,0.0,21.8,23.4775,0.0,0.0,51.249975,0.0,True,51.249975,0.0,0.0,True
2026-06-01,2026-05-29,RANGE_NORMAL_60_120,CLOSE_POS_MIDDLE_THIRD,ROWS_EXTENDED_11_PLUS,4541.13,PREV_CLOSE_PROXY,,NEUTRAL,4,0,0.0,0.0,0.0,0.0,17.78625,17.88776,0.0,0.0,39.346875,0.0,True,39.346875,0.0,0.0,False
2026-06-02,2026-06-01,RANGE_NORMAL_60_120,CLOSE_POS_MIDDLE_THIRD,ROWS_SPARSE_1_8,4484.66,PREV_CLOSE_PROXY,,NEUTRAL,4,0,0.0,0.0,0.0,0.0,7.046666,10.843333,25.0,25.0,37.91,0.0,True,38.8725,0.0,0.0,True
2026-06-03,2026-06-02,RANGE_NORMAL_60_120,CLOSE_POS_LOWER_THIRD,ROWS_STANDARD_9_10,4487.83,PREV_CLOSE_PROXY,,NEUTRAL,4,0,0.0,0.0,0.0,25.0,7.723125,6.790313,0.0,25.0,9.829375,0.0,True,9.829375,0.0,0.0,True
2026-06-04,2026-06-03,RANGE_NORMAL_60_120,CLOSE_POS_LOWER_THIRD,ROWS_SPARSE_1_8,4434.35,PREV_CLOSE_PROXY,,NEUTRAL,4,0,0.0,0.0,50.0,75.0,3.792187,3.553594,50.0,75.0,20.60375,0.0,True,20.60375,0.0,0.0,True
2026-06-05,2026-06-04,RANGE_NORMAL_60_120,CLOSE_POS_MIDDLE_THIRD,ROWS_STANDARD_9_10,4475.16,PREV_CLOSE_PROXY,,NEUTRAL,4,0,25.0,50.0,25.0,50.0,5.525,4.77125,25.0,50.0,5.525,0.0,True,5.525,25.0,50.0,True
2026-06-08,2026-06-05,RANGE_WIDE_120_220,CLOSE_POS_LOWER_THIRD,ROWS_STANDARD_9_10,4328.02,PREV_CLOSE_PROXY,,NEUTRAL,4,0,50.0,50.0,50.0,50.0,2.40728,3.12364,50.0,75.0,11.184971,0.0,True,11.184971,50.0,50.0,True
2026-06-09,2026-06-08,RANGE_NORMAL_60_120,CLOSE_POS_UPPER_THIRD,ROWS_SPARSE_1_8,4329.71,PREV_CLOSE_PROXY,,NEUTRAL,4,0,25.0,25.0,25.0,25.0,7.94875,11.295625,25.0,25.0,7.94875,0.0,True,7.94875,25.0,25.0,True
2026-06-10,2026-06-09,RANGE_WIDE_120_220,CLOSE_POS_LOWER_THIRD,ROWS_STANDARD_9_10,4259.46,PREV_CLOSE_PROXY,,NEUTRAL,4,0,0.0,0.0,0.0,0.0,38.33375,36.373323,0.0,0.0,62.28946,0.0,True,62.28946,0.0,0.0,True
2026-06-11,2026-06-10,RANGE_WIDE_120_220,CLOSE_POS_LOWER_THIRD,ROWS_EXTENDED_11_PLUS,4071.32,PREV_CLOSE_PROXY,,NEUTRAL,4,0,0.0,0.0,0.0,0.0,28.345,31.58,0.0,0.0,66.15,0.0,True,66.15,0.0,0.0,True
2026-06-12,2026-06-11,RANGE_WIDE_120_220,CLOSE_POS_UPPER_THIRD,ROWS_EXTENDED_11_PLUS,4210.77,PREV_CLOSE_PROXY,,NEUTRAL,4,0,0.0,0.0,0.0,50.0,6.515625,11.7075,0.0,50.0,29.971562,0.0,True,29.971562,0.0,0.0,True
2026-06-15,2026-06-12,RANGE_NORMAL_60_120,CLOSE_POS_MIDDLE_THIRD,ROWS_EXTENDED_11_PLUS,4218.5,PREV_CLOSE_PROXY,,NEUTRAL,4,0,0.0,0.0,0.0,0.0,52.143125,52.430885,0.0,0.0,77.5375,0.0,True,77.5375,0.0,0.0,True
2026-06-16,2026-06-15,RANGE_NORMAL_60_120,CLOSE_POS_MIDDLE_THIRD,ROWS_STANDARD_9_10,4309.03,PREV_CLOSE_PROXY,,NEUTRAL,4,0,50.0,50.0,50.0,50.0,3.646295,3.626272,50.0,50.0,3.646295,0.0,True,3.646295,50.0,50.0,True
2026-06-17,2026-06-16,RANGE_COMPRESSED_0_60,CLOSE_POS_MIDDLE_THIRD,ROWS_STANDARD_9_10,4331.14,PREV_CLOSE_PROXY,,NEUTRAL,4,0,0.0,0.0,0.0,0.0,8.85125,10.100625,0.0,0.0,11.8275,0.0,True,11.8275,0.0,0.0,True
2026-06-18,2026-06-17,RANGE_WIDE_120_220,CLOSE_POS_LOWER_THIRD,ROWS_SPARSE_1_8,4257.74,PREV_CLOSE_PROXY,,NEUTRAL,4,0,0.0,0.0,0.0,0.0,21.0225,23.293945,0.0,0.0,21.0225,0.0,True,21.0225,0.0,0.0,False
2026-06-19,2026-06-18,RANGE_WIDE_120_220,CLOSE_POS_LOWER_THIRD,ROWS_STANDARD_9_10,4209.04,PREV_CLOSE_PROXY,,NEUTRAL,4,0,0.0,0.0,0.0,0.0,50.440685,48.714306,0.0,0.0,61.987927,0.0,True,61.987927,0.0,0.0,True
2026-06-22,2026-06-19,RANGE_NORMAL_60_120,CLOSE_POS_MIDDLE_THIRD,ROWS_STANDARD_9_10,4155.81,PREV_CLOSE_PROXY,,NEUTRAL,4,0,0.0,25.0,0.0,50.0,9.135145,9.346322,0.0,50.0,14.928895,0.0,True,14.928895,0.0,25.0,True
2026-06-23,2026-06-22,RANGE_NORMAL_60_120,CLOSE_POS_MIDDLE_THIRD,ROWS_STANDARD_9_10,4191.26,PREV_CLOSE_PROXY,,NEUTRAL,4,0,0.0,0.0,0.0,0.0,17.244845,18.241172,0.0,0.0,22.895,0.0,True,29.149845,0.0,0.0,False
2026-06-25,2026-06-24,RANGE_WIDE_120_220,CLOSE_POS_LOWER_THIRD,ROWS_STANDARD_9_10,3999.01,PREV_CLOSE_PROXY,,NEUTRAL,4,0,0.0,0.0,0.0,0.0,17.12375,21.793355,0.0,0.0,46.35546,0.0,True,46.35546,0.0,0.0,True
2026-06-26,2026-06-25,RANGE_NORMAL_60_120,CLOSE_POS_UPPER_THIRD,ROWS_STANDARD_9_10,4026.59,PREV_CLOSE_PROXY,,NEUTRAL,4,0,0.0,0.0,25.0,50.0,7.79125,7.790312,25.0,50.0,35.874063,0.0,True,35.874063,0.0,0.0,True
2026-06-29,2026-06-26,RANGE_NORMAL_60_120,CLOSE_POS_UPPER_THIRD,ROWS_STANDARD_9_10,4088.41,PREV_CLOSE_PROXY,,NEUTRAL,4,0,0.0,0.0,50.0,50.0,4.315,4.342656,50.0,50.0,17.805,0.0,True,17.805,0.0,0.0,False
2026-06-30,2026-06-29,RANGE_NORMAL_60_120,CLOSE_POS_LOWER_THIRD,ROWS_STANDARD_9_10,4178.97,AUTO_JSON,ema_proxy_up,UP,4,0,0.0,0.0,25.0,25.0,9.183125,7.935937,25.0,25.0,14.843326,0.0,True,14.843326,0.0,0.0,False
