level_date,prev_date,level_name,range_bucket,close_position_bucket,rows_bucket,live_reference_price,live_reference_source,live_channel_state,live_channel_norm,base_superset_price,base_original_price,base_superset_source,dynamic_candidate_price,dynamic_source_family,dynamic_source_type,dynamic_adjustment,dynamic_prior_sample_count,actual_published_level,dynamic_candidate_abs_error,dynamic_candidate_within_3,dynamic_candidate_within_5,dynamic_candidate_status,dynamic_candidate_score
2026-06-30,2026-06-29,L4,RANGE_NORMAL_60_120,CLOSE_POS_LOWER_THIRD,ROWS_STANDARD_9_10,4178.97,AUTO_JSON,ema_proxy_up,UP,4072.66125,4072.66125,ORIGINAL_ORACLE_PRESERVED,4072.66125,SUPERSET_AUDITED_BASE,ORIGINAL_ORACLE_PRESERVED,0.0,,4071.63,1.03125,True,True,DYNAMIC_WITHIN_3,40.0
2026-06-30,2026-06-29,L4,RANGE_NORMAL_60_120,CLOSE_POS_LOWER_THIRD,ROWS_STANDARD_9_10,4178.97,AUTO_JSON,ema_proxy_up,UP,4072.66125,4072.66125,ORIGINAL_ORACLE_PRESERVED,4075.969375,LEVEL_RESIDUAL,superset_base_level_superset_median,3.308125,184.0,4071.63,4.339375,False,True,DYNAMIC_WITHIN_5,34.867675
2026-06-30,2026-06-29,L4,RANGE_NORMAL_60_120,CLOSE_POS_LOWER_THIRD,ROWS_STANDARD_9_10,4178.97,AUTO_JSON,ema_proxy_up,UP,4072.66125,4072.66125,ORIGINAL_ORACLE_PRESERVED,4075.969375,LEVEL_RESIDUAL,original_base_level_superset_median,3.308125,184.0,4071.63,4.339375,False,True,DYNAMIC_WITHIN_5,34.867675
2026-06-30,2026-06-29,L4,RANGE_NORMAL_60_120,CLOSE_POS_LOWER_THIRD,ROWS_STANDARD_9_10,4178.97,AUTO_JSON,ema_proxy_up,UP,4072.66125,4072.66125,ORIGINAL_ORACLE_PRESERVED,4067.312897,LEVEL_RESIDUAL,superset_base_level_superset_q25,-5.348353,184.0,4071.63,4.317103,False,True,DYNAMIC_WITHIN_5,34.786066
2026-06-30,2026-06-29,L4,RANGE_NORMAL_60_120,CLOSE_POS_LOWER_THIRD,ROWS_STANDARD_9_10,4178.97,AUTO_JSON,ema_proxy_up,UP,4072.66125,4072.66125,ORIGINAL_ORACLE_PRESERVED,4067.312897,LEVEL_RESIDUAL,original_base_level_superset_q25,-5.348353,184.0,4071.63,4.317103,False,True,DYNAMIC_WITHIN_5,34.786066
2026-06-30,2026-06-29,L4,RANGE_NORMAL_60_120,CLOSE_POS_LOWER_THIRD,ROWS_STANDARD_9_10,4178.97,AUTO_JSON,ema_proxy_up,UP,4072.66125,4072.66125,ORIGINAL_ORACLE_PRESERVED,4087.184219,LEVEL_RESIDUAL,superset_base_level_superset_q75,14.522968,184.0,4071.63,15.554218,False,False,DYNAMIC_GT10,34.419081
2026-06-30,2026-06-29,L4,RANGE_NORMAL_60_120,CLOSE_POS_LOWER_THIRD,ROWS_STANDARD_9_10,4178.97,AUTO_JSON,ema_proxy_up,UP,4072.66125,4072.66125,ORIGINAL_ORACLE_PRESERVED,4087.184219,LEVEL_RESIDUAL,original_base_level_superset_q75,14.522968,184.0,4071.63,15.554218,False,False,DYNAMIC_GT10,34.419081
2026-06-30,2026-06-29,L4,RANGE_NORMAL_60_120,CLOSE_POS_LOWER_THIRD,ROWS_STANDARD_9_10,4178.97,AUTO_JSON,ema_proxy_up,UP,4072.66125,4072.66125,ORIGINAL_ORACLE_PRESERVED,4077.551769,LEVEL_RESIDUAL,superset_base_level_superset_mean,4.890519,184.0,4071.63,5.921769,False,False,DYNAMIC_WITHIN_10,34.804379
2026-06-30,2026-06-29,L4,RANGE_NORMAL_60_120,CLOSE_POS_LOWER_THIRD,ROWS_STANDARD_9_10,4178.97,AUTO_JSON,ema_proxy_up,UP,4072.66125,4072.66125,ORIGINAL_ORACLE_PRESERVED,4077.551769,LEVEL_RESIDUAL,original_base_level_superset_mean,4.890519,184.0,4071.63,5.921769,False,False,DYNAMIC_WITHIN_10,34.804379
2026-06-30,2026-06-29,L4,RANGE_NORMAL_60_120,CLOSE_POS_LOWER_THIRD,ROWS_STANDARD_9_10,4178.97,AUTO_JSON,ema_proxy_up,UP,4072.66125,4072.66125,ORIGINAL_ORACLE_PRESERVED,4082.52664,LEVEL_RESIDUAL,superset_base_level_superset_recent8_median,9.86539,8.0,4071.63,10.89664,False,False,DYNAMIC_GT10,29.394283
2026-06-30,2026-06-29,L4,RANGE_NORMAL_60_120,CLOSE_POS_LOWER_THIRD,ROWS_STANDARD_9_10,4178.97,AUTO_JSON,ema_proxy_up,UP,4072.66125,4072.66125,ORIGINAL_ORACLE_PRESERVED,4082.52664,LEVEL_RESIDUAL,original_base_level_superset_recent8_median,9.86539,8.0,4071.63,10.89664,False,False,DYNAMIC_GT10,29.394283
2026-06-30,2026-06-29,L4,RANGE_NORMAL_60_120,CLOSE_POS_LOWER_THIRD,ROWS_STANDARD_9_10,4178.97,AUTO_JSON,ema_proxy_up,UP,4072.66125,4072.66125,ORIGINAL_ORACLE_PRESERVED,4075.943125,LEVEL_RESIDUAL,superset_base_level_original_median,3.281875,184.0,4071.63,4.313125,False,True,DYNAMIC_WITHIN_5,34.868725
2026-06-30,2026-06-29,L4,RANGE_NORMAL_60_120,CLOSE_POS_LOWER_THIRD,ROWS_STANDARD_9_10,4178.97,AUTO_JSON,ema_proxy_up,UP,4072.66125,4072.66125,ORIGINAL_ORACLE_PRESERVED,4075.943125,LEVEL_RESIDUAL,original_base_level_original_median,3.281875,184.0,4071.63,4.313125,False,True,DYNAMIC_WITHIN_5,34.868725
2026-06-30,2026-06-29,L4,RANGE_NORMAL_60_120,CLOSE_POS_LOWER_THIRD,ROWS_STANDARD_9_10,4178.97,AUTO_JSON,ema_proxy_up,UP,4072.66125,4072.66125,ORIGINAL_ORACLE_PRESERVED,4066.948225,LEVEL_RESIDUAL,superset_base_level_original_q25,-5.713025,184.0,4071.63,4.681775,False,True,DYNAMIC_WITHIN_5,34.771479
2026-06-30,2026-06-29,L4,RANGE_NORMAL_60_120,CLOSE_POS_LOWER_THIRD,ROWS_STANDARD_9_10,4178.97,AUTO_JSON,ema_proxy_up,UP,4072.66125,4072.66125,ORIGINAL_ORACLE_PRESERVED,4066.948225,LEVEL_RESIDUAL,original_base_level_original_q25,-5.713025,184.0,4071.63,4.681775,False,True,DYNAMIC_WITHIN_5,34.771479
2026-06-30,2026-06-29,L4,RANGE_NORMAL_60_120,CLOSE_POS_LOWER_THIRD,ROWS_STANDARD_9_10,4178.97,AUTO_JSON,ema_proxy_up,UP,4072.66125,4072.66125,ORIGINAL_ORACLE_PRESERVED,4087.184219,LEVEL_RESIDUAL,superset_base_level_original_q75,14.522968,184.0,4071.63,15.554218,False,False,DYNAMIC_GT10,34.419081
2026-06-30,2026-06-29,L4,RANGE_NORMAL_60_120,CLOSE_POS_LOWER_THIRD,ROWS_STANDARD_9_10,4178.97,AUTO_JSON,ema_proxy_up,UP,4072.66125,4072.66125,ORIGINAL_ORACLE_PRESERVED,4087.184219,LEVEL_RESIDUAL,original_base_level_original_q75,14.522968,184.0,4071.63,15.554218,False,False,DYNAMIC_GT10,34.419081
2026-06-30,2026-06-29,L4,RANGE_NORMAL_60_120,CLOSE_POS_LOWER_THIRD,ROWS_STANDARD_9_10,4178.97,AUTO_JSON,ema_proxy_up,UP,4072.66125,4072.66125,ORIGINAL_ORACLE_PRESERVED,4077.293183,LEVEL_RESIDUAL,superset_base_level_original_mean,4.631933,184.0,4071.63,5.663183,False,False,DYNAMIC_WITHIN_10,34.814723
2026-06-30,2026-06-29,L4,RANGE_NORMAL_60_120,CLOSE_POS_LOWER_THIRD,ROWS_STANDARD_9_10,4178.97,AUTO_JSON,ema_proxy_up,UP,4072.66125,4072.66125,ORIGINAL_ORACLE_PRESERVED,4077.293183,LEVEL_RESIDUAL,original_base_level_original_mean,4.631933,184.0,4071.63,5.663183,False,False,DYNAMIC_WITHIN_10,34.814723
2026-06-30,2026-06-29,L4,RANGE_NORMAL_60_120,CLOSE_POS_LOWER_THIRD,ROWS_STANDARD_9_10,4178.97,AUTO_JSON,ema_proxy_up,UP,4072.66125,4072.66125,ORIGINAL_ORACLE_PRESERVED,4082.52664,LEVEL_RESIDUAL,superset_base_level_original_recent8_median,9.86539,8.0,4071.63,10.89664,False,False,DYNAMIC_GT10,29.394283
2026-06-30,2026-06-29,L4,RANGE_NORMAL_60_120,CLOSE_POS_LOWER_THIRD,ROWS_STANDARD_9_10,4178.97,AUTO_JSON,ema_proxy_up,UP,4072.66125,4072.66125,ORIGINAL_ORACLE_PRESERVED,4082.52664,LEVEL_RESIDUAL,original_base_level_original_recent8_median,9.86539,8.0,4071.63,10.89664,False,False,DYNAMIC_GT10,29.394283
2026-06-30,2026-06-29,L4,RANGE_NORMAL_60_120,CLOSE_POS_LOWER_THIRD,ROWS_STANDARD_9_10,4178.97,AUTO_JSON,ema_proxy_up,UP,4072.66125,4072.66125,ORIGINAL_ORACLE_PRESERVED,4082.692917,REGIME_LEVEL_RESIDUAL,superset_base_regime_superset_median,10.031667,12.0,4071.63,11.062917,False,False,DYNAMIC_GT10,41.858531
2026-06-30,2026-06-29,L4,RANGE_NORMAL_60_120,CLOSE_POS_LOWER_THIRD,ROWS_STANDARD_9_10,4178.97,AUTO_JSON,ema_proxy_up,UP,4072.66125,4072.66125,ORIGINAL_ORACLE_PRESERVED,4082.692917,REGIME_LEVEL_RESIDUAL,original_base_regime_superset_median,10.031667,12.0,4071.63,11.062917,False,False,DYNAMIC_GT10,41.858531
2026-06-30,2026-06-29,L4,RANGE_NORMAL_60_120,CLOSE_POS_LOWER_THIRD,ROWS_STANDARD_9_10,4178.97,AUTO_JSON,ema_proxy_up,UP,4072.66125,4072.66125,ORIGINAL_ORACLE_PRESERVED,4079.47625,REGIME_LEVEL_RESIDUAL,superset_base_regime_superset_q25,6.815,12.0,4071.63,7.84625,False,False,DYNAMIC_WITHIN_10,41.987197
2026-06-30,2026-06-29,L4,RANGE_NORMAL_60_120,CLOSE_POS_LOWER_THIRD,ROWS_STANDARD_9_10,4178.97,AUTO_JSON,ema_proxy_up,UP,4072.66125,4072.66125,ORIGINAL_ORACLE_PRESERVED,4079.47625,REGIME_LEVEL_RESIDUAL,original_base_regime_superset_q25,6.815,12.0,4071.63,7.84625,False,False,DYNAMIC_WITHIN_10,41.987197
2026-06-30,2026-06-29,L4,RANGE_NORMAL_60_120,CLOSE_POS_LOWER_THIRD,ROWS_STANDARD_9_10,4178.97,AUTO_JSON,ema_proxy_up,UP,4072.66125,4072.66125,ORIGINAL_ORACLE_PRESERVED,4096.46466,REGIME_LEVEL_RESIDUAL,superset_base_regime_superset_q75,23.80341,12.0,4071.63,24.83466,False,False,DYNAMIC_GT10,41.307661
2026-06-30,2026-06-29,L4,RANGE_NORMAL_60_120,CLOSE_POS_LOWER_THIRD,ROWS_STANDARD_9_10,4178.97,AUTO_JSON,ema_proxy_up,UP,4072.66125,4072.66125,ORIGINAL_ORACLE_PRESERVED,4096.46466,REGIME_LEVEL_RESIDUAL,original_base_regime_superset_q75,23.80341,12.0,4071.63,24.83466,False,False,DYNAMIC_GT10,41.307661
2026-06-30,2026-06-29,L4,RANGE_NORMAL_60_120,CLOSE_POS_LOWER_THIRD,ROWS_STANDARD_9_10,4178.97,AUTO_JSON,ema_proxy_up,UP,4072.66125,4072.66125,ORIGINAL_ORACLE_PRESERVED,4088.007821,REGIME_LEVEL_RESIDUAL,superset_base_regime_superset_mean,15.346571,12.0,4071.63,16.377821,False,False,DYNAMIC_GT10,41.645935
2026-06-30,2026-06-29,L4,RANGE_NORMAL_60_120,CLOSE_POS_LOWER_THIRD,ROWS_STANDARD_9_10,4178.97,AUTO_JSON,ema_proxy_up,UP,4072.66125,4072.66125,ORIGINAL_ORACLE_PRESERVED,4088.007821,REGIME_LEVEL_RESIDUAL,original_base_regime_superset_mean,15.346571,12.0,4071.63,16.377821,False,False,DYNAMIC_GT10,41.645935
2026-06-30,2026-06-29,L4,RANGE_NORMAL_60_120,CLOSE_POS_LOWER_THIRD,ROWS_STANDARD_9_10,4178.97,AUTO_JSON,ema_proxy_up,UP,4072.66125,4072.66125,ORIGINAL_ORACLE_PRESERVED,4082.289375,REGIME_LEVEL_RESIDUAL,superset_base_regime_superset_recent8_median,9.628125,8.0,4071.63,10.659375,False,False,DYNAMIC_GT10,40.403773
2026-06-30,2026-06-29,L4,RANGE_NORMAL_60_120,CLOSE_POS_LOWER_THIRD,ROWS_STANDARD_9_10,4178.97,AUTO_JSON,ema_proxy_up,UP,4072.66125,4072.66125,ORIGINAL_ORACLE_PRESERVED,4082.289375,REGIME_LEVEL_RESIDUAL,original_base_regime_superset_recent8_median,9.628125,8.0,4071.63,10.659375,False,False,DYNAMIC_GT10,40.403773
2026-06-30,2026-06-29,L4,RANGE_NORMAL_60_120,CLOSE_POS_LOWER_THIRD,ROWS_STANDARD_9_10,4178.97,AUTO_JSON,ema_proxy_up,UP,4072.66125,4072.66125,ORIGINAL_ORACLE_PRESERVED,4082.289375,REGIME_LEVEL_RESIDUAL,superset_base_regime_original_median,9.628125,12.0,4071.63,10.659375,False,False,DYNAMIC_GT10,41.874672
2026-06-30,2026-06-29,L4,RANGE_NORMAL_60_120,CLOSE_POS_LOWER_THIRD,ROWS_STANDARD_9_10,4178.97,AUTO_JSON,ema_proxy_up,UP,4072.66125,4072.66125,ORIGINAL_ORACLE_PRESERVED,4082.289375,REGIME_LEVEL_RESIDUAL,original_base_regime_original_median,9.628125,12.0,4071.63,10.659375,False,False,DYNAMIC_GT10,41.874672
2026-06-30,2026-06-29,L4,RANGE_NORMAL_60_120,CLOSE_POS_LOWER_THIRD,ROWS_STANDARD_9_10,4178.97,AUTO_JSON,ema_proxy_up,UP,4072.66125,4072.66125,ORIGINAL_ORACLE_PRESERVED,4074.989062,REGIME_LEVEL_RESIDUAL,superset_base_regime_original_q25,2.327812,12.0,4071.63,3.359062,False,True,DYNAMIC_WITHIN_5,42.166685
2026-06-30,2026-06-29,L4,RANGE_NORMAL_60_120,CLOSE_POS_LOWER_THIRD,ROWS_STANDARD_9_10,4178.97,AUTO_JSON,ema_proxy_up,UP,4072.66125,4072.66125,ORIGINAL_ORACLE_PRESERVED,4074.989062,REGIME_LEVEL_RESIDUAL,original_base_regime_original_q25,2.327812,12.0,4071.63,3.359062,False,True,DYNAMIC_WITHIN_5,42.166685
2026-06-30,2026-06-29,L4,RANGE_NORMAL_60_120,CLOSE_POS_LOWER_THIRD,ROWS_STANDARD_9_10,4178.97,AUTO_JSON,ema_proxy_up,UP,4072.66125,4072.66125,ORIGINAL_ORACLE_PRESERVED,4096.46466,REGIME_LEVEL_RESIDUAL,superset_base_regime_original_q75,23.80341,12.0,4071.63,24.83466,False,False,DYNAMIC_GT10,41.307661
2026-06-30,2026-06-29,L4,RANGE_NORMAL_60_120,CLOSE_POS_LOWER_THIRD,ROWS_STANDARD_9_10,4178.97,AUTO_JSON,ema_proxy_up,UP,4072.66125,4072.66125,ORIGINAL_ORACLE_PRESERVED,4096.46466,REGIME_LEVEL_RESIDUAL,original_base_regime_original_q75,23.80341,12.0,4071.63,24.83466,False,False,DYNAMIC_GT10,41.307661
2026-06-30,2026-06-29,L4,RANGE_NORMAL_60_120,CLOSE_POS_LOWER_THIRD,ROWS_STANDARD_9_10,4178.97,AUTO_JSON,ema_proxy_up,UP,4072.66125,4072.66125,ORIGINAL_ORACLE_PRESERVED,4086.457908,REGIME_LEVEL_RESIDUAL,superset_base_regime_original_mean,13.796658,12.0,4071.63,14.827908,False,False,DYNAMIC_GT10,41.707931
2026-06-30,2026-06-29,L4,RANGE_NORMAL_60_120,CLOSE_POS_LOWER_THIRD,ROWS_STANDARD_9_10,4178.97,AUTO_JSON,ema_proxy_up,UP,4072.66125,4072.66125,ORIGINAL_ORACLE_PRESERVED,4086.457908,REGIME_LEVEL_RESIDUAL,original_base_regime_original_mean,13.796658,12.0,4071.63,14.827908,False,False,DYNAMIC_GT10,41.707931
2026-06-30,2026-06-29,L4,RANGE_NORMAL_60_120,CLOSE_POS_LOWER_THIRD,ROWS_STANDARD_9_10,4178.97,AUTO_JSON,ema_proxy_up,UP,4072.66125,4072.66125,ORIGINAL_ORACLE_PRESERVED,4082.289375,REGIME_LEVEL_RESIDUAL,superset_base_regime_original_recent8_median,9.628125,8.0,4071.63,10.659375,False,False,DYNAMIC_GT10,40.403773
2026-06-30,2026-06-29,L4,RANGE_NORMAL_60_120,CLOSE_POS_LOWER_THIRD,ROWS_STANDARD_9_10,4178.97,AUTO_JSON,ema_proxy_up,UP,4072.66125,4072.66125,ORIGINAL_ORACLE_PRESERVED,4082.289375,REGIME_LEVEL_RESIDUAL,original_base_regime_original_recent8_median,9.628125,8.0,4071.63,10.659375,False,False,DYNAMIC_GT10,40.403773
2026-06-30,2026-06-29,L4,RANGE_NORMAL_60_120,CLOSE_POS_LOWER_THIRD,ROWS_STANDARD_9_10,4178.97,AUTO_JSON,ema_proxy_up,UP,4072.66125,4072.66125,ORIGINAL_ORACLE_PRESERVED,4078.61873,RANGE_CLOSE_LEVEL_RESIDUAL,superset_base_range_close_superset_median,5.95748,19.0,4071.63,6.98873,False,False,DYNAMIC_WITHIN_10,16.74463
2026-06-30,2026-06-29,L4,RANGE_NORMAL_60_120,CLOSE_POS_LOWER_THIRD,ROWS_STANDARD_9_10,4178.97,AUTO_JSON,ema_proxy_up,UP,4072.66125,4072.66125,ORIGINAL_ORACLE_PRESERVED,4078.61873,RANGE_CLOSE_LEVEL_RESIDUAL,original_base_range_close_superset_median,5.95748,19.0,4071.63,6.98873,False,False,DYNAMIC_WITHIN_10,16.74463
2026-06-30,2026-06-29,L4,RANGE_NORMAL_60_120,CLOSE_POS_LOWER_THIRD,ROWS_STANDARD_9_10,4178.97,AUTO_JSON,ema_proxy_up,UP,4072.66125,4072.66125,ORIGINAL_ORACLE_PRESERVED,4071.884375,RANGE_CLOSE_LEVEL_RESIDUAL,superset_base_range_close_superset_q25,-0.776875,19.0,4071.63,0.254375,True,True,DYNAMIC_WITHIN_3,16.951854
2026-06-30,2026-06-29,L4,RANGE_NORMAL_60_120,CLOSE_POS_LOWER_THIRD,ROWS_STANDARD_9_10,4178.97,AUTO_JSON,ema_proxy_up,UP,4072.66125,4072.66125,ORIGINAL_ORACLE_PRESERVED,4071.884375,RANGE_CLOSE_LEVEL_RESIDUAL,original_base_range_close_superset_q25,-0.776875,19.0,4071.63,0.254375,True,True,DYNAMIC_WITHIN_3,16.951854
2026-06-30,2026-06-29,L4,RANGE_NORMAL_60_120,CLOSE_POS_LOWER_THIRD,ROWS_STANDARD_9_10,4178.97,AUTO_JSON,ema_proxy_up,UP,4072.66125,4072.66125,ORIGINAL_ORACLE_PRESERVED,4087.701875,RANGE_CLOSE_LEVEL_RESIDUAL,superset_base_range_close_superset_q75,15.040625,19.0,4071.63,16.071875,False,False,DYNAMIC_GT10,16.381304
2026-06-30,2026-06-29,L4,RANGE_NORMAL_60_120,CLOSE_POS_LOWER_THIRD,ROWS_STANDARD_9_10,4178.97,AUTO_JSON,ema_proxy_up,UP,4072.66125,4072.66125,ORIGINAL_ORACLE_PRESERVED,4087.701875,RANGE_CLOSE_LEVEL_RESIDUAL,original_base_range_close_superset_q75,15.040625,19.0,4071.63,16.071875,False,False,DYNAMIC_GT10,16.381304
2026-06-30,2026-06-29,L4,RANGE_NORMAL_60_120,CLOSE_POS_LOWER_THIRD,ROWS_STANDARD_9_10,4178.97,AUTO_JSON,ema_proxy_up,UP,4072.66125,4072.66125,ORIGINAL_ORACLE_PRESERVED,4079.796491,RANGE_CLOSE_LEVEL_RESIDUAL,superset_base_range_close_superset_mean,7.135241,19.0,4071.63,8.166491,False,False,DYNAMIC_WITHIN_10,16.697519
2026-06-30,2026-06-29,L4,RANGE_NORMAL_60_120,CLOSE_POS_LOWER_THIRD,ROWS_STANDARD_9_10,4178.97,AUTO_JSON,ema_proxy_up,UP,4072.66125,4072.66125,ORIGINAL_ORACLE_PRESERVED,4079.796491,RANGE_CLOSE_LEVEL_RESIDUAL,original_base_range_close_superset_mean,7.135241,19.0,4071.63,8.166491,False,False,DYNAMIC_WITHIN_10,16.697519
2026-06-30,2026-06-29,L4,RANGE_NORMAL_60_120,CLOSE_POS_LOWER_THIRD,ROWS_STANDARD_9_10,4178.97,AUTO_JSON,ema_proxy_up,UP,4072.66125,4072.66125,ORIGINAL_ORACLE_PRESERVED,4078.265,RANGE_CLOSE_LEVEL_RESIDUAL,superset_base_range_close_superset_recent8_median,5.60375,8.0,4071.63,6.635,False,False,DYNAMIC_WITHIN_10,13.564748
2026-06-30,2026-06-29,L4,RANGE_NORMAL_60_120,CLOSE_POS_LOWER_THIRD,ROWS_STANDARD_9_10,4178.97,AUTO_JSON,ema_proxy_up,UP,4072.66125,4072.66125,ORIGINAL_ORACLE_PRESERVED,4078.265,RANGE_CLOSE_LEVEL_RESIDUAL,original_base_range_close_superset_recent8_median,5.60375,8.0,4071.63,6.635,False,False,DYNAMIC_WITHIN_10,13.564748
2026-06-30,2026-06-29,L4,RANGE_NORMAL_60_120,CLOSE_POS_LOWER_THIRD,ROWS_STANDARD_9_10,4178.97,AUTO_JSON,ema_proxy_up,UP,4072.66125,4072.66125,ORIGINAL_ORACLE_PRESERVED,4077.39,RANGE_CLOSE_LEVEL_RESIDUAL,superset_base_range_close_original_median,4.72875,19.0,4071.63,5.76,False,False,DYNAMIC_WITHIN_10,16.793779
2026-06-30,2026-06-29,L4,RANGE_NORMAL_60_120,CLOSE_POS_LOWER_THIRD,ROWS_STANDARD_9_10,4178.97,AUTO_JSON,ema_proxy_up,UP,4072.66125,4072.66125,ORIGINAL_ORACLE_PRESERVED,4077.39,RANGE_CLOSE_LEVEL_RESIDUAL,original_base_range_close_original_median,4.72875,19.0,4071.63,5.76,False,False,DYNAMIC_WITHIN_10,16.793779
2026-06-30,2026-06-29,L4,RANGE_NORMAL_60_120,CLOSE_POS_LOWER_THIRD,ROWS_STANDARD_9_10,4178.97,AUTO_JSON,ema_proxy_up,UP,4072.66125,4072.66125,ORIGINAL_ORACLE_PRESERVED,4067.932432,RANGE_CLOSE_LEVEL_RESIDUAL,superset_base_range_close_original_q25,-4.728818,19.0,4071.63,3.697568,False,True,DYNAMIC_WITHIN_5,16.793776
2026-06-30,2026-06-29,L4,RANGE_NORMAL_60_120,CLOSE_POS_LOWER_THIRD,ROWS_STANDARD_9_10,4178.97,AUTO_JSON,ema_proxy_up,UP,4072.66125,4072.66125,ORIGINAL_ORACLE_PRESERVED,4067.932432,RANGE_CLOSE_LEVEL_RESIDUAL,original_base_range_close_original_q25,-4.728818,19.0,4071.63,3.697568,False,True,DYNAMIC_WITHIN_5,16.793776
2026-06-30,2026-06-29,L4,RANGE_NORMAL_60_120,CLOSE_POS_LOWER_THIRD,ROWS_STANDARD_9_10,4178.97,AUTO_JSON,ema_proxy_up,UP,4072.66125,4072.66125,ORIGINAL_ORACLE_PRESERVED,4087.701875,RANGE_CLOSE_LEVEL_RESIDUAL,superset_base_range_close_original_q75,15.040625,19.0,4071.63,16.071875,False,False,DYNAMIC_GT10,16.381304
2026-06-30,2026-06-29,L4,RANGE_NORMAL_60_120,CLOSE_POS_LOWER_THIRD,ROWS_STANDARD_9_10,4178.97,AUTO_JSON,ema_proxy_up,UP,4072.66125,4072.66125,ORIGINAL_ORACLE_PRESERVED,4087.701875,RANGE_CLOSE_LEVEL_RESIDUAL,original_base_range_close_original_q75,15.040625,19.0,4071.63,16.071875,False,False,DYNAMIC_GT10,16.381304
2026-06-30,2026-06-29,L4,RANGE_NORMAL_60_120,CLOSE_POS_LOWER_THIRD,ROWS_STANDARD_9_10,4178.97,AUTO_JSON,ema_proxy_up,UP,4072.66125,4072.66125,ORIGINAL_ORACLE_PRESERVED,4078.246933,RANGE_CLOSE_LEVEL_RESIDUAL,superset_base_range_close_original_mean,5.585683,19.0,4071.63,6.616933,False,False,DYNAMIC_WITHIN_10,16.759502
2026-06-30,2026-06-29,L4,RANGE_NORMAL_60_120,CLOSE_POS_LOWER_THIRD,ROWS_STANDARD_9_10,4178.97,AUTO_JSON,ema_proxy_up,UP,4072.66125,4072.66125,ORIGINAL_ORACLE_PRESERVED,4078.246933,RANGE_CLOSE_LEVEL_RESIDUAL,original_base_range_close_original_mean,5.585683,19.0,4071.63,6.616933,False,False,DYNAMIC_WITHIN_10,16.759502
2026-06-30,2026-06-29,L4,RANGE_NORMAL_60_120,CLOSE_POS_LOWER_THIRD,ROWS_STANDARD_9_10,4178.97,AUTO_JSON,ema_proxy_up,UP,4072.66125,4072.66125,ORIGINAL_ORACLE_PRESERVED,4078.85125,RANGE_CLOSE_LEVEL_RESIDUAL,superset_base_range_close_original_recent8_median,6.19,8.0,4071.63,7.22125,False,False,DYNAMIC_WITHIN_10,13.541298
2026-06-30,2026-06-29,L4,RANGE_NORMAL_60_120,CLOSE_POS_LOWER_THIRD,ROWS_STANDARD_9_10,4178.97,AUTO_JSON,ema_proxy_up,UP,4072.66125,4072.66125,ORIGINAL_ORACLE_PRESERVED,4078.85125,RANGE_CLOSE_LEVEL_RESIDUAL,original_base_range_close_original_recent8_median,6.19,8.0,4071.63,7.22125,False,False,DYNAMIC_WITHIN_10,13.541298
2026-06-30,2026-06-29,L4,RANGE_NORMAL_60_120,CLOSE_POS_LOWER_THIRD,ROWS_STANDARD_9_10,4178.97,AUTO_JSON,ema_proxy_up,UP,4072.66125,4072.66125,ORIGINAL_ORACLE_PRESERVED,4075.9575,SOURCE_LEVEL_RESIDUAL,superset_base_source_superset_median,3.29625,165.0,4071.63,4.3275,False,True,DYNAMIC_WITHIN_5,18.86815
2026-06-30,2026-06-29,L4,RANGE_NORMAL_60_120,CLOSE_POS_LOWER_THIRD,ROWS_STANDARD_9_10,4178.97,AUTO_JSON,ema_proxy_up,UP,4072.66125,4072.66125,ORIGINAL_ORACLE_PRESERVED,4075.9575,SOURCE_LEVEL_RESIDUAL,original_base_source_superset_median,3.29625,165.0,4071.63,4.3275,False,True,DYNAMIC_WITHIN_5,18.86815
2026-06-30,2026-06-29,L4,RANGE_NORMAL_60_120,CLOSE_POS_LOWER_THIRD,ROWS_STANDARD_9_10,4178.97,AUTO_JSON,ema_proxy_up,UP,4072.66125,4072.66125,ORIGINAL_ORACLE_PRESERVED,4066.77415,SOURCE_LEVEL_RESIDUAL,superset_base_source_superset_q25,-5.8871,165.0,4071.63,4.85585,False,True,DYNAMIC_WITHIN_5,18.764516
2026-06-30,2026-06-29,L4,RANGE_NORMAL_60_120,CLOSE_POS_LOWER_THIRD,ROWS_STANDARD_9_10,4178.97,AUTO_JSON,ema_proxy_up,UP,4072.66125,4072.66125,ORIGINAL_ORACLE_PRESERVED,4066.77415,SOURCE_LEVEL_RESIDUAL,original_base_source_superset_q25,-5.8871,165.0,4071.63,4.85585,False,True,DYNAMIC_WITHIN_5,18.764516
2026-06-30,2026-06-29,L4,RANGE_NORMAL_60_120,CLOSE_POS_LOWER_THIRD,ROWS_STANDARD_9_10,4178.97,AUTO_JSON,ema_proxy_up,UP,4072.66125,4072.66125,ORIGINAL_ORACLE_PRESERVED,4087.91625,SOURCE_LEVEL_RESIDUAL,superset_base_source_superset_q75,15.255,165.0,4071.63,16.28625,False,False,DYNAMIC_GT10,18.3898
2026-06-30,2026-06-29,L4,RANGE_NORMAL_60_120,CLOSE_POS_LOWER_THIRD,ROWS_STANDARD_9_10,4178.97,AUTO_JSON,ema_proxy_up,UP,4072.66125,4072.66125,ORIGINAL_ORACLE_PRESERVED,4087.91625,SOURCE_LEVEL_RESIDUAL,original_base_source_superset_q75,15.255,165.0,4071.63,16.28625,False,False,DYNAMIC_GT10,18.3898
2026-06-30,2026-06-29,L4,RANGE_NORMAL_60_120,CLOSE_POS_LOWER_THIRD,ROWS_STANDARD_9_10,4178.97,AUTO_JSON,ema_proxy_up,UP,4072.66125,4072.66125,ORIGINAL_ORACLE_PRESERVED,4077.698457,SOURCE_LEVEL_RESIDUAL,superset_base_source_superset_mean,5.037207,165.0,4071.63,6.068457,False,False,DYNAMIC_WITHIN_10,18.798512
2026-06-30,2026-06-29,L4,RANGE_NORMAL_60_120,CLOSE_POS_LOWER_THIRD,ROWS_STANDARD_9_10,4178.97,AUTO_JSON,ema_proxy_up,UP,4072.66125,4072.66125,ORIGINAL_ORACLE_PRESERVED,4077.698457,SOURCE_LEVEL_RESIDUAL,original_base_source_superset_mean,5.037207,165.0,4071.63,6.068457,False,False,DYNAMIC_WITHIN_10,18.798512
2026-06-30,2026-06-29,L4,RANGE_NORMAL_60_120,CLOSE_POS_LOWER_THIRD,ROWS_STANDARD_9_10,4178.97,AUTO_JSON,ema_proxy_up,UP,4072.66125,4072.66125,ORIGINAL_ORACLE_PRESERVED,4082.52664,SOURCE_LEVEL_RESIDUAL,superset_base_source_superset_recent8_median,9.86539,8.0,4071.63,10.89664,False,False,DYNAMIC_GT10,13.394283
2026-06-30,2026-06-29,L4,RANGE_NORMAL_60_120,CLOSE_POS_LOWER_THIRD,ROWS_STANDARD_9_10,4178.97,AUTO_JSON,ema_proxy_up,UP,4072.66125,4072.66125,ORIGINAL_ORACLE_PRESERVED,4082.52664,SOURCE_LEVEL_RESIDUAL,original_base_source_superset_recent8_median,9.86539,8.0,4071.63,10.89664,False,False,DYNAMIC_GT10,13.394283
2026-06-30,2026-06-29,L4,RANGE_NORMAL_60_120,CLOSE_POS_LOWER_THIRD,ROWS_STANDARD_9_10,4178.97,AUTO_JSON,ema_proxy_up,UP,4072.66125,4072.66125,ORIGINAL_ORACLE_PRESERVED,4075.9575,SOURCE_LEVEL_RESIDUAL,superset_base_source_original_median,3.29625,165.0,4071.63,4.3275,False,True,DYNAMIC_WITHIN_5,18.86815
2026-06-30,2026-06-29,L4,RANGE_NORMAL_60_120,CLOSE_POS_LOWER_THIRD,ROWS_STANDARD_9_10,4178.97,AUTO_JSON,ema_proxy_up,UP,4072.66125,4072.66125,ORIGINAL_ORACLE_PRESERVED,4075.9575,SOURCE_LEVEL_RESIDUAL,original_base_source_original_median,3.29625,165.0,4071.63,4.3275,False,True,DYNAMIC_WITHIN_5,18.86815
2026-06-30,2026-06-29,L4,RANGE_NORMAL_60_120,CLOSE_POS_LOWER_THIRD,ROWS_STANDARD_9_10,4178.97,AUTO_JSON,ema_proxy_up,UP,4072.66125,4072.66125,ORIGINAL_ORACLE_PRESERVED,4066.77415,SOURCE_LEVEL_RESIDUAL,superset_base_source_original_q25,-5.8871,165.0,4071.63,4.85585,False,True,DYNAMIC_WITHIN_5,18.764516
2026-06-30,2026-06-29,L4,RANGE_NORMAL_60_120,CLOSE_POS_LOWER_THIRD,ROWS_STANDARD_9_10,4178.97,AUTO_JSON,ema_proxy_up,UP,4072.66125,4072.66125,ORIGINAL_ORACLE_PRESERVED,4066.77415,SOURCE_LEVEL_RESIDUAL,original_base_source_original_q25,-5.8871,165.0,4071.63,4.85585,False,True,DYNAMIC_WITHIN_5,18.764516
2026-06-30,2026-06-29,L4,RANGE_NORMAL_60_120,CLOSE_POS_LOWER_THIRD,ROWS_STANDARD_9_10,4178.97,AUTO_JSON,ema_proxy_up,UP,4072.66125,4072.66125,ORIGINAL_ORACLE_PRESERVED,4087.91625,SOURCE_LEVEL_RESIDUAL,superset_base_source_original_q75,15.255,165.0,4071.63,16.28625,False,False,DYNAMIC_GT10,18.3898
2026-06-30,2026-06-29,L4,RANGE_NORMAL_60_120,CLOSE_POS_LOWER_THIRD,ROWS_STANDARD_9_10,4178.97,AUTO_JSON,ema_proxy_up,UP,4072.66125,4072.66125,ORIGINAL_ORACLE_PRESERVED,4087.91625,SOURCE_LEVEL_RESIDUAL,original_base_source_original_q75,15.255,165.0,4071.63,16.28625,False,False,DYNAMIC_GT10,18.3898
2026-06-30,2026-06-29,L4,RANGE_NORMAL_60_120,CLOSE_POS_LOWER_THIRD,ROWS_STANDARD_9_10,4178.97,AUTO_JSON,ema_proxy_up,UP,4072.66125,4072.66125,ORIGINAL_ORACLE_PRESERVED,4077.698457,SOURCE_LEVEL_RESIDUAL,superset_base_source_original_mean,5.037207,165.0,4071.63,6.068457,False,False,DYNAMIC_WITHIN_10,18.798512
2026-06-30,2026-06-29,L4,RANGE_NORMAL_60_120,CLOSE_POS_LOWER_THIRD,ROWS_STANDARD_9_10,4178.97,AUTO_JSON,ema_proxy_up,UP,4072.66125,4072.66125,ORIGINAL_ORACLE_PRESERVED,4077.698457,SOURCE_LEVEL_RESIDUAL,original_base_source_original_mean,5.037207,165.0,4071.63,6.068457,False,False,DYNAMIC_WITHIN_10,18.798512
2026-06-30,2026-06-29,L4,RANGE_NORMAL_60_120,CLOSE_POS_LOWER_THIRD,ROWS_STANDARD_9_10,4178.97,AUTO_JSON,ema_proxy_up,UP,4072.66125,4072.66125,ORIGINAL_ORACLE_PRESERVED,4082.52664,SOURCE_LEVEL_RESIDUAL,superset_base_source_original_recent8_median,9.86539,8.0,4071.63,10.89664,False,False,DYNAMIC_GT10,13.394283
2026-06-30,2026-06-29,L4,RANGE_NORMAL_60_120,CLOSE_POS_LOWER_THIRD,ROWS_STANDARD_9_10,4178.97,AUTO_JSON,ema_proxy_up,UP,4072.66125,4072.66125,ORIGINAL_ORACLE_PRESERVED,4082.52664,SOURCE_LEVEL_RESIDUAL,original_base_source_original_recent8_median,9.86539,8.0,4071.63,10.89664,False,False,DYNAMIC_GT10,13.394283
2026-06-30,2026-06-29,L5,RANGE_NORMAL_60_120,CLOSE_POS_LOWER_THIRD,ROWS_STANDARD_9_10,4178.97,AUTO_JSON,ema_proxy_up,UP,4031.785,4028.035,EXPANDED_ORACLE_BETTER,4031.785,SUPERSET_AUDITED_BASE,EXPANDED_ORACLE_BETTER,0.0,,4039.56,7.775,False,False,DYNAMIC_WITHIN_10,40.0
2026-06-30,2026-06-29,L5,RANGE_NORMAL_60_120,CLOSE_POS_LOWER_THIRD,ROWS_STANDARD_9_10,4178.97,AUTO_JSON,ema_proxy_up,UP,4031.785,4028.035,EXPANDED_ORACLE_BETTER,4028.035,ORIGINAL_ORACLE_BASE,MODE_B_EMA_CHANNEL_DIRECTION_HEAVY,0.0,,4039.56,11.525,False,False,DYNAMIC_GT10,5.0
2026-06-30,2026-06-29,L5,RANGE_NORMAL_60_120,CLOSE_POS_LOWER_THIRD,ROWS_STANDARD_9_10,4178.97,AUTO_JSON,ema_proxy_up,UP,4031.785,4028.035,EXPANDED_ORACLE_BETTER,4031.788333,LEVEL_RESIDUAL,superset_base_level_superset_median,0.003333,185.0,4039.56,7.771667,False,False,DYNAMIC_WITHIN_10,34.999867
2026-06-30,2026-06-29,L5,RANGE_NORMAL_60_120,CLOSE_POS_LOWER_THIRD,ROWS_STANDARD_9_10,4178.97,AUTO_JSON,ema_proxy_up,UP,4031.785,4028.035,EXPANDED_ORACLE_BETTER,4028.038333,LEVEL_RESIDUAL,original_base_level_superset_median,0.003333,185.0,4039.56,11.521667,False,False,DYNAMIC_GT10,34.999867
2026-06-30,2026-06-29,L5,RANGE_NORMAL_60_120,CLOSE_POS_LOWER_THIRD,ROWS_STANDARD_9_10,4178.97,AUTO_JSON,ema_proxy_up,UP,4031.785,4028.035,EXPANDED_ORACLE_BETTER,4025.425,LEVEL_RESIDUAL,superset_base_level_superset_q25,-6.36,185.0,4039.56,14.135,False,False,DYNAMIC_GT10,34.7456
2026-06-30,2026-06-29,L5,RANGE_NORMAL_60_120,CLOSE_POS_LOWER_THIRD,ROWS_STANDARD_9_10,4178.97,AUTO_JSON,ema_proxy_up,UP,4031.785,4028.035,EXPANDED_ORACLE_BETTER,4021.675,LEVEL_RESIDUAL,original_base_level_superset_q25,-6.36,185.0,4039.56,17.885,False,False,DYNAMIC_GT10,34.7456
2026-06-30,2026-06-29,L5,RANGE_NORMAL_60_120,CLOSE_POS_LOWER_THIRD,ROWS_STANDARD_9_10,4178.97,AUTO_JSON,ema_proxy_up,UP,4031.785,4028.035,EXPANDED_ORACLE_BETTER,4041.8425,LEVEL_RESIDUAL,superset_base_level_superset_q75,10.0575,185.0,4039.56,2.2825,True,True,DYNAMIC_WITHIN_3,34.5977
2026-06-30,2026-06-29,L5,RANGE_NORMAL_60_120,CLOSE_POS_LOWER_THIRD,ROWS_STANDARD_9_10,4178.97,AUTO_JSON,ema_proxy_up,UP,4031.785,4028.035,EXPANDED_ORACLE_BETTER,4038.0925,LEVEL_RESIDUAL,original_base_level_superset_q75,10.0575,185.0,4039.56,1.4675,True,True,DYNAMIC_WITHIN_3,34.5977
2026-06-30,2026-06-29,L5,RANGE_NORMAL_60_120,CLOSE_POS_LOWER_THIRD,ROWS_STANDARD_9_10,4178.97,AUTO_JSON,ema_proxy_up,UP,4031.785,4028.035,EXPANDED_ORACLE_BETTER,4034.34645,LEVEL_RESIDUAL,superset_base_level_superset_mean,2.56145,185.0,4039.56,5.21355,False,False,DYNAMIC_WITHIN_10,34.897542
2026-06-30,2026-06-29,L5,RANGE_NORMAL_60_120,CLOSE_POS_LOWER_THIRD,ROWS_STANDARD_9_10,4178.97,AUTO_JSON,ema_proxy_up,UP,4031.785,4028.035,EXPANDED_ORACLE_BETTER,4030.59645,LEVEL_RESIDUAL,original_base_level_superset_mean,2.56145,185.0,4039.56,8.96355,False,False,DYNAMIC_WITHIN_10,34.897542
2026-06-30,2026-06-29,L5,RANGE_NORMAL_60_120,CLOSE_POS_LOWER_THIRD,ROWS_STANDARD_9_10,4178.97,AUTO_JSON,ema_proxy_up,UP,4031.785,4028.035,EXPANDED_ORACLE_BETTER,4032.91719,LEVEL_RESIDUAL,superset_base_level_superset_recent8_median,1.13219,8.0,4039.56,6.64281,False,False,DYNAMIC_WITHIN_10,29.743611
2026-06-30,2026-06-29,L5,RANGE_NORMAL_60_120,CLOSE_POS_LOWER_THIRD,ROWS_STANDARD_9_10,4178.97,AUTO_JSON,ema_proxy_up,UP,4031.785,4028.035,EXPANDED_ORACLE_BETTER,4029.16719,LEVEL_RESIDUAL,original_base_level_superset_recent8_median,1.13219,8.0,4039.56,10.39281,False,False,DYNAMIC_GT10,29.743611
2026-06-30,2026-06-29,L5,RANGE_NORMAL_60_120,CLOSE_POS_LOWER_THIRD,ROWS_STANDARD_9_10,4178.97,AUTO_JSON,ema_proxy_up,UP,4031.785,4028.035,EXPANDED_ORACLE_BETTER,4032.205,LEVEL_RESIDUAL,superset_base_level_original_median,0.42,185.0,4039.56,7.355,False,False,DYNAMIC_WITHIN_10,34.9832
2026-06-30,2026-06-29,L5,RANGE_NORMAL_60_120,CLOSE_POS_LOWER_THIRD,ROWS_STANDARD_9_10,4178.97,AUTO_JSON,ema_proxy_up,UP,4031.785,4028.035,EXPANDED_ORACLE_BETTER,4028.455,LEVEL_RESIDUAL,original_base_level_original_median,0.42,185.0,4039.56,11.105,False,False,DYNAMIC_GT10,34.9832
2026-06-30,2026-06-29,L5,RANGE_NORMAL_60_120,CLOSE_POS_LOWER_THIRD,ROWS_STANDARD_9_10,4178.97,AUTO_JSON,ema_proxy_up,UP,4031.785,4028.035,EXPANDED_ORACLE_BETTER,4024.825,LEVEL_RESIDUAL,superset_base_level_original_q25,-6.96,185.0,4039.56,14.735,False,False,DYNAMIC_GT10,34.7216
2026-06-30,2026-06-29,L5,RANGE_NORMAL_60_120,CLOSE_POS_LOWER_THIRD,ROWS_STANDARD_9_10,4178.97,AUTO_JSON,ema_proxy_up,UP,4031.785,4028.035,EXPANDED_ORACLE_BETTER,4021.075,LEVEL_RESIDUAL,original_base_level_original_q25,-6.96,185.0,4039.56,18.485,False,False,DYNAMIC_GT10,34.7216
2026-06-30,2026-06-29,L5,RANGE_NORMAL_60_120,CLOSE_POS_LOWER_THIRD,ROWS_STANDARD_9_10,4178.97,AUTO_JSON,ema_proxy_up,UP,4031.785,4028.035,EXPANDED_ORACLE_BETTER,4041.8425,LEVEL_RESIDUAL,superset_base_level_original_q75,10.0575,185.0,4039.56,2.2825,True,True,DYNAMIC_WITHIN_3,34.5977
2026-06-30,2026-06-29,L5,RANGE_NORMAL_60_120,CLOSE_POS_LOWER_THIRD,ROWS_STANDARD_9_10,4178.97,AUTO_JSON,ema_proxy_up,UP,4031.785,4028.035,EXPANDED_ORACLE_BETTER,4038.0925,LEVEL_RESIDUAL,original_base_level_original_q75,10.0575,185.0,4039.56,1.4675,True,True,DYNAMIC_WITHIN_3,34.5977
2026-06-30,2026-06-29,L5,RANGE_NORMAL_60_120,CLOSE_POS_LOWER_THIRD,ROWS_STANDARD_9_10,4178.97,AUTO_JSON,ema_proxy_up,UP,4031.785,4028.035,EXPANDED_ORACLE_BETTER,4034.436799,LEVEL_RESIDUAL,superset_base_level_original_mean,2.651799,185.0,4039.56,5.123201,False,False,DYNAMIC_WITHIN_10,34.893928
2026-06-30,2026-06-29,L5,RANGE_NORMAL_60_120,CLOSE_POS_LOWER_THIRD,ROWS_STANDARD_9_10,4178.97,AUTO_JSON,ema_proxy_up,UP,4031.785,4028.035,EXPANDED_ORACLE_BETTER,4030.686799,LEVEL_RESIDUAL,original_base_level_original_mean,2.651799,185.0,4039.56,8.873201,False,False,DYNAMIC_WITHIN_10,34.893928
2026-06-30,2026-06-29,L5,RANGE_NORMAL_60_120,CLOSE_POS_LOWER_THIRD,ROWS_STANDARD_9_10,4178.97,AUTO_JSON,ema_proxy_up,UP,4031.785,4028.035,EXPANDED_ORACLE_BETTER,4032.91719,LEVEL_RESIDUAL,superset_base_level_original_recent8_median,1.13219,8.0,4039.56,6.64281,False,False,DYNAMIC_WITHIN_10,29.743611
2026-06-30,2026-06-29,L5,RANGE_NORMAL_60_120,CLOSE_POS_LOWER_THIRD,ROWS_STANDARD_9_10,4178.97,AUTO_JSON,ema_proxy_up,UP,4031.785,4028.035,EXPANDED_ORACLE_BETTER,4029.16719,LEVEL_RESIDUAL,original_base_level_original_recent8_median,1.13219,8.0,4039.56,10.39281,False,False,DYNAMIC_GT10,29.743611
2026-06-30,2026-06-29,L5,RANGE_NORMAL_60_120,CLOSE_POS_LOWER_THIRD,ROWS_STANDARD_9_10,4178.97,AUTO_JSON,ema_proxy_up,UP,4031.785,4028.035,EXPANDED_ORACLE_BETTER,4030.662096,REGIME_LEVEL_RESIDUAL,superset_base_regime_superset_median,-1.122904,12.0,4039.56,8.897904,False,False,DYNAMIC_WITHIN_10,42.214881
2026-06-30,2026-06-29,L5,RANGE_NORMAL_60_120,CLOSE_POS_LOWER_THIRD,ROWS_STANDARD_9_10,4178.97,AUTO_JSON,ema_proxy_up,UP,4031.785,4028.035,EXPANDED_ORACLE_BETTER,4026.912096,REGIME_LEVEL_RESIDUAL,original_base_regime_superset_median,-1.122904,12.0,4039.56,12.647904,False,False,DYNAMIC_GT10,42.214881
2026-06-30,2026-06-29,L5,RANGE_NORMAL_60_120,CLOSE_POS_LOWER_THIRD,ROWS_STANDARD_9_10,4178.97,AUTO_JSON,ema_proxy_up,UP,4031.785,4028.035,EXPANDED_ORACLE_BETTER,4022.110625,REGIME_LEVEL_RESIDUAL,superset_base_regime_superset_q25,-9.674375,12.0,4039.56,17.449375,False,False,DYNAMIC_GT10,41.872822
2026-06-30,2026-06-29,L5,RANGE_NORMAL_60_120,CLOSE_POS_LOWER_THIRD,ROWS_STANDARD_9_10,4178.97,AUTO_JSON,ema_proxy_up,UP,4031.785,4028.035,EXPANDED_ORACLE_BETTER,4018.360625,REGIME_LEVEL_RESIDUAL,original_base_regime_superset_q25,-9.674375,12.0,4039.56,21.199375,False,False,DYNAMIC_GT10,41.872822
2026-06-30,2026-06-29,L5,RANGE_NORMAL_60_120,CLOSE_POS_LOWER_THIRD,ROWS_STANDARD_9_10,4178.97,AUTO_JSON,ema_proxy_up,UP,4031.785,4028.035,EXPANDED_ORACLE_BETTER,4042.838125,REGIME_LEVEL_RESIDUAL,superset_base_regime_superset_q75,11.053125,12.0,4039.56,3.278125,False,True,DYNAMIC_WITHIN_5,41.817672
2026-06-30,2026-06-29,L5,RANGE_NORMAL_60_120,CLOSE_POS_LOWER_THIRD,ROWS_STANDARD_9_10,4178.97,AUTO_JSON,ema_proxy_up,UP,4031.785,4028.035,EXPANDED_ORACLE_BETTER,4039.088125,REGIME_LEVEL_RESIDUAL,original_base_regime_superset_q75,11.053125,12.0,4039.56,0.471875,True,True,DYNAMIC_WITHIN_3,41.817672
2026-06-30,2026-06-29,L5,RANGE_NORMAL_60_120,CLOSE_POS_LOWER_THIRD,ROWS_STANDARD_9_10,4178.97,AUTO_JSON,ema_proxy_up,UP,4031.785,4028.035,EXPANDED_ORACLE_BETTER,4031.625983,REGIME_LEVEL_RESIDUAL,superset_base_regime_superset_mean,-0.159017,12.0,4039.56,7.934017,False,False,DYNAMIC_WITHIN_10,42.253437
2026-06-30,2026-06-29,L5,RANGE_NORMAL_60_120,CLOSE_POS_LOWER_THIRD,ROWS_STANDARD_9_10,4178.97,AUTO_JSON,ema_proxy_up,UP,4031.785,4028.035,EXPANDED_ORACLE_BETTER,4027.875983,REGIME_LEVEL_RESIDUAL,original_base_regime_superset_mean,-0.159017,12.0,4039.56,11.684017,False,False,DYNAMIC_GT10,42.253437
2026-06-30,2026-06-29,L5,RANGE_NORMAL_60_120,CLOSE_POS_LOWER_THIRD,ROWS_STANDARD_9_10,4178.97,AUTO_JSON,ema_proxy_up,UP,4031.785,4028.035,EXPANDED_ORACLE_BETTER,4030.662096,REGIME_LEVEL_RESIDUAL,superset_base_regime_superset_recent8_median,-1.122904,8.0,4039.56,8.897904,False,False,DYNAMIC_WITHIN_10,40.743982
2026-06-30,2026-06-29,L5,RANGE_NORMAL_60_120,CLOSE_POS_LOWER_THIRD,ROWS_STANDARD_9_10,4178.97,AUTO_JSON,ema_proxy_up,UP,4031.785,4028.035,EXPANDED_ORACLE_BETTER,4026.912096,REGIME_LEVEL_RESIDUAL,original_base_regime_superset_recent8_median,-1.122904,8.0,4039.56,12.647904,False,False,DYNAMIC_GT10,40.743982
2026-06-30,2026-06-29,L5,RANGE_NORMAL_60_120,CLOSE_POS_LOWER_THIRD,ROWS_STANDARD_9_10,4178.97,AUTO_JSON,ema_proxy_up,UP,4031.785,4028.035,EXPANDED_ORACLE_BETTER,4030.662096,REGIME_LEVEL_RESIDUAL,superset_base_regime_original_median,-1.122904,12.0,4039.56,8.897904,False,False,DYNAMIC_WITHIN_10,42.214881
2026-06-30,2026-06-29,L5,RANGE_NORMAL_60_120,CLOSE_POS_LOWER_THIRD,ROWS_STANDARD_9_10,4178.97,AUTO_JSON,ema_proxy_up,UP,4031.785,4028.035,EXPANDED_ORACLE_BETTER,4026.912096,REGIME_LEVEL_RESIDUAL,original_base_regime_original_median,-1.122904,12.0,4039.56,12.647904,False,False,DYNAMIC_GT10,42.214881
2026-06-30,2026-06-29,L5,RANGE_NORMAL_60_120,CLOSE_POS_LOWER_THIRD,ROWS_STANDARD_9_10,4178.97,AUTO_JSON,ema_proxy_up,UP,4031.785,4028.035,EXPANDED_ORACLE_BETTER,4022.110625,REGIME_LEVEL_RESIDUAL,superset_base_regime_original_q25,-9.674375,12.0,4039.56,17.449375,False,False,DYNAMIC_GT10,41.872822
2026-06-30,2026-06-29,L5,RANGE_NORMAL_60_120,CLOSE_POS_LOWER_THIRD,ROWS_STANDARD_9_10,4178.97,AUTO_JSON,ema_proxy_up,UP,4031.785,4028.035,EXPANDED_ORACLE_BETTER,4018.360625,REGIME_LEVEL_RESIDUAL,original_base_regime_original_q25,-9.674375,12.0,4039.56,21.199375,False,False,DYNAMIC_GT10,41.872822
2026-06-30,2026-06-29,L5,RANGE_NORMAL_60_120,CLOSE_POS_LOWER_THIRD,ROWS_STANDARD_9_10,4178.97,AUTO_JSON,ema_proxy_up,UP,4031.785,4028.035,EXPANDED_ORACLE_BETTER,4042.838125,REGIME_LEVEL_RESIDUAL,superset_base_regime_original_q75,11.053125,12.0,4039.56,3.278125,False,True,DYNAMIC_WITHIN_5,41.817672
2026-06-30,2026-06-29,L5,RANGE_NORMAL_60_120,CLOSE_POS_LOWER_THIRD,ROWS_STANDARD_9_10,4178.97,AUTO_JSON,ema_proxy_up,UP,4031.785,4028.035,EXPANDED_ORACLE_BETTER,4039.088125,REGIME_LEVEL_RESIDUAL,original_base_regime_original_q75,11.053125,12.0,4039.56,0.471875,True,True,DYNAMIC_WITHIN_3,41.817672
2026-06-30,2026-06-29,L5,RANGE_NORMAL_60_120,CLOSE_POS_LOWER_THIRD,ROWS_STANDARD_9_10,4178.97,AUTO_JSON,ema_proxy_up,UP,4031.785,4028.035,EXPANDED_ORACLE_BETTER,4031.625983,REGIME_LEVEL_RESIDUAL,superset_base_regime_original_mean,-0.159017,12.0,4039.56,7.934017,False,False,DYNAMIC_WITHIN_10,42.253437
2026-06-30,2026-06-29,L5,RANGE_NORMAL_60_120,CLOSE_POS_LOWER_THIRD,ROWS_STANDARD_9_10,4178.97,AUTO_JSON,ema_proxy_up,UP,4031.785,4028.035,EXPANDED_ORACLE_BETTER,4027.875983,REGIME_LEVEL_RESIDUAL,original_base_regime_original_mean,-0.159017,12.0,4039.56,11.684017,False,False,DYNAMIC_GT10,42.253437
2026-06-30,2026-06-29,L5,RANGE_NORMAL_60_120,CLOSE_POS_LOWER_THIRD,ROWS_STANDARD_9_10,4178.97,AUTO_JSON,ema_proxy_up,UP,4031.785,4028.035,EXPANDED_ORACLE_BETTER,4030.662096,REGIME_LEVEL_RESIDUAL,superset_base_regime_original_recent8_median,-1.122904,8.0,4039.56,8.897904,False,False,DYNAMIC_WITHIN_10,40.743982
2026-06-30,2026-06-29,L5,RANGE_NORMAL_60_120,CLOSE_POS_LOWER_THIRD,ROWS_STANDARD_9_10,4178.97,AUTO_JSON,ema_proxy_up,UP,4031.785,4028.035,EXPANDED_ORACLE_BETTER,4026.912096,REGIME_LEVEL_RESIDUAL,original_base_regime_original_recent8_median,-1.122904,8.0,4039.56,12.647904,False,False,DYNAMIC_GT10,40.743982
2026-06-30,2026-06-29,L5,RANGE_NORMAL_60_120,CLOSE_POS_LOWER_THIRD,ROWS_STANDARD_9_10,4178.97,AUTO_JSON,ema_proxy_up,UP,4031.785,4028.035,EXPANDED_ORACLE_BETTER,4029.338346,RANGE_CLOSE_LEVEL_RESIDUAL,superset_base_range_close_superset_median,-2.446654,20.0,4039.56,10.221654,False,False,DYNAMIC_GT10,17.080224
2026-06-30,2026-06-29,L5,RANGE_NORMAL_60_120,CLOSE_POS_LOWER_THIRD,ROWS_STANDARD_9_10,4178.97,AUTO_JSON,ema_proxy_up,UP,4031.785,4028.035,EXPANDED_ORACLE_BETTER,4025.588346,RANGE_CLOSE_LEVEL_RESIDUAL,original_base_range_close_superset_median,-2.446654,20.0,4039.56,13.971654,False,False,DYNAMIC_GT10,17.080224
2026-06-30,2026-06-29,L5,RANGE_NORMAL_60_120,CLOSE_POS_LOWER_THIRD,ROWS_STANDARD_9_10,4178.97,AUTO_JSON,ema_proxy_up,UP,4031.785,4028.035,EXPANDED_ORACLE_BETTER,4020.584375,RANGE_CLOSE_LEVEL_RESIDUAL,superset_base_range_close_superset_q25,-11.200625,20.0,4039.56,18.975625,False,False,DYNAMIC_GT10,16.730065
2026-06-30,2026-06-29,L5,RANGE_NORMAL_60_120,CLOSE_POS_LOWER_THIRD,ROWS_STANDARD_9_10,4178.97,AUTO_JSON,ema_proxy_up,UP,4031.785,4028.035,EXPANDED_ORACLE_BETTER,4016.834375,RANGE_CLOSE_LEVEL_RESIDUAL,original_base_range_close_superset_q25,-11.200625,20.0,4039.56,22.725625,False,False,DYNAMIC_GT10,16.730065
2026-06-30,2026-06-29,L5,RANGE_NORMAL_60_120,CLOSE_POS_LOWER_THIRD,ROWS_STANDARD_9_10,4178.97,AUTO_JSON,ema_proxy_up,UP,4031.785,4028.035,EXPANDED_ORACLE_BETTER,4038.1225,RANGE_CLOSE_LEVEL_RESIDUAL,superset_base_range_close_superset_q75,6.3375,20.0,4039.56,1.4375,True,True,DYNAMIC_WITHIN_3,16.92459
2026-06-30,2026-06-29,L5,RANGE_NORMAL_60_120,CLOSE_POS_LOWER_THIRD,ROWS_STANDARD_9_10,4178.97,AUTO_JSON,ema_proxy_up,UP,4031.785,4028.035,EXPANDED_ORACLE_BETTER,4034.3725,RANGE_CLOSE_LEVEL_RESIDUAL,original_base_range_close_superset_q75,6.3375,20.0,4039.56,5.1875,False,False,DYNAMIC_WITHIN_10,16.92459
2026-06-30,2026-06-29,L5,RANGE_NORMAL_60_120,CLOSE_POS_LOWER_THIRD,ROWS_STANDARD_9_10,4178.97,AUTO_JSON,ema_proxy_up,UP,4031.785,4028.035,EXPANDED_ORACLE_BETTER,4033.84434,RANGE_CLOSE_LEVEL_RESIDUAL,superset_base_range_close_superset_mean,2.05934,20.0,4039.56,5.71566,False,False,DYNAMIC_WITHIN_10,17.095716
2026-06-30,2026-06-29,L5,RANGE_NORMAL_60_120,CLOSE_POS_LOWER_THIRD,ROWS_STANDARD_9_10,4178.97,AUTO_JSON,ema_proxy_up,UP,4031.785,4028.035,EXPANDED_ORACLE_BETTER,4030.09434,RANGE_CLOSE_LEVEL_RESIDUAL,original_base_range_close_superset_mean,2.05934,20.0,4039.56,9.46566,False,False,DYNAMIC_WITHIN_10,17.095716
2026-06-30,2026-06-29,L5,RANGE_NORMAL_60_120,CLOSE_POS_LOWER_THIRD,ROWS_STANDARD_9_10,4178.97,AUTO_JSON,ema_proxy_up,UP,4031.785,4028.035,EXPANDED_ORACLE_BETTER,4027.642928,RANGE_CLOSE_LEVEL_RESIDUAL,superset_base_range_close_superset_recent8_median,-4.142071,8.0,4039.56,11.917072,False,False,DYNAMIC_GT10,13.623215
2026-06-30,2026-06-29,L5,RANGE_NORMAL_60_120,CLOSE_POS_LOWER_THIRD,ROWS_STANDARD_9_10,4178.97,AUTO_JSON,ema_proxy_up,UP,4031.785,4028.035,EXPANDED_ORACLE_BETTER,4023.892928,RANGE_CLOSE_LEVEL_RESIDUAL,original_base_range_close_superset_recent8_median,-4.142071,8.0,4039.56,15.667072,False,False,DYNAMIC_GT10,13.623215
2026-06-30,2026-06-29,L5,RANGE_NORMAL_60_120,CLOSE_POS_LOWER_THIRD,ROWS_STANDARD_9_10,4178.97,AUTO_JSON,ema_proxy_up,UP,4031.785,4028.035,EXPANDED_ORACLE_BETTER,4031.79875,RANGE_CLOSE_LEVEL_RESIDUAL,superset_base_range_close_original_median,0.01375,20.0,4039.56,7.76125,False,False,DYNAMIC_WITHIN_10,17.17754
2026-06-30,2026-06-29,L5,RANGE_NORMAL_60_120,CLOSE_POS_LOWER_THIRD,ROWS_STANDARD_9_10,4178.97,AUTO_JSON,ema_proxy_up,UP,4031.785,4028.035,EXPANDED_ORACLE_BETTER,4028.04875,RANGE_CLOSE_LEVEL_RESIDUAL,original_base_range_close_original_median,0.01375,20.0,4039.56,11.51125,False,False,DYNAMIC_GT10,17.17754
2026-06-30,2026-06-29,L5,RANGE_NORMAL_60_120,CLOSE_POS_LOWER_THIRD,ROWS_STANDARD_9_10,4178.97,AUTO_JSON,ema_proxy_up,UP,4031.785,4028.035,EXPANDED_ORACLE_BETTER,4020.584375,RANGE_CLOSE_LEVEL_RESIDUAL,superset_base_range_close_original_q25,-11.200625,20.0,4039.56,18.975625,False,False,DYNAMIC_GT10,16.730065
2026-06-30,2026-06-29,L5,RANGE_NORMAL_60_120,CLOSE_POS_LOWER_THIRD,ROWS_STANDARD_9_10,4178.97,AUTO_JSON,ema_proxy_up,UP,4031.785,4028.035,EXPANDED_ORACLE_BETTER,4016.834375,RANGE_CLOSE_LEVEL_RESIDUAL,original_base_range_close_original_q25,-11.200625,20.0,4039.56,22.725625,False,False,DYNAMIC_GT10,16.730065
2026-06-30,2026-06-29,L5,RANGE_NORMAL_60_120,CLOSE_POS_LOWER_THIRD,ROWS_STANDARD_9_10,4178.97,AUTO_JSON,ema_proxy_up,UP,4031.785,4028.035,EXPANDED_ORACLE_BETTER,4039.12,RANGE_CLOSE_LEVEL_RESIDUAL,superset_base_range_close_original_q75,7.335,20.0,4039.56,0.44,True,True,DYNAMIC_WITHIN_3,16.88469
2026-06-30,2026-06-29,L5,RANGE_NORMAL_60_120,CLOSE_POS_LOWER_THIRD,ROWS_STANDARD_9_10,4178.97,AUTO_JSON,ema_proxy_up,UP,4031.785,4028.035,EXPANDED_ORACLE_BETTER,4035.37,RANGE_CLOSE_LEVEL_RESIDUAL,original_base_range_close_original_q75,7.335,20.0,4039.56,4.19,False,True,DYNAMIC_WITHIN_5,16.88469
2026-06-30,2026-06-29,L5,RANGE_NORMAL_60_120,CLOSE_POS_LOWER_THIRD,ROWS_STANDARD_9_10,4178.97,AUTO_JSON,ema_proxy_up,UP,4031.785,4028.035,EXPANDED_ORACLE_BETTER,4034.40684,RANGE_CLOSE_LEVEL_RESIDUAL,superset_base_range_close_original_mean,2.62184,20.0,4039.56,5.15316,False,False,DYNAMIC_WITHIN_10,17.073216
2026-06-30,2026-06-29,L5,RANGE_NORMAL_60_120,CLOSE_POS_LOWER_THIRD,ROWS_STANDARD_9_10,4178.97,AUTO_JSON,ema_proxy_up,UP,4031.785,4028.035,EXPANDED_ORACLE_BETTER,4030.65684,RANGE_CLOSE_LEVEL_RESIDUAL,original_base_range_close_original_mean,2.62184,20.0,4039.56,8.90316,False,False,DYNAMIC_WITHIN_10,17.073216
2026-06-30,2026-06-29,L5,RANGE_NORMAL_60_120,CLOSE_POS_LOWER_THIRD,ROWS_STANDARD_9_10,4178.97,AUTO_JSON,ema_proxy_up,UP,4031.785,4028.035,EXPANDED_ORACLE_BETTER,4029.338346,RANGE_CLOSE_LEVEL_RESIDUAL,superset_base_range_close_original_recent8_median,-2.446654,8.0,4039.56,10.221654,False,False,DYNAMIC_GT10,13.691032
2026-06-30,2026-06-29,L5,RANGE_NORMAL_60_120,CLOSE_POS_LOWER_THIRD,ROWS_STANDARD_9_10,4178.97,AUTO_JSON,ema_proxy_up,UP,4031.785,4028.035,EXPANDED_ORACLE_BETTER,4025.588346,RANGE_CLOSE_LEVEL_RESIDUAL,original_base_range_close_original_recent8_median,-2.446654,8.0,4039.56,13.971654,False,False,DYNAMIC_GT10,13.691032
2026-06-30,2026-06-29,L5,RANGE_NORMAL_60_120,CLOSE_POS_LOWER_THIRD,ROWS_STANDARD_9_10,4178.97,AUTO_JSON,ema_proxy_up,UP,4031.785,4028.035,EXPANDED_ORACLE_BETTER,4027.72,SOURCE_LEVEL_RESIDUAL,superset_base_source_superset_median,-4.065,11.0,4039.56,11.84,False,False,DYNAMIC_GT10,14.777027
2026-06-30,2026-06-29,L5,RANGE_NORMAL_60_120,CLOSE_POS_LOWER_THIRD,ROWS_STANDARD_9_10,4178.97,AUTO_JSON,ema_proxy_up,UP,4031.785,4028.035,EXPANDED_ORACLE_BETTER,4023.97,SOURCE_LEVEL_RESIDUAL,original_base_source_superset_median,-4.065,11.0,4039.56,15.59,False,False,DYNAMIC_GT10,14.777027
2026-06-30,2026-06-29,L5,RANGE_NORMAL_60_120,CLOSE_POS_LOWER_THIRD,ROWS_STANDARD_9_10,4178.97,AUTO_JSON,ema_proxy_up,UP,4031.785,4028.035,EXPANDED_ORACLE_BETTER,4026.81816,SOURCE_LEVEL_RESIDUAL,superset_base_source_superset_q25,-4.96684,11.0,4039.56,12.74184,False,False,DYNAMIC_GT10,14.740953
2026-06-30,2026-06-29,L5,RANGE_NORMAL_60_120,CLOSE_POS_LOWER_THIRD,ROWS_STANDARD_9_10,4178.97,AUTO_JSON,ema_proxy_up,UP,4031.785,4028.035,EXPANDED_ORACLE_BETTER,4023.06816,SOURCE_LEVEL_RESIDUAL,original_base_source_superset_q25,-4.96684,11.0,4039.56,16.49184,False,False,DYNAMIC_GT10,14.740953
2026-06-30,2026-06-29,L5,RANGE_NORMAL_60_120,CLOSE_POS_LOWER_THIRD,ROWS_STANDARD_9_10,4178.97,AUTO_JSON,ema_proxy_up,UP,4031.785,4028.035,EXPANDED_ORACLE_BETTER,4031.95439,SOURCE_LEVEL_RESIDUAL,superset_base_source_superset_q75,0.16939,11.0,4039.56,7.60561,False,False,DYNAMIC_WITHIN_10,14.932851
2026-06-30,2026-06-29,L5,RANGE_NORMAL_60_120,CLOSE_POS_LOWER_THIRD,ROWS_STANDARD_9_10,4178.97,AUTO_JSON,ema_proxy_up,UP,4031.785,4028.035,EXPANDED_ORACLE_BETTER,4028.20439,SOURCE_LEVEL_RESIDUAL,original_base_source_superset_q75,0.16939,11.0,4039.56,11.35561,False,False,DYNAMIC_GT10,14.932851
2026-06-30,2026-06-29,L5,RANGE_NORMAL_60_120,CLOSE_POS_LOWER_THIRD,ROWS_STANDARD_9_10,4178.97,AUTO_JSON,ema_proxy_up,UP,4031.785,4028.035,EXPANDED_ORACLE_BETTER,4029.266209,SOURCE_LEVEL_RESIDUAL,superset_base_source_superset_mean,-2.518791,11.0,4039.56,10.293791,False,False,DYNAMIC_GT10,14.838875
2026-06-30,2026-06-29,L5,RANGE_NORMAL_60_120,CLOSE_POS_LOWER_THIRD,ROWS_STANDARD_9_10,4178.97,AUTO_JSON,ema_proxy_up,UP,4031.785,4028.035,EXPANDED_ORACLE_BETTER,4025.516209,SOURCE_LEVEL_RESIDUAL,original_base_source_superset_mean,-2.518791,11.0,4039.56,14.043791,False,False,DYNAMIC_GT10,14.838875
2026-06-30,2026-06-29,L5,RANGE_NORMAL_60_120,CLOSE_POS_LOWER_THIRD,ROWS_STANDARD_9_10,4178.97,AUTO_JSON,ema_proxy_up,UP,4031.785,4028.035,EXPANDED_ORACLE_BETTER,4027.34125,SOURCE_LEVEL_RESIDUAL,superset_base_source_superset_recent8_median,-4.44375,8.0,4039.56,12.21875,False,False,DYNAMIC_GT10,13.611148
2026-06-30,2026-06-29,L5,RANGE_NORMAL_60_120,CLOSE_POS_LOWER_THIRD,ROWS_STANDARD_9_10,4178.97,AUTO_JSON,ema_proxy_up,UP,4031.785,4028.035,EXPANDED_ORACLE_BETTER,4023.59125,SOURCE_LEVEL_RESIDUAL,original_base_source_superset_recent8_median,-4.44375,8.0,4039.56,15.96875,False,False,DYNAMIC_GT10,13.611148
2026-06-30,2026-06-29,L5,RANGE_NORMAL_60_120,CLOSE_POS_LOWER_THIRD,ROWS_STANDARD_9_10,4178.97,AUTO_JSON,ema_proxy_up,UP,4031.785,4028.035,EXPANDED_ORACLE_BETTER,4027.280833,SOURCE_LEVEL_RESIDUAL,superset_base_source_original_median,-4.504167,11.0,4039.56,12.279167,False,False,DYNAMIC_GT10,14.75946
2026-06-30,2026-06-29,L5,RANGE_NORMAL_60_120,CLOSE_POS_LOWER_THIRD,ROWS_STANDARD_9_10,4178.97,AUTO_JSON,ema_proxy_up,UP,4031.785,4028.035,EXPANDED_ORACLE_BETTER,4023.530833,SOURCE_LEVEL_RESIDUAL,original_base_source_original_median,-4.504167,11.0,4039.56,16.029167,False,False,DYNAMIC_GT10,14.75946
2026-06-30,2026-06-29,L5,RANGE_NORMAL_60_120,CLOSE_POS_LOWER_THIRD,ROWS_STANDARD_9_10,4178.97,AUTO_JSON,ema_proxy_up,UP,4031.785,4028.035,EXPANDED_ORACLE_BETTER,4024.8425,SOURCE_LEVEL_RESIDUAL,superset_base_source_original_q25,-6.9425,11.0,4039.56,14.7175,False,False,DYNAMIC_GT10,14.661927
2026-06-30,2026-06-29,L5,RANGE_NORMAL_60_120,CLOSE_POS_LOWER_THIRD,ROWS_STANDARD_9_10,4178.97,AUTO_JSON,ema_proxy_up,UP,4031.785,4028.035,EXPANDED_ORACLE_BETTER,4021.0925,SOURCE_LEVEL_RESIDUAL,original_base_source_original_q25,-6.9425,11.0,4039.56,18.4675,False,False,DYNAMIC_GT10,14.661927
2026-06-30,2026-06-29,L5,RANGE_NORMAL_60_120,CLOSE_POS_LOWER_THIRD,ROWS_STANDARD_9_10,4178.97,AUTO_JSON,ema_proxy_up,UP,4031.785,4028.035,EXPANDED_ORACLE_BETTER,4037.654375,SOURCE_LEVEL_RESIDUAL,superset_base_source_original_q75,5.869375,11.0,4039.56,1.905625,True,True,DYNAMIC_WITHIN_3,14.704852
2026-06-30,2026-06-29,L5,RANGE_NORMAL_60_120,CLOSE_POS_LOWER_THIRD,ROWS_STANDARD_9_10,4178.97,AUTO_JSON,ema_proxy_up,UP,4031.785,4028.035,EXPANDED_ORACLE_BETTER,4033.904375,SOURCE_LEVEL_RESIDUAL,original_base_source_original_q75,5.869375,11.0,4039.56,5.655625,False,False,DYNAMIC_WITHIN_10,14.704852
2026-06-30,2026-06-29,L5,RANGE_NORMAL_60_120,CLOSE_POS_LOWER_THIRD,ROWS_STANDARD_9_10,4178.97,AUTO_JSON,ema_proxy_up,UP,4031.785,4028.035,EXPANDED_ORACLE_BETTER,4030.78572,SOURCE_LEVEL_RESIDUAL,superset_base_source_original_mean,-0.99928,11.0,4039.56,8.77428,False,False,DYNAMIC_WITHIN_10,14.899655
2026-06-30,2026-06-29,L5,RANGE_NORMAL_60_120,CLOSE_POS_LOWER_THIRD,ROWS_STANDARD_9_10,4178.97,AUTO_JSON,ema_proxy_up,UP,4031.785,4028.035,EXPANDED_ORACLE_BETTER,4027.03572,SOURCE_LEVEL_RESIDUAL,original_base_source_original_mean,-0.99928,11.0,4039.56,12.52428,False,False,DYNAMIC_GT10,14.899655
2026-06-30,2026-06-29,L5,RANGE_NORMAL_60_120,CLOSE_POS_LOWER_THIRD,ROWS_STANDARD_9_10,4178.97,AUTO_JSON,ema_proxy_up,UP,4031.785,4028.035,EXPANDED_ORACLE_BETTER,4026.807916,SOURCE_LEVEL_RESIDUAL,superset_base_source_original_recent8_median,-4.977083,8.0,4039.56,12.752084,False,False,DYNAMIC_GT10,13.589815
2026-06-30,2026-06-29,L5,RANGE_NORMAL_60_120,CLOSE_POS_LOWER_THIRD,ROWS_STANDARD_9_10,4178.97,AUTO_JSON,ema_proxy_up,UP,4031.785,4028.035,EXPANDED_ORACLE_BETTER,4023.057916,SOURCE_LEVEL_RESIDUAL,original_base_source_original_recent8_median,-4.977083,8.0,4039.56,16.502084,False,False,DYNAMIC_GT10,13.589815
2026-06-30,2026-06-29,L6,RANGE_NORMAL_60_120,CLOSE_POS_LOWER_THIRD,ROWS_STANDARD_9_10,4178.97,AUTO_JSON,ema_proxy_up,UP,4012.28125,4012.28125,ORIGINAL_ORACLE_PRESERVED,4012.28125,SUPERSET_AUDITED_BASE,ORIGINAL_ORACLE_PRESERVED,0.0,,4005.44,6.84125,False,False,DYNAMIC_WITHIN_10,40.0
2026-06-30,2026-06-29,L6,RANGE_NORMAL_60_120,CLOSE_POS_LOWER_THIRD,ROWS_STANDARD_9_10,4178.97,AUTO_JSON,ema_proxy_up,UP,4012.28125,4012.28125,ORIGINAL_ORACLE_PRESERVED,4011.97625,LEVEL_RESIDUAL,superset_base_level_superset_median,-0.305,185.0,4005.44,6.53625,False,False,DYNAMIC_WITHIN_10,34.9878
2026-06-30,2026-06-29,L6,RANGE_NORMAL_60_120,CLOSE_POS_LOWER_THIRD,ROWS_STANDARD_9_10,4178.97,AUTO_JSON,ema_proxy_up,UP,4012.28125,4012.28125,ORIGINAL_ORACLE_PRESERVED,4011.97625,LEVEL_RESIDUAL,original_base_level_superset_median,-0.305,185.0,4005.44,6.53625,False,False,DYNAMIC_WITHIN_10,34.9878
2026-06-30,2026-06-29,L6,RANGE_NORMAL_60_120,CLOSE_POS_LOWER_THIRD,ROWS_STANDARD_9_10,4178.97,AUTO_JSON,ema_proxy_up,UP,4012.28125,4012.28125,ORIGINAL_ORACLE_PRESERVED,4001.11579,LEVEL_RESIDUAL,superset_base_level_superset_q25,-11.16546,185.0,4005.44,4.32421,False,True,DYNAMIC_WITHIN_5,34.553382
2026-06-30,2026-06-29,L6,RANGE_NORMAL_60_120,CLOSE_POS_LOWER_THIRD,ROWS_STANDARD_9_10,4178.97,AUTO_JSON,ema_proxy_up,UP,4012.28125,4012.28125,ORIGINAL_ORACLE_PRESERVED,4001.11579,LEVEL_RESIDUAL,original_base_level_superset_q25,-11.16546,185.0,4005.44,4.32421,False,True,DYNAMIC_WITHIN_5,34.553382
2026-06-30,2026-06-29,L6,RANGE_NORMAL_60_120,CLOSE_POS_LOWER_THIRD,ROWS_STANDARD_9_10,4178.97,AUTO_JSON,ema_proxy_up,UP,4012.28125,4012.28125,ORIGINAL_ORACLE_PRESERVED,4020.14375,LEVEL_RESIDUAL,superset_base_level_superset_q75,7.8625,185.0,4005.44,14.70375,False,False,DYNAMIC_GT10,34.6855
2026-06-30,2026-06-29,L6,RANGE_NORMAL_60_120,CLOSE_POS_LOWER_THIRD,ROWS_STANDARD_9_10,4178.97,AUTO_JSON,ema_proxy_up,UP,4012.28125,4012.28125,ORIGINAL_ORACLE_PRESERVED,4020.14375,LEVEL_RESIDUAL,original_base_level_superset_q75,7.8625,185.0,4005.44,14.70375,False,False,DYNAMIC_GT10,34.6855
2026-06-30,2026-06-29,L6,RANGE_NORMAL_60_120,CLOSE_POS_LOWER_THIRD,ROWS_STANDARD_9_10,4178.97,AUTO_JSON,ema_proxy_up,UP,4012.28125,4012.28125,ORIGINAL_ORACLE_PRESERVED,4010.188615,LEVEL_RESIDUAL,superset_base_level_superset_mean,-2.092635,185.0,4005.44,4.748615,False,True,DYNAMIC_WITHIN_5,34.916295
2026-06-30,2026-06-29,L6,RANGE_NORMAL_60_120,CLOSE_POS_LOWER_THIRD,ROWS_STANDARD_9_10,4178.97,AUTO_JSON,ema_proxy_up,UP,4012.28125,4012.28125,ORIGINAL_ORACLE_PRESERVED,4010.188615,LEVEL_RESIDUAL,original_base_level_superset_mean,-2.092635,185.0,4005.44,4.748615,False,True,DYNAMIC_WITHIN_5,34.916295
2026-06-30,2026-06-29,L6,RANGE_NORMAL_60_120,CLOSE_POS_LOWER_THIRD,ROWS_STANDARD_9_10,4178.97,AUTO_JSON,ema_proxy_up,UP,4012.28125,4012.28125,ORIGINAL_ORACLE_PRESERVED,4007.547188,LEVEL_RESIDUAL,superset_base_level_superset_recent8_median,-4.734062,8.0,4005.44,2.107188,True,True,DYNAMIC_WITHIN_3,29.599536
2026-06-30,2026-06-29,L6,RANGE_NORMAL_60_120,CLOSE_POS_LOWER_THIRD,ROWS_STANDARD_9_10,4178.97,AUTO_JSON,ema_proxy_up,UP,4012.28125,4012.28125,ORIGINAL_ORACLE_PRESERVED,4007.547188,LEVEL_RESIDUAL,original_base_level_superset_recent8_median,-4.734062,8.0,4005.44,2.107188,True,True,DYNAMIC_WITHIN_3,29.599536
2026-06-30,2026-06-29,L6,RANGE_NORMAL_60_120,CLOSE_POS_LOWER_THIRD,ROWS_STANDARD_9_10,4178.97,AUTO_JSON,ema_proxy_up,UP,4012.28125,4012.28125,ORIGINAL_ORACLE_PRESERVED,4012.60375,LEVEL_RESIDUAL,superset_base_level_original_median,0.3225,185.0,4005.44,7.16375,False,False,DYNAMIC_WITHIN_10,34.9871
2026-06-30,2026-06-29,L6,RANGE_NORMAL_60_120,CLOSE_POS_LOWER_THIRD,ROWS_STANDARD_9_10,4178.97,AUTO_JSON,ema_proxy_up,UP,4012.28125,4012.28125,ORIGINAL_ORACLE_PRESERVED,4012.60375,LEVEL_RESIDUAL,original_base_level_original_median,0.3225,185.0,4005.44,7.16375,False,False,DYNAMIC_WITHIN_10,34.9871
2026-06-30,2026-06-29,L6,RANGE_NORMAL_60_120,CLOSE_POS_LOWER_THIRD,ROWS_STANDARD_9_10,4178.97,AUTO_JSON,ema_proxy_up,UP,4012.28125,4012.28125,ORIGINAL_ORACLE_PRESERVED,4001.11579,LEVEL_RESIDUAL,superset_base_level_original_q25,-11.16546,185.0,4005.44,4.32421,False,True,DYNAMIC_WITHIN_5,34.553382
2026-06-30,2026-06-29,L6,RANGE_NORMAL_60_120,CLOSE_POS_LOWER_THIRD,ROWS_STANDARD_9_10,4178.97,AUTO_JSON,ema_proxy_up,UP,4012.28125,4012.28125,ORIGINAL_ORACLE_PRESERVED,4001.11579,LEVEL_RESIDUAL,original_base_level_original_q25,-11.16546,185.0,4005.44,4.32421,False,True,DYNAMIC_WITHIN_5,34.553382
2026-06-30,2026-06-29,L6,RANGE_NORMAL_60_120,CLOSE_POS_LOWER_THIRD,ROWS_STANDARD_9_10,4178.97,AUTO_JSON,ema_proxy_up,UP,4012.28125,4012.28125,ORIGINAL_ORACLE_PRESERVED,4020.807917,LEVEL_RESIDUAL,superset_base_level_original_q75,8.526667,185.0,4005.44,15.367917,False,False,DYNAMIC_GT10,34.658933
2026-06-30,2026-06-29,L6,RANGE_NORMAL_60_120,CLOSE_POS_LOWER_THIRD,ROWS_STANDARD_9_10,4178.97,AUTO_JSON,ema_proxy_up,UP,4012.28125,4012.28125,ORIGINAL_ORACLE_PRESERVED,4020.807917,LEVEL_RESIDUAL,original_base_level_original_q75,8.526667,185.0,4005.44,15.367917,False,False,DYNAMIC_GT10,34.658933
2026-06-30,2026-06-29,L6,RANGE_NORMAL_60_120,CLOSE_POS_LOWER_THIRD,ROWS_STANDARD_9_10,4178.97,AUTO_JSON,ema_proxy_up,UP,4012.28125,4012.28125,ORIGINAL_ORACLE_PRESERVED,4010.545402,LEVEL_RESIDUAL,superset_base_level_original_mean,-1.735848,185.0,4005.44,5.105402,False,False,DYNAMIC_WITHIN_10,34.930566
2026-06-30,2026-06-29,L6,RANGE_NORMAL_60_120,CLOSE_POS_LOWER_THIRD,ROWS_STANDARD_9_10,4178.97,AUTO_JSON,ema_proxy_up,UP,4012.28125,4012.28125,ORIGINAL_ORACLE_PRESERVED,4010.545402,LEVEL_RESIDUAL,original_base_level_original_mean,-1.735848,185.0,4005.44,5.105402,False,False,DYNAMIC_WITHIN_10,34.930566
2026-06-30,2026-06-29,L6,RANGE_NORMAL_60_120,CLOSE_POS_LOWER_THIRD,ROWS_STANDARD_9_10,4178.97,AUTO_JSON,ema_proxy_up,UP,4012.28125,4012.28125,ORIGINAL_ORACLE_PRESERVED,4007.547188,LEVEL_RESIDUAL,superset_base_level_original_recent8_median,-4.734062,8.0,4005.44,2.107188,True,True,DYNAMIC_WITHIN_3,29.599536
2026-06-30,2026-06-29,L6,RANGE_NORMAL_60_120,CLOSE_POS_LOWER_THIRD,ROWS_STANDARD_9_10,4178.97,AUTO_JSON,ema_proxy_up,UP,4012.28125,4012.28125,ORIGINAL_ORACLE_PRESERVED,4007.547188,LEVEL_RESIDUAL,original_base_level_original_recent8_median,-4.734062,8.0,4005.44,2.107188,True,True,DYNAMIC_WITHIN_3,29.599536
2026-06-30,2026-06-29,L6,RANGE_NORMAL_60_120,CLOSE_POS_LOWER_THIRD,ROWS_STANDARD_9_10,4178.97,AUTO_JSON,ema_proxy_up,UP,4012.28125,4012.28125,ORIGINAL_ORACLE_PRESERVED,4010.698646,REGIME_LEVEL_RESIDUAL,superset_base_regime_superset_median,-1.582604,12.0,4005.44,5.258646,False,False,DYNAMIC_WITHIN_10,42.196493
2026-06-30,2026-06-29,L6,RANGE_NORMAL_60_120,CLOSE_POS_LOWER_THIRD,ROWS_STANDARD_9_10,4178.97,AUTO_JSON,ema_proxy_up,UP,4012.28125,4012.28125,ORIGINAL_ORACLE_PRESERVED,4010.698646,REGIME_LEVEL_RESIDUAL,original_base_regime_superset_median,-1.582604,12.0,4005.44,5.258646,False,False,DYNAMIC_WITHIN_10,42.196493
2026-06-30,2026-06-29,L6,RANGE_NORMAL_60_120,CLOSE_POS_LOWER_THIRD,ROWS_STANDARD_9_10,4178.97,AUTO_JSON,ema_proxy_up,UP,4012.28125,4012.28125,ORIGINAL_ORACLE_PRESERVED,3994.171875,REGIME_LEVEL_RESIDUAL,superset_base_regime_superset_q25,-18.109375,12.0,4005.44,11.268125,False,False,DYNAMIC_GT10,41.535422
2026-06-30,2026-06-29,L6,RANGE_NORMAL_60_120,CLOSE_POS_LOWER_THIRD,ROWS_STANDARD_9_10,4178.97,AUTO_JSON,ema_proxy_up,UP,4012.28125,4012.28125,ORIGINAL_ORACLE_PRESERVED,3994.171875,REGIME_LEVEL_RESIDUAL,original_base_regime_superset_q25,-18.109375,12.0,4005.44,11.268125,False,False,DYNAMIC_GT10,41.535422
2026-06-30,2026-06-29,L6,RANGE_NORMAL_60_120,CLOSE_POS_LOWER_THIRD,ROWS_STANDARD_9_10,4178.97,AUTO_JSON,ema_proxy_up,UP,4012.28125,4012.28125,ORIGINAL_ORACLE_PRESERVED,4014.429063,REGIME_LEVEL_RESIDUAL,superset_base_regime_superset_q75,2.147813,12.0,4005.44,8.989063,False,False,DYNAMIC_WITHIN_10,42.173885
2026-06-30,2026-06-29,L6,RANGE_NORMAL_60_120,CLOSE_POS_LOWER_THIRD,ROWS_STANDARD_9_10,4178.97,AUTO_JSON,ema_proxy_up,UP,4012.28125,4012.28125,ORIGINAL_ORACLE_PRESERVED,4014.429063,REGIME_LEVEL_RESIDUAL,original_base_regime_superset_q75,2.147813,12.0,4005.44,8.989063,False,False,DYNAMIC_WITHIN_10,42.173885
2026-06-30,2026-06-29,L6,RANGE_NORMAL_60_120,CLOSE_POS_LOWER_THIRD,ROWS_STANDARD_9_10,4178.97,AUTO_JSON,ema_proxy_up,UP,4012.28125,4012.28125,ORIGINAL_ORACLE_PRESERVED,4003.325504,REGIME_LEVEL_RESIDUAL,superset_base_regime_superset_mean,-8.955746,12.0,4005.44,2.114496,True,True,DYNAMIC_WITHIN_3,41.901568
2026-06-30,2026-06-29,L6,RANGE_NORMAL_60_120,CLOSE_POS_LOWER_THIRD,ROWS_STANDARD_9_10,4178.97,AUTO_JSON,ema_proxy_up,UP,4012.28125,4012.28125,ORIGINAL_ORACLE_PRESERVED,4003.325504,REGIME_LEVEL_RESIDUAL,original_base_regime_superset_mean,-8.955746,12.0,4005.44,2.114496,True,True,DYNAMIC_WITHIN_3,41.901568
2026-06-30,2026-06-29,L6,RANGE_NORMAL_60_120,CLOSE_POS_LOWER_THIRD,ROWS_STANDARD_9_10,4178.97,AUTO_JSON,ema_proxy_up,UP,4012.28125,4012.28125,ORIGINAL_ORACLE_PRESERVED,4010.698646,REGIME_LEVEL_RESIDUAL,superset_base_regime_superset_recent8_median,-1.582604,8.0,4005.44,5.258646,False,False,DYNAMIC_WITHIN_10,40.725594
2026-06-30,2026-06-29,L6,RANGE_NORMAL_60_120,CLOSE_POS_LOWER_THIRD,ROWS_STANDARD_9_10,4178.97,AUTO_JSON,ema_proxy_up,UP,4012.28125,4012.28125,ORIGINAL_ORACLE_PRESERVED,4010.698646,REGIME_LEVEL_RESIDUAL,original_base_regime_superset_recent8_median,-1.582604,8.0,4005.44,5.258646,False,False,DYNAMIC_WITHIN_10,40.725594
2026-06-30,2026-06-29,L6,RANGE_NORMAL_60_120,CLOSE_POS_LOWER_THIRD,ROWS_STANDARD_9_10,4178.97,AUTO_JSON,ema_proxy_up,UP,4012.28125,4012.28125,ORIGINAL_ORACLE_PRESERVED,4010.98125,REGIME_LEVEL_RESIDUAL,superset_base_regime_original_median,-1.3,12.0,4005.44,5.54125,False,False,DYNAMIC_WITHIN_10,42.207797
2026-06-30,2026-06-29,L6,RANGE_NORMAL_60_120,CLOSE_POS_LOWER_THIRD,ROWS_STANDARD_9_10,4178.97,AUTO_JSON,ema_proxy_up,UP,4012.28125,4012.28125,ORIGINAL_ORACLE_PRESERVED,4010.98125,REGIME_LEVEL_RESIDUAL,original_base_regime_original_median,-1.3,12.0,4005.44,5.54125,False,False,DYNAMIC_WITHIN_10,42.207797
2026-06-30,2026-06-29,L6,RANGE_NORMAL_60_120,CLOSE_POS_LOWER_THIRD,ROWS_STANDARD_9_10,4178.97,AUTO_JSON,ema_proxy_up,UP,4012.28125,4012.28125,ORIGINAL_ORACLE_PRESERVED,3994.171875,REGIME_LEVEL_RESIDUAL,superset_base_regime_original_q25,-18.109375,12.0,4005.44,11.268125,False,False,DYNAMIC_GT10,41.535422
2026-06-30,2026-06-29,L6,RANGE_NORMAL_60_120,CLOSE_POS_LOWER_THIRD,ROWS_STANDARD_9_10,4178.97,AUTO_JSON,ema_proxy_up,UP,4012.28125,4012.28125,ORIGINAL_ORACLE_PRESERVED,3994.171875,REGIME_LEVEL_RESIDUAL,original_base_regime_original_q25,-18.109375,12.0,4005.44,11.268125,False,False,DYNAMIC_GT10,41.535422
2026-06-30,2026-06-29,L6,RANGE_NORMAL_60_120,CLOSE_POS_LOWER_THIRD,ROWS_STANDARD_9_10,4178.97,AUTO_JSON,ema_proxy_up,UP,4012.28125,4012.28125,ORIGINAL_ORACLE_PRESERVED,4015.943125,REGIME_LEVEL_RESIDUAL,superset_base_regime_original_q75,3.661875,12.0,4005.44,10.503125,False,False,DYNAMIC_GT10,42.113322
2026-06-30,2026-06-29,L6,RANGE_NORMAL_60_120,CLOSE_POS_LOWER_THIRD,ROWS_STANDARD_9_10,4178.97,AUTO_JSON,ema_proxy_up,UP,4012.28125,4012.28125,ORIGINAL_ORACLE_PRESERVED,4015.943125,REGIME_LEVEL_RESIDUAL,original_base_regime_original_q75,3.661875,12.0,4005.44,10.503125,False,False,DYNAMIC_GT10,42.113322
2026-06-30,2026-06-29,L6,RANGE_NORMAL_60_120,CLOSE_POS_LOWER_THIRD,ROWS_STANDARD_9_10,4178.97,AUTO_JSON,ema_proxy_up,UP,4012.28125,4012.28125,ORIGINAL_ORACLE_PRESERVED,4003.612813,REGIME_LEVEL_RESIDUAL,superset_base_regime_original_mean,-8.668437,12.0,4005.44,1.827188,True,True,DYNAMIC_WITHIN_3,41.91306
2026-06-30,2026-06-29,L6,RANGE_NORMAL_60_120,CLOSE_POS_LOWER_THIRD,ROWS_STANDARD_9_10,4178.97,AUTO_JSON,ema_proxy_up,UP,4012.28125,4012.28125,ORIGINAL_ORACLE_PRESERVED,4003.612813,REGIME_LEVEL_RESIDUAL,original_base_regime_original_mean,-8.668437,12.0,4005.44,1.827188,True,True,DYNAMIC_WITHIN_3,41.91306
2026-06-30,2026-06-29,L6,RANGE_NORMAL_60_120,CLOSE_POS_LOWER_THIRD,ROWS_STANDARD_9_10,4178.97,AUTO_JSON,ema_proxy_up,UP,4012.28125,4012.28125,ORIGINAL_ORACLE_PRESERVED,4012.4225,REGIME_LEVEL_RESIDUAL,superset_base_regime_original_recent8_median,0.14125,8.0,4005.44,6.9825,False,False,DYNAMIC_WITHIN_10,40.783248
2026-06-30,2026-06-29,L6,RANGE_NORMAL_60_120,CLOSE_POS_LOWER_THIRD,ROWS_STANDARD_9_10,4178.97,AUTO_JSON,ema_proxy_up,UP,4012.28125,4012.28125,ORIGINAL_ORACLE_PRESERVED,4012.4225,REGIME_LEVEL_RESIDUAL,original_base_regime_original_recent8_median,0.14125,8.0,4005.44,6.9825,False,False,DYNAMIC_WITHIN_10,40.783248
2026-06-30,2026-06-29,L6,RANGE_NORMAL_60_120,CLOSE_POS_LOWER_THIRD,ROWS_STANDARD_9_10,4178.97,AUTO_JSON,ema_proxy_up,UP,4012.28125,4012.28125,ORIGINAL_ORACLE_PRESERVED,4010.698646,RANGE_CLOSE_LEVEL_RESIDUAL,superset_base_range_close_superset_median,-1.582604,20.0,4005.44,5.258646,False,False,DYNAMIC_WITHIN_10,17.114786
2026-06-30,2026-06-29,L6,RANGE_NORMAL_60_120,CLOSE_POS_LOWER_THIRD,ROWS_STANDARD_9_10,4178.97,AUTO_JSON,ema_proxy_up,UP,4012.28125,4012.28125,ORIGINAL_ORACLE_PRESERVED,4010.698646,RANGE_CLOSE_LEVEL_RESIDUAL,original_base_range_close_superset_median,-1.582604,20.0,4005.44,5.258646,False,False,DYNAMIC_WITHIN_10,17.114786
2026-06-30,2026-06-29,L6,RANGE_NORMAL_60_120,CLOSE_POS_LOWER_THIRD,ROWS_STANDARD_9_10,4178.97,AUTO_JSON,ema_proxy_up,UP,4012.28125,4012.28125,ORIGINAL_ORACLE_PRESERVED,3994.171875,RANGE_CLOSE_LEVEL_RESIDUAL,superset_base_range_close_superset_q25,-18.109375,20.0,4005.44,11.268125,False,False,DYNAMIC_GT10,16.453715
2026-06-30,2026-06-29,L6,RANGE_NORMAL_60_120,CLOSE_POS_LOWER_THIRD,ROWS_STANDARD_9_10,4178.97,AUTO_JSON,ema_proxy_up,UP,4012.28125,4012.28125,ORIGINAL_ORACLE_PRESERVED,3994.171875,RANGE_CLOSE_LEVEL_RESIDUAL,original_base_range_close_superset_q25,-18.109375,20.0,4005.44,11.268125,False,False,DYNAMIC_GT10,16.453715
2026-06-30,2026-06-29,L6,RANGE_NORMAL_60_120,CLOSE_POS_LOWER_THIRD,ROWS_STANDARD_9_10,4178.97,AUTO_JSON,ema_proxy_up,UP,4012.28125,4012.28125,ORIGINAL_ORACLE_PRESERVED,4015.65625,RANGE_CLOSE_LEVEL_RESIDUAL,superset_base_range_close_superset_q75,3.375,20.0,4005.44,10.21625,False,False,DYNAMIC_GT10,17.04309
2026-06-30,2026-06-29,L6,RANGE_NORMAL_60_120,CLOSE_POS_LOWER_THIRD,ROWS_STANDARD_9_10,4178.97,AUTO_JSON,ema_proxy_up,UP,4012.28125,4012.28125,ORIGINAL_ORACLE_PRESERVED,4015.65625,RANGE_CLOSE_LEVEL_RESIDUAL,original_base_range_close_superset_q75,3.375,20.0,4005.44,10.21625,False,False,DYNAMIC_GT10,17.04309
2026-06-30,2026-06-29,L6,RANGE_NORMAL_60_120,CLOSE_POS_LOWER_THIRD,ROWS_STANDARD_9_10,4178.97,AUTO_JSON,ema_proxy_up,UP,4012.28125,4012.28125,ORIGINAL_ORACLE_PRESERVED,4008.623677,RANGE_CLOSE_LEVEL_RESIDUAL,superset_base_range_close_superset_mean,-3.657573,20.0,4005.44,3.183677,False,True,DYNAMIC_WITHIN_5,17.031787
2026-06-30,2026-06-29,L6,RANGE_NORMAL_60_120,CLOSE_POS_LOWER_THIRD,ROWS_STANDARD_9_10,4178.97,AUTO_JSON,ema_proxy_up,UP,4012.28125,4012.28125,ORIGINAL_ORACLE_PRESERVED,4008.623677,RANGE_CLOSE_LEVEL_RESIDUAL,original_base_range_close_superset_mean,-3.657573,20.0,4005.44,3.183677,False,True,DYNAMIC_WITHIN_5,17.031787
2026-06-30,2026-06-29,L6,RANGE_NORMAL_60_120,CLOSE_POS_LOWER_THIRD,ROWS_STANDARD_9_10,4178.97,AUTO_JSON,ema_proxy_up,UP,4012.28125,4012.28125,ORIGINAL_ORACLE_PRESERVED,4013.388646,RANGE_CLOSE_LEVEL_RESIDUAL,superset_base_range_close_superset_recent8_median,1.107396,8.0,4005.44,7.948646,False,False,DYNAMIC_WITHIN_10,13.744602
2026-06-30,2026-06-29,L6,RANGE_NORMAL_60_120,CLOSE_POS_LOWER_THIRD,ROWS_STANDARD_9_10,4178.97,AUTO_JSON,ema_proxy_up,UP,4012.28125,4012.28125,ORIGINAL_ORACLE_PRESERVED,4013.388646,RANGE_CLOSE_LEVEL_RESIDUAL,original_base_range_close_superset_recent8_median,1.107396,8.0,4005.44,7.948646,False,False,DYNAMIC_WITHIN_10,13.744602
2026-06-30,2026-06-29,L6,RANGE_NORMAL_60_120,CLOSE_POS_LOWER_THIRD,ROWS_STANDARD_9_10,4178.97,AUTO_JSON,ema_proxy_up,UP,4012.28125,4012.28125,ORIGINAL_ORACLE_PRESERVED,4010.98125,RANGE_CLOSE_LEVEL_RESIDUAL,superset_base_range_close_original_median,-1.3,20.0,4005.44,5.54125,False,False,DYNAMIC_WITHIN_10,17.12609
2026-06-30,2026-06-29,L6,RANGE_NORMAL_60_120,CLOSE_POS_LOWER_THIRD,ROWS_STANDARD_9_10,4178.97,AUTO_JSON,ema_proxy_up,UP,4012.28125,4012.28125,ORIGINAL_ORACLE_PRESERVED,4010.98125,RANGE_CLOSE_LEVEL_RESIDUAL,original_base_range_close_original_median,-1.3,20.0,4005.44,5.54125,False,False,DYNAMIC_WITHIN_10,17.12609
2026-06-30,2026-06-29,L6,RANGE_NORMAL_60_120,CLOSE_POS_LOWER_THIRD,ROWS_STANDARD_9_10,4178.97,AUTO_JSON,ema_proxy_up,UP,4012.28125,4012.28125,ORIGINAL_ORACLE_PRESERVED,3994.171875,RANGE_CLOSE_LEVEL_RESIDUAL,superset_base_range_close_original_q25,-18.109375,20.0,4005.44,11.268125,False,False,DYNAMIC_GT10,16.453715
2026-06-30,2026-06-29,L6,RANGE_NORMAL_60_120,CLOSE_POS_LOWER_THIRD,ROWS_STANDARD_9_10,4178.97,AUTO_JSON,ema_proxy_up,UP,4012.28125,4012.28125,ORIGINAL_ORACLE_PRESERVED,3994.171875,RANGE_CLOSE_LEVEL_RESIDUAL,original_base_range_close_original_q25,-18.109375,20.0,4005.44,11.268125,False,False,DYNAMIC_GT10,16.453715
2026-06-30,2026-06-29,L6,RANGE_NORMAL_60_120,CLOSE_POS_LOWER_THIRD,ROWS_STANDARD_9_10,4178.97,AUTO_JSON,ema_proxy_up,UP,4012.28125,4012.28125,ORIGINAL_ORACLE_PRESERVED,4015.943125,RANGE_CLOSE_LEVEL_RESIDUAL,superset_base_range_close_original_q75,3.661875,20.0,4005.44,10.503125,False,False,DYNAMIC_GT10,17.031615
2026-06-30,2026-06-29,L6,RANGE_NORMAL_60_120,CLOSE_POS_LOWER_THIRD,ROWS_STANDARD_9_10,4178.97,AUTO_JSON,ema_proxy_up,UP,4012.28125,4012.28125,ORIGINAL_ORACLE_PRESERVED,4015.943125,RANGE_CLOSE_LEVEL_RESIDUAL,original_base_range_close_original_q75,3.661875,20.0,4005.44,10.503125,False,False,DYNAMIC_GT10,17.031615
2026-06-30,2026-06-29,L6,RANGE_NORMAL_60_120,CLOSE_POS_LOWER_THIRD,ROWS_STANDARD_9_10,4178.97,AUTO_JSON,ema_proxy_up,UP,4012.28125,4012.28125,ORIGINAL_ORACLE_PRESERVED,4008.796063,RANGE_CLOSE_LEVEL_RESIDUAL,superset_base_range_close_original_mean,-3.485187,20.0,4005.44,3.356063,False,True,DYNAMIC_WITHIN_5,17.038682
2026-06-30,2026-06-29,L6,RANGE_NORMAL_60_120,CLOSE_POS_LOWER_THIRD,ROWS_STANDARD_9_10,4178.97,AUTO_JSON,ema_proxy_up,UP,4012.28125,4012.28125,ORIGINAL_ORACLE_PRESERVED,4008.796063,RANGE_CLOSE_LEVEL_RESIDUAL,original_base_range_close_original_mean,-3.485187,20.0,4005.44,3.356063,False,True,DYNAMIC_WITHIN_5,17.038682
2026-06-30,2026-06-29,L6,RANGE_NORMAL_60_120,CLOSE_POS_LOWER_THIRD,ROWS_STANDARD_9_10,4178.97,AUTO_JSON,ema_proxy_up,UP,4012.28125,4012.28125,ORIGINAL_ORACLE_PRESERVED,4015.1125,RANGE_CLOSE_LEVEL_RESIDUAL,superset_base_range_close_original_recent8_median,2.83125,8.0,4005.44,9.6725,False,False,DYNAMIC_WITHIN_10,13.675648
2026-06-30,2026-06-29,L6,RANGE_NORMAL_60_120,CLOSE_POS_LOWER_THIRD,ROWS_STANDARD_9_10,4178.97,AUTO_JSON,ema_proxy_up,UP,4012.28125,4012.28125,ORIGINAL_ORACLE_PRESERVED,4015.1125,RANGE_CLOSE_LEVEL_RESIDUAL,original_base_range_close_original_recent8_median,2.83125,8.0,4005.44,9.6725,False,False,DYNAMIC_WITHIN_10,13.675648
2026-06-30,2026-06-29,L6,RANGE_NORMAL_60_120,CLOSE_POS_LOWER_THIRD,ROWS_STANDARD_9_10,4178.97,AUTO_JSON,ema_proxy_up,UP,4012.28125,4012.28125,ORIGINAL_ORACLE_PRESERVED,4012.21495,SOURCE_LEVEL_RESIDUAL,superset_base_source_superset_median,-0.0663,167.0,4005.44,6.77495,False,False,DYNAMIC_WITHIN_10,18.997348
2026-06-30,2026-06-29,L6,RANGE_NORMAL_60_120,CLOSE_POS_LOWER_THIRD,ROWS_STANDARD_9_10,4178.97,AUTO_JSON,ema_proxy_up,UP,4012.28125,4012.28125,ORIGINAL_ORACLE_PRESERVED,4012.21495,SOURCE_LEVEL_RESIDUAL,original_base_source_superset_median,-0.0663,167.0,4005.44,6.77495,False,False,DYNAMIC_WITHIN_10,18.997348
2026-06-30,2026-06-29,L6,RANGE_NORMAL_60_120,CLOSE_POS_LOWER_THIRD,ROWS_STANDARD_9_10,4178.97,AUTO_JSON,ema_proxy_up,UP,4012.28125,4012.28125,ORIGINAL_ORACLE_PRESERVED,3999.045245,SOURCE_LEVEL_RESIDUAL,superset_base_source_superset_q25,-13.236005,167.0,4005.44,6.394755,False,False,DYNAMIC_WITHIN_10,18.47056
2026-06-30,2026-06-29,L6,RANGE_NORMAL_60_120,CLOSE_POS_LOWER_THIRD,ROWS_STANDARD_9_10,4178.97,AUTO_JSON,ema_proxy_up,UP,4012.28125,4012.28125,ORIGINAL_ORACLE_PRESERVED,3999.045245,SOURCE_LEVEL_RESIDUAL,original_base_source_superset_q25,-13.236005,167.0,4005.44,6.394755,False,False,DYNAMIC_WITHIN_10,18.47056
2026-06-30,2026-06-29,L6,RANGE_NORMAL_60_120,CLOSE_POS_LOWER_THIRD,ROWS_STANDARD_9_10,4178.97,AUTO_JSON,ema_proxy_up,UP,4012.28125,4012.28125,ORIGINAL_ORACLE_PRESERVED,4020.906241,SOURCE_LEVEL_RESIDUAL,superset_base_source_superset_q75,8.624991,167.0,4005.44,15.466241,False,False,DYNAMIC_GT10,18.655
2026-06-30,2026-06-29,L6,RANGE_NORMAL_60_120,CLOSE_POS_LOWER_THIRD,ROWS_STANDARD_9_10,4178.97,AUTO_JSON,ema_proxy_up,UP,4012.28125,4012.28125,ORIGINAL_ORACLE_PRESERVED,4020.906241,SOURCE_LEVEL_RESIDUAL,original_base_source_superset_q75,8.624991,167.0,4005.44,15.466241,False,False,DYNAMIC_GT10,18.655
2026-06-30,2026-06-29,L6,RANGE_NORMAL_60_120,CLOSE_POS_LOWER_THIRD,ROWS_STANDARD_9_10,4178.97,AUTO_JSON,ema_proxy_up,UP,4012.28125,4012.28125,ORIGINAL_ORACLE_PRESERVED,4010.2173,SOURCE_LEVEL_RESIDUAL,superset_base_source_superset_mean,-2.06395,167.0,4005.44,4.7773,False,True,DYNAMIC_WITHIN_5,18.917442
2026-06-30,2026-06-29,L6,RANGE_NORMAL_60_120,CLOSE_POS_LOWER_THIRD,ROWS_STANDARD_9_10,4178.97,AUTO_JSON,ema_proxy_up,UP,4012.28125,4012.28125,ORIGINAL_ORACLE_PRESERVED,4010.2173,SOURCE_LEVEL_RESIDUAL,original_base_source_superset_mean,-2.06395,167.0,4005.44,4.7773,False,True,DYNAMIC_WITHIN_5,18.917442
2026-06-30,2026-06-29,L6,RANGE_NORMAL_60_120,CLOSE_POS_LOWER_THIRD,ROWS_STANDARD_9_10,4178.97,AUTO_JSON,ema_proxy_up,UP,4012.28125,4012.28125,ORIGINAL_ORACLE_PRESERVED,4007.547188,SOURCE_LEVEL_RESIDUAL,superset_base_source_superset_recent8_median,-4.734062,8.0,4005.44,2.107188,True,True,DYNAMIC_WITHIN_3,13.599536
2026-06-30,2026-06-29,L6,RANGE_NORMAL_60_120,CLOSE_POS_LOWER_THIRD,ROWS_STANDARD_9_10,4178.97,AUTO_JSON,ema_proxy_up,UP,4012.28125,4012.28125,ORIGINAL_ORACLE_PRESERVED,4007.547188,SOURCE_LEVEL_RESIDUAL,original_base_source_superset_recent8_median,-4.734062,8.0,4005.44,2.107188,True,True,DYNAMIC_WITHIN_3,13.599536
2026-06-30,2026-06-29,L6,RANGE_NORMAL_60_120,CLOSE_POS_LOWER_THIRD,ROWS_STANDARD_9_10,4178.97,AUTO_JSON,ema_proxy_up,UP,4012.28125,4012.28125,ORIGINAL_ORACLE_PRESERVED,4012.21495,SOURCE_LEVEL_RESIDUAL,superset_base_source_original_median,-0.0663,167.0,4005.44,6.77495,False,False,DYNAMIC_WITHIN_10,18.997348
2026-06-30,2026-06-29,L6,RANGE_NORMAL_60_120,CLOSE_POS_LOWER_THIRD,ROWS_STANDARD_9_10,4178.97,AUTO_JSON,ema_proxy_up,UP,4012.28125,4012.28125,ORIGINAL_ORACLE_PRESERVED,4012.21495,SOURCE_LEVEL_RESIDUAL,original_base_source_original_median,-0.0663,167.0,4005.44,6.77495,False,False,DYNAMIC_WITHIN_10,18.997348
2026-06-30,2026-06-29,L6,RANGE_NORMAL_60_120,CLOSE_POS_LOWER_THIRD,ROWS_STANDARD_9_10,4178.97,AUTO_JSON,ema_proxy_up,UP,4012.28125,4012.28125,ORIGINAL_ORACLE_PRESERVED,3999.045245,SOURCE_LEVEL_RESIDUAL,superset_base_source_original_q25,-13.236005,167.0,4005.44,6.394755,False,False,DYNAMIC_WITHIN_10,18.47056
2026-06-30,2026-06-29,L6,RANGE_NORMAL_60_120,CLOSE_POS_LOWER_THIRD,ROWS_STANDARD_9_10,4178.97,AUTO_JSON,ema_proxy_up,UP,4012.28125,4012.28125,ORIGINAL_ORACLE_PRESERVED,3999.045245,SOURCE_LEVEL_RESIDUAL,original_base_source_original_q25,-13.236005,167.0,4005.44,6.394755,False,False,DYNAMIC_WITHIN_10,18.47056
2026-06-30,2026-06-29,L6,RANGE_NORMAL_60_120,CLOSE_POS_LOWER_THIRD,ROWS_STANDARD_9_10,4178.97,AUTO_JSON,ema_proxy_up,UP,4012.28125,4012.28125,ORIGINAL_ORACLE_PRESERVED,4020.906241,SOURCE_LEVEL_RESIDUAL,superset_base_source_original_q75,8.624991,167.0,4005.44,15.466241,False,False,DYNAMIC_GT10,18.655
2026-06-30,2026-06-29,L6,RANGE_NORMAL_60_120,CLOSE_POS_LOWER_THIRD,ROWS_STANDARD_9_10,4178.97,AUTO_JSON,ema_proxy_up,UP,4012.28125,4012.28125,ORIGINAL_ORACLE_PRESERVED,4020.906241,SOURCE_LEVEL_RESIDUAL,original_base_source_original_q75,8.624991,167.0,4005.44,15.466241,False,False,DYNAMIC_GT10,18.655
2026-06-30,2026-06-29,L6,RANGE_NORMAL_60_120,CLOSE_POS_LOWER_THIRD,ROWS_STANDARD_9_10,4178.97,AUTO_JSON,ema_proxy_up,UP,4012.28125,4012.28125,ORIGINAL_ORACLE_PRESERVED,4010.2173,SOURCE_LEVEL_RESIDUAL,superset_base_source_original_mean,-2.06395,167.0,4005.44,4.7773,False,True,DYNAMIC_WITHIN_5,18.917442
2026-06-30,2026-06-29,L6,RANGE_NORMAL_60_120,CLOSE_POS_LOWER_THIRD,ROWS_STANDARD_9_10,4178.97,AUTO_JSON,ema_proxy_up,UP,4012.28125,4012.28125,ORIGINAL_ORACLE_PRESERVED,4010.2173,SOURCE_LEVEL_RESIDUAL,original_base_source_original_mean,-2.06395,167.0,4005.44,4.7773,False,True,DYNAMIC_WITHIN_5,18.917442
2026-06-30,2026-06-29,L6,RANGE_NORMAL_60_120,CLOSE_POS_LOWER_THIRD,ROWS_STANDARD_9_10,4178.97,AUTO_JSON,ema_proxy_up,UP,4012.28125,4012.28125,ORIGINAL_ORACLE_PRESERVED,4007.547188,SOURCE_LEVEL_RESIDUAL,superset_base_source_original_recent8_median,-4.734062,8.0,4005.44,2.107188,True,True,DYNAMIC_WITHIN_3,13.599536
2026-06-30,2026-06-29,L6,RANGE_NORMAL_60_120,CLOSE_POS_LOWER_THIRD,ROWS_STANDARD_9_10,4178.97,AUTO_JSON,ema_proxy_up,UP,4012.28125,4012.28125,ORIGINAL_ORACLE_PRESERVED,4007.547188,SOURCE_LEVEL_RESIDUAL,original_base_source_original_recent8_median,-4.734062,8.0,4005.44,2.107188,True,True,DYNAMIC_WITHIN_3,13.599536
2026-06-30,2026-06-29,L7,RANGE_NORMAL_60_120,CLOSE_POS_LOWER_THIRD,ROWS_STANDARD_9_10,4178.97,AUTO_JSON,ema_proxy_up,UP,3954.90375,3954.90375,ORIGINAL_ORACLE_PRESERVED,3954.90375,SUPERSET_AUDITED_BASE,ORIGINAL_ORACLE_PRESERVED,0.0,,3967.25,12.34625,False,False,DYNAMIC_GT10,40.0
2026-06-30,2026-06-29,L7,RANGE_NORMAL_60_120,CLOSE_POS_LOWER_THIRD,ROWS_STANDARD_9_10,4178.97,AUTO_JSON,ema_proxy_up,UP,3954.90375,3954.90375,ORIGINAL_ORACLE_PRESERVED,3954.02375,LEVEL_RESIDUAL,superset_base_level_superset_median,-0.88,181.0,3967.25,13.22625,False,False,DYNAMIC_GT10,34.9648
2026-06-30,2026-06-29,L7,RANGE_NORMAL_60_120,CLOSE_POS_LOWER_THIRD,ROWS_STANDARD_9_10,4178.97,AUTO_JSON,ema_proxy_up,UP,3954.90375,3954.90375,ORIGINAL_ORACLE_PRESERVED,3954.02375,LEVEL_RESIDUAL,original_base_level_superset_median,-0.88,181.0,3967.25,13.22625,False,False,DYNAMIC_GT10,34.9648
2026-06-30,2026-06-29,L7,RANGE_NORMAL_60_120,CLOSE_POS_LOWER_THIRD,ROWS_STANDARD_9_10,4178.97,AUTO_JSON,ema_proxy_up,UP,3954.90375,3954.90375,ORIGINAL_ORACLE_PRESERVED,3940.02875,LEVEL_RESIDUAL,superset_base_level_superset_q25,-14.875,181.0,3967.25,27.22125,False,False,DYNAMIC_GT10,34.405
2026-06-30,2026-06-29,L7,RANGE_NORMAL_60_120,CLOSE_POS_LOWER_THIRD,ROWS_STANDARD_9_10,4178.97,AUTO_JSON,ema_proxy_up,UP,3954.90375,3954.90375,ORIGINAL_ORACLE_PRESERVED,3940.02875,LEVEL_RESIDUAL,original_base_level_superset_q25,-14.875,181.0,3967.25,27.22125,False,False,DYNAMIC_GT10,34.405
2026-06-30,2026-06-29,L7,RANGE_NORMAL_60_120,CLOSE_POS_LOWER_THIRD,ROWS_STANDARD_9_10,4178.97,AUTO_JSON,ema_proxy_up,UP,3954.90375,3954.90375,ORIGINAL_ORACLE_PRESERVED,3965.75125,LEVEL_RESIDUAL,superset_base_level_superset_q75,10.8475,181.0,3967.25,1.49875,True,True,DYNAMIC_WITHIN_3,34.5661
2026-06-30,2026-06-29,L7,RANGE_NORMAL_60_120,CLOSE_POS_LOWER_THIRD,ROWS_STANDARD_9_10,4178.97,AUTO_JSON,ema_proxy_up,UP,3954.90375,3954.90375,ORIGINAL_ORACLE_PRESERVED,3965.75125,LEVEL_RESIDUAL,original_base_level_superset_q75,10.8475,181.0,3967.25,1.49875,True,True,DYNAMIC_WITHIN_3,34.5661
2026-06-30,2026-06-29,L7,RANGE_NORMAL_60_120,CLOSE_POS_LOWER_THIRD,ROWS_STANDARD_9_10,4178.97,AUTO_JSON,ema_proxy_up,UP,3954.90375,3954.90375,ORIGINAL_ORACLE_PRESERVED,3950.637991,LEVEL_RESIDUAL,superset_base_level_superset_mean,-4.265759,181.0,3967.25,16.612009,False,False,DYNAMIC_GT10,34.82937
2026-06-30,2026-06-29,L7,RANGE_NORMAL_60_120,CLOSE_POS_LOWER_THIRD,ROWS_STANDARD_9_10,4178.97,AUTO_JSON,ema_proxy_up,UP,3954.90375,3954.90375,ORIGINAL_ORACLE_PRESERVED,3950.637991,LEVEL_RESIDUAL,original_base_level_superset_mean,-4.265759,181.0,3967.25,16.612009,False,False,DYNAMIC_GT10,34.82937
2026-06-30,2026-06-29,L7,RANGE_NORMAL_60_120,CLOSE_POS_LOWER_THIRD,ROWS_STANDARD_9_10,4178.97,AUTO_JSON,ema_proxy_up,UP,3954.90375,3954.90375,ORIGINAL_ORACLE_PRESERVED,3953.316875,LEVEL_RESIDUAL,superset_base_level_superset_recent8_median,-1.586875,8.0,3967.25,13.933125,False,False,DYNAMIC_GT10,29.725423
2026-06-30,2026-06-29,L7,RANGE_NORMAL_60_120,CLOSE_POS_LOWER_THIRD,ROWS_STANDARD_9_10,4178.97,AUTO_JSON,ema_proxy_up,UP,3954.90375,3954.90375,ORIGINAL_ORACLE_PRESERVED,3953.316875,LEVEL_RESIDUAL,original_base_level_superset_recent8_median,-1.586875,8.0,3967.25,13.933125,False,False,DYNAMIC_GT10,29.725423
2026-06-30,2026-06-29,L7,RANGE_NORMAL_60_120,CLOSE_POS_LOWER_THIRD,ROWS_STANDARD_9_10,4178.97,AUTO_JSON,ema_proxy_up,UP,3954.90375,3954.90375,ORIGINAL_ORACLE_PRESERVED,3954.18375,LEVEL_RESIDUAL,superset_base_level_original_median,-0.72,181.0,3967.25,13.06625,False,False,DYNAMIC_GT10,34.9712
2026-06-30,2026-06-29,L7,RANGE_NORMAL_60_120,CLOSE_POS_LOWER_THIRD,ROWS_STANDARD_9_10,4178.97,AUTO_JSON,ema_proxy_up,UP,3954.90375,3954.90375,ORIGINAL_ORACLE_PRESERVED,3954.18375,LEVEL_RESIDUAL,original_base_level_original_median,-0.72,181.0,3967.25,13.06625,False,False,DYNAMIC_GT10,34.9712
2026-06-30,2026-06-29,L7,RANGE_NORMAL_60_120,CLOSE_POS_LOWER_THIRD,ROWS_STANDARD_9_10,4178.97,AUTO_JSON,ema_proxy_up,UP,3954.90375,3954.90375,ORIGINAL_ORACLE_PRESERVED,3940.02875,LEVEL_RESIDUAL,superset_base_level_original_q25,-14.875,181.0,3967.25,27.22125,False,False,DYNAMIC_GT10,34.405
2026-06-30,2026-06-29,L7,RANGE_NORMAL_60_120,CLOSE_POS_LOWER_THIRD,ROWS_STANDARD_9_10,4178.97,AUTO_JSON,ema_proxy_up,UP,3954.90375,3954.90375,ORIGINAL_ORACLE_PRESERVED,3940.02875,LEVEL_RESIDUAL,original_base_level_original_q25,-14.875,181.0,3967.25,27.22125,False,False,DYNAMIC_GT10,34.405
2026-06-30,2026-06-29,L7,RANGE_NORMAL_60_120,CLOSE_POS_LOWER_THIRD,ROWS_STANDARD_9_10,4178.97,AUTO_JSON,ema_proxy_up,UP,3954.90375,3954.90375,ORIGINAL_ORACLE_PRESERVED,3965.86375,LEVEL_RESIDUAL,superset_base_level_original_q75,10.96,181.0,3967.25,1.38625,True,True,DYNAMIC_WITHIN_3,34.5616
2026-06-30,2026-06-29,L7,RANGE_NORMAL_60_120,CLOSE_POS_LOWER_THIRD,ROWS_STANDARD_9_10,4178.97,AUTO_JSON,ema_proxy_up,UP,3954.90375,3954.90375,ORIGINAL_ORACLE_PRESERVED,3965.86375,LEVEL_RESIDUAL,original_base_level_original_q75,10.96,181.0,3967.25,1.38625,True,True,DYNAMIC_WITHIN_3,34.5616
2026-06-30,2026-06-29,L7,RANGE_NORMAL_60_120,CLOSE_POS_LOWER_THIRD,ROWS_STANDARD_9_10,4178.97,AUTO_JSON,ema_proxy_up,UP,3954.90375,3954.90375,ORIGINAL_ORACLE_PRESERVED,3950.66403,LEVEL_RESIDUAL,superset_base_level_original_mean,-4.23972,181.0,3967.25,16.58597,False,False,DYNAMIC_GT10,34.830411
2026-06-30,2026-06-29,L7,RANGE_NORMAL_60_120,CLOSE_POS_LOWER_THIRD,ROWS_STANDARD_9_10,4178.97,AUTO_JSON,ema_proxy_up,UP,3954.90375,3954.90375,ORIGINAL_ORACLE_PRESERVED,3950.66403,LEVEL_RESIDUAL,original_base_level_original_mean,-4.23972,181.0,3967.25,16.58597,False,False,DYNAMIC_GT10,34.830411
2026-06-30,2026-06-29,L7,RANGE_NORMAL_60_120,CLOSE_POS_LOWER_THIRD,ROWS_STANDARD_9_10,4178.97,AUTO_JSON,ema_proxy_up,UP,3954.90375,3954.90375,ORIGINAL_ORACLE_PRESERVED,3953.316875,LEVEL_RESIDUAL,superset_base_level_original_recent8_median,-1.586875,8.0,3967.25,13.933125,False,False,DYNAMIC_GT10,29.725423
2026-06-30,2026-06-29,L7,RANGE_NORMAL_60_120,CLOSE_POS_LOWER_THIRD,ROWS_STANDARD_9_10,4178.97,AUTO_JSON,ema_proxy_up,UP,3954.90375,3954.90375,ORIGINAL_ORACLE_PRESERVED,3953.316875,LEVEL_RESIDUAL,original_base_level_original_recent8_median,-1.586875,8.0,3967.25,13.933125,False,False,DYNAMIC_GT10,29.725423
2026-06-30,2026-06-29,L7,RANGE_NORMAL_60_120,CLOSE_POS_LOWER_THIRD,ROWS_STANDARD_9_10,4178.97,AUTO_JSON,ema_proxy_up,UP,3954.90375,3954.90375,ORIGINAL_ORACLE_PRESERVED,3948.449375,REGIME_LEVEL_RESIDUAL,superset_base_regime_superset_median,-6.454375,12.0,3967.25,18.800625,False,False,DYNAMIC_GT10,42.001622
2026-06-30,2026-06-29,L7,RANGE_NORMAL_60_120,CLOSE_POS_LOWER_THIRD,ROWS_STANDARD_9_10,4178.97,AUTO_JSON,ema_proxy_up,UP,3954.90375,3954.90375,ORIGINAL_ORACLE_PRESERVED,3948.449375,REGIME_LEVEL_RESIDUAL,original_base_regime_superset_median,-6.454375,12.0,3967.25,18.800625,False,False,DYNAMIC_GT10,42.001622
2026-06-30,2026-06-29,L7,RANGE_NORMAL_60_120,CLOSE_POS_LOWER_THIRD,ROWS_STANDARD_9_10,4178.97,AUTO_JSON,ema_proxy_up,UP,3954.90375,3954.90375,ORIGINAL_ORACLE_PRESERVED,3946.94875,REGIME_LEVEL_RESIDUAL,superset_base_regime_superset_q25,-7.955,12.0,3967.25,20.30125,False,False,DYNAMIC_GT10,41.941597
2026-06-30,2026-06-29,L7,RANGE_NORMAL_60_120,CLOSE_POS_LOWER_THIRD,ROWS_STANDARD_9_10,4178.97,AUTO_JSON,ema_proxy_up,UP,3954.90375,3954.90375,ORIGINAL_ORACLE_PRESERVED,3946.94875,REGIME_LEVEL_RESIDUAL,original_base_regime_superset_q25,-7.955,12.0,3967.25,20.30125,False,False,DYNAMIC_GT10,41.941597
2026-06-30,2026-06-29,L7,RANGE_NORMAL_60_120,CLOSE_POS_LOWER_THIRD,ROWS_STANDARD_9_10,4178.97,AUTO_JSON,ema_proxy_up,UP,3954.90375,3954.90375,ORIGINAL_ORACLE_PRESERVED,3952.072344,REGIME_LEVEL_RESIDUAL,superset_base_regime_superset_q75,-2.831406,12.0,3967.25,15.177656,False,False,DYNAMIC_GT10,42.146541
2026-06-30,2026-06-29,L7,RANGE_NORMAL_60_120,CLOSE_POS_LOWER_THIRD,ROWS_STANDARD_9_10,4178.97,AUTO_JSON,ema_proxy_up,UP,3954.90375,3954.90375,ORIGINAL_ORACLE_PRESERVED,3952.072344,REGIME_LEVEL_RESIDUAL,original_base_regime_superset_q75,-2.831406,12.0,3967.25,15.177656,False,False,DYNAMIC_GT10,42.146541
2026-06-30,2026-06-29,L7,RANGE_NORMAL_60_120,CLOSE_POS_LOWER_THIRD,ROWS_STANDARD_9_10,4178.97,AUTO_JSON,ema_proxy_up,UP,3954.90375,3954.90375,ORIGINAL_ORACLE_PRESERVED,3946.917969,REGIME_LEVEL_RESIDUAL,superset_base_regime_superset_mean,-7.985781,12.0,3967.25,20.332031,False,False,DYNAMIC_GT10,41.940366
2026-06-30,2026-06-29,L7,RANGE_NORMAL_60_120,CLOSE_POS_LOWER_THIRD,ROWS_STANDARD_9_10,4178.97,AUTO_JSON,ema_proxy_up,UP,3954.90375,3954.90375,ORIGINAL_ORACLE_PRESERVED,3946.917969,REGIME_LEVEL_RESIDUAL,original_base_regime_superset_mean,-7.985781,12.0,3967.25,20.332031,False,False,DYNAMIC_GT10,41.940366
2026-06-30,2026-06-29,L7,RANGE_NORMAL_60_120,CLOSE_POS_LOWER_THIRD,ROWS_STANDARD_9_10,4178.97,AUTO_JSON,ema_proxy_up,UP,3954.90375,3954.90375,ORIGINAL_ORACLE_PRESERVED,3949.274375,REGIME_LEVEL_RESIDUAL,superset_base_regime_superset_recent8_median,-5.629375,8.0,3967.25,17.975625,False,False,DYNAMIC_GT10,40.563723
2026-06-30,2026-06-29,L7,RANGE_NORMAL_60_120,CLOSE_POS_LOWER_THIRD,ROWS_STANDARD_9_10,4178.97,AUTO_JSON,ema_proxy_up,UP,3954.90375,3954.90375,ORIGINAL_ORACLE_PRESERVED,3949.274375,REGIME_LEVEL_RESIDUAL,original_base_regime_superset_recent8_median,-5.629375,8.0,3967.25,17.975625,False,False,DYNAMIC_GT10,40.563723
2026-06-30,2026-06-29,L7,RANGE_NORMAL_60_120,CLOSE_POS_LOWER_THIRD,ROWS_STANDARD_9_10,4178.97,AUTO_JSON,ema_proxy_up,UP,3954.90375,3954.90375,ORIGINAL_ORACLE_PRESERVED,3948.449375,REGIME_LEVEL_RESIDUAL,superset_base_regime_original_median,-6.454375,12.0,3967.25,18.800625,False,False,DYNAMIC_GT10,42.001622
2026-06-30,2026-06-29,L7,RANGE_NORMAL_60_120,CLOSE_POS_LOWER_THIRD,ROWS_STANDARD_9_10,4178.97,AUTO_JSON,ema_proxy_up,UP,3954.90375,3954.90375,ORIGINAL_ORACLE_PRESERVED,3948.449375,REGIME_LEVEL_RESIDUAL,original_base_regime_original_median,-6.454375,12.0,3967.25,18.800625,False,False,DYNAMIC_GT10,42.001622
2026-06-30,2026-06-29,L7,RANGE_NORMAL_60_120,CLOSE_POS_LOWER_THIRD,ROWS_STANDARD_9_10,4178.97,AUTO_JSON,ema_proxy_up,UP,3954.90375,3954.90375,ORIGINAL_ORACLE_PRESERVED,3946.94875,REGIME_LEVEL_RESIDUAL,superset_base_regime_original_q25,-7.955,12.0,3967.25,20.30125,False,False,DYNAMIC_GT10,41.941597
2026-06-30,2026-06-29,L7,RANGE_NORMAL_60_120,CLOSE_POS_LOWER_THIRD,ROWS_STANDARD_9_10,4178.97,AUTO_JSON,ema_proxy_up,UP,3954.90375,3954.90375,ORIGINAL_ORACLE_PRESERVED,3946.94875,REGIME_LEVEL_RESIDUAL,original_base_regime_original_q25,-7.955,12.0,3967.25,20.30125,False,False,DYNAMIC_GT10,41.941597
2026-06-30,2026-06-29,L7,RANGE_NORMAL_60_120,CLOSE_POS_LOWER_THIRD,ROWS_STANDARD_9_10,4178.97,AUTO_JSON,ema_proxy_up,UP,3954.90375,3954.90375,ORIGINAL_ORACLE_PRESERVED,3951.2825,REGIME_LEVEL_RESIDUAL,superset_base_regime_original_q75,-3.62125,12.0,3967.25,15.9675,False,False,DYNAMIC_GT10,42.114947
2026-06-30,2026-06-29,L7,RANGE_NORMAL_60_120,CLOSE_POS_LOWER_THIRD,ROWS_STANDARD_9_10,4178.97,AUTO_JSON,ema_proxy_up,UP,3954.90375,3954.90375,ORIGINAL_ORACLE_PRESERVED,3951.2825,REGIME_LEVEL_RESIDUAL,original_base_regime_original_q75,-3.62125,12.0,3967.25,15.9675,False,False,DYNAMIC_GT10,42.114947
2026-06-30,2026-06-29,L7,RANGE_NORMAL_60_120,CLOSE_POS_LOWER_THIRD,ROWS_STANDARD_9_10,4178.97,AUTO_JSON,ema_proxy_up,UP,3954.90375,3954.90375,ORIGINAL_ORACLE_PRESERVED,3946.654687,REGIME_LEVEL_RESIDUAL,superset_base_regime_original_mean,-8.249063,12.0,3967.25,20.595313,False,False,DYNAMIC_GT10,41.929835
2026-06-30,2026-06-29,L7,RANGE_NORMAL_60_120,CLOSE_POS_LOWER_THIRD,ROWS_STANDARD_9_10,4178.97,AUTO_JSON,ema_proxy_up,UP,3954.90375,3954.90375,ORIGINAL_ORACLE_PRESERVED,3946.654687,REGIME_LEVEL_RESIDUAL,original_base_regime_original_mean,-8.249063,12.0,3967.25,20.595313,False,False,DYNAMIC_GT10,41.929835
2026-06-30,2026-06-29,L7,RANGE_NORMAL_60_120,CLOSE_POS_LOWER_THIRD,ROWS_STANDARD_9_10,4178.97,AUTO_JSON,ema_proxy_up,UP,3954.90375,3954.90375,ORIGINAL_ORACLE_PRESERVED,3949.274375,REGIME_LEVEL_RESIDUAL,superset_base_regime_original_recent8_median,-5.629375,8.0,3967.25,17.975625,False,False,DYNAMIC_GT10,40.563723
2026-06-30,2026-06-29,L7,RANGE_NORMAL_60_120,CLOSE_POS_LOWER_THIRD,ROWS_STANDARD_9_10,4178.97,AUTO_JSON,ema_proxy_up,UP,3954.90375,3954.90375,ORIGINAL_ORACLE_PRESERVED,3949.274375,REGIME_LEVEL_RESIDUAL,original_base_regime_original_recent8_median,-5.629375,8.0,3967.25,17.975625,False,False,DYNAMIC_GT10,40.563723
2026-06-30,2026-06-29,L7,RANGE_NORMAL_60_120,CLOSE_POS_LOWER_THIRD,ROWS_STANDARD_9_10,4178.97,AUTO_JSON,ema_proxy_up,UP,3954.90375,3954.90375,ORIGINAL_ORACLE_PRESERVED,3948.95,RANGE_CLOSE_LEVEL_RESIDUAL,superset_base_range_close_superset_median,-5.95375,20.0,3967.25,18.3,False,False,DYNAMIC_GT10,16.93994
2026-06-30,2026-06-29,L7,RANGE_NORMAL_60_120,CLOSE_POS_LOWER_THIRD,ROWS_STANDARD_9_10,4178.97,AUTO_JSON,ema_proxy_up,UP,3954.90375,3954.90375,ORIGINAL_ORACLE_PRESERVED,3948.95,RANGE_CLOSE_LEVEL_RESIDUAL,original_base_range_close_superset_median,-5.95375,20.0,3967.25,18.3,False,False,DYNAMIC_GT10,16.93994
2026-06-30,2026-06-29,L7,RANGE_NORMAL_60_120,CLOSE_POS_LOWER_THIRD,ROWS_STANDARD_9_10,4178.97,AUTO_JSON,ema_proxy_up,UP,3954.90375,3954.90375,ORIGINAL_ORACLE_PRESERVED,3943.47125,RANGE_CLOSE_LEVEL_RESIDUAL,superset_base_range_close_superset_q25,-11.4325,20.0,3967.25,23.77875,False,False,DYNAMIC_GT10,16.72079
2026-06-30,2026-06-29,L7,RANGE_NORMAL_60_120,CLOSE_POS_LOWER_THIRD,ROWS_STANDARD_9_10,4178.97,AUTO_JSON,ema_proxy_up,UP,3954.90375,3954.90375,ORIGINAL_ORACLE_PRESERVED,3943.47125,RANGE_CLOSE_LEVEL_RESIDUAL,original_base_range_close_superset_q25,-11.4325,20.0,3967.25,23.77875,False,False,DYNAMIC_GT10,16.72079
2026-06-30,2026-06-29,L7,RANGE_NORMAL_60_120,CLOSE_POS_LOWER_THIRD,ROWS_STANDARD_9_10,4178.97,AUTO_JSON,ema_proxy_up,UP,3954.90375,3954.90375,ORIGINAL_ORACLE_PRESERVED,3955.445469,RANGE_CLOSE_LEVEL_RESIDUAL,superset_base_range_close_superset_q75,0.541719,20.0,3967.25,11.804531,False,False,DYNAMIC_GT10,17.156421
2026-06-30,2026-06-29,L7,RANGE_NORMAL_60_120,CLOSE_POS_LOWER_THIRD,ROWS_STANDARD_9_10,4178.97,AUTO_JSON,ema_proxy_up,UP,3954.90375,3954.90375,ORIGINAL_ORACLE_PRESERVED,3955.445469,RANGE_CLOSE_LEVEL_RESIDUAL,original_base_range_close_superset_q75,0.541719,20.0,3967.25,11.804531,False,False,DYNAMIC_GT10,17.156421
2026-06-30,2026-06-29,L7,RANGE_NORMAL_60_120,CLOSE_POS_LOWER_THIRD,ROWS_STANDARD_9_10,4178.97,AUTO_JSON,ema_proxy_up,UP,3954.90375,3954.90375,ORIGINAL_ORACLE_PRESERVED,3950.20853,RANGE_CLOSE_LEVEL_RESIDUAL,superset_base_range_close_superset_mean,-4.69522,20.0,3967.25,17.04147,False,False,DYNAMIC_GT10,16.990281
2026-06-30,2026-06-29,L7,RANGE_NORMAL_60_120,CLOSE_POS_LOWER_THIRD,ROWS_STANDARD_9_10,4178.97,AUTO_JSON,ema_proxy_up,UP,3954.90375,3954.90375,ORIGINAL_ORACLE_PRESERVED,3950.20853,RANGE_CLOSE_LEVEL_RESIDUAL,original_base_range_close_superset_mean,-4.69522,20.0,3967.25,17.04147,False,False,DYNAMIC_GT10,16.990281
2026-06-30,2026-06-29,L7,RANGE_NORMAL_60_120,CLOSE_POS_LOWER_THIRD,ROWS_STANDARD_9_10,4178.97,AUTO_JSON,ema_proxy_up,UP,3954.90375,3954.90375,ORIGINAL_ORACLE_PRESERVED,3950.31375,RANGE_CLOSE_LEVEL_RESIDUAL,superset_base_range_close_superset_recent8_median,-4.59,8.0,3967.25,16.93625,False,False,DYNAMIC_GT10,13.605298
2026-06-30,2026-06-29,L7,RANGE_NORMAL_60_120,CLOSE_POS_LOWER_THIRD,ROWS_STANDARD_9_10,4178.97,AUTO_JSON,ema_proxy_up,UP,3954.90375,3954.90375,ORIGINAL_ORACLE_PRESERVED,3950.31375,RANGE_CLOSE_LEVEL_RESIDUAL,original_base_range_close_superset_recent8_median,-4.59,8.0,3967.25,16.93625,False,False,DYNAMIC_GT10,13.605298
2026-06-30,2026-06-29,L7,RANGE_NORMAL_60_120,CLOSE_POS_LOWER_THIRD,ROWS_STANDARD_9_10,4178.97,AUTO_JSON,ema_proxy_up,UP,3954.90375,3954.90375,ORIGINAL_ORACLE_PRESERVED,3948.95,RANGE_CLOSE_LEVEL_RESIDUAL,superset_base_range_close_original_median,-5.95375,20.0,3967.25,18.3,False,False,DYNAMIC_GT10,16.93994
2026-06-30,2026-06-29,L7,RANGE_NORMAL_60_120,CLOSE_POS_LOWER_THIRD,ROWS_STANDARD_9_10,4178.97,AUTO_JSON,ema_proxy_up,UP,3954.90375,3954.90375,ORIGINAL_ORACLE_PRESERVED,3948.95,RANGE_CLOSE_LEVEL_RESIDUAL,original_base_range_close_original_median,-5.95375,20.0,3967.25,18.3,False,False,DYNAMIC_GT10,16.93994
2026-06-30,2026-06-29,L7,RANGE_NORMAL_60_120,CLOSE_POS_LOWER_THIRD,ROWS_STANDARD_9_10,4178.97,AUTO_JSON,ema_proxy_up,UP,3954.90375,3954.90375,ORIGINAL_ORACLE_PRESERVED,3943.47125,RANGE_CLOSE_LEVEL_RESIDUAL,superset_base_range_close_original_q25,-11.4325,20.0,3967.25,23.77875,False,False,DYNAMIC_GT10,16.72079
2026-06-30,2026-06-29,L7,RANGE_NORMAL_60_120,CLOSE_POS_LOWER_THIRD,ROWS_STANDARD_9_10,4178.97,AUTO_JSON,ema_proxy_up,UP,3954.90375,3954.90375,ORIGINAL_ORACLE_PRESERVED,3943.47125,RANGE_CLOSE_LEVEL_RESIDUAL,original_base_range_close_original_q25,-11.4325,20.0,3967.25,23.77875,False,False,DYNAMIC_GT10,16.72079
2026-06-30,2026-06-29,L7,RANGE_NORMAL_60_120,CLOSE_POS_LOWER_THIRD,ROWS_STANDARD_9_10,4178.97,AUTO_JSON,ema_proxy_up,UP,3954.90375,3954.90375,ORIGINAL_ORACLE_PRESERVED,3954.07125,RANGE_CLOSE_LEVEL_RESIDUAL,superset_base_range_close_original_q75,-0.8325,20.0,3967.25,13.17875,False,False,DYNAMIC_GT10,17.14479
2026-06-30,2026-06-29,L7,RANGE_NORMAL_60_120,CLOSE_POS_LOWER_THIRD,ROWS_STANDARD_9_10,4178.97,AUTO_JSON,ema_proxy_up,UP,3954.90375,3954.90375,ORIGINAL_ORACLE_PRESERVED,3954.07125,RANGE_CLOSE_LEVEL_RESIDUAL,original_base_range_close_original_q75,-0.8325,20.0,3967.25,13.17875,False,False,DYNAMIC_GT10,17.14479
2026-06-30,2026-06-29,L7,RANGE_NORMAL_60_120,CLOSE_POS_LOWER_THIRD,ROWS_STANDARD_9_10,4178.97,AUTO_JSON,ema_proxy_up,UP,3954.90375,3954.90375,ORIGINAL_ORACLE_PRESERVED,3950.050561,RANGE_CLOSE_LEVEL_RESIDUAL,superset_base_range_close_original_mean,-4.853189,20.0,3967.25,17.199439,False,False,DYNAMIC_GT10,16.983962
2026-06-30,2026-06-29,L7,RANGE_NORMAL_60_120,CLOSE_POS_LOWER_THIRD,ROWS_STANDARD_9_10,4178.97,AUTO_JSON,ema_proxy_up,UP,3954.90375,3954.90375,ORIGINAL_ORACLE_PRESERVED,3950.050561,RANGE_CLOSE_LEVEL_RESIDUAL,original_base_range_close_original_mean,-4.853189,20.0,3967.25,17.199439,False,False,DYNAMIC_GT10,16.983962
2026-06-30,2026-06-29,L7,RANGE_NORMAL_60_120,CLOSE_POS_LOWER_THIRD,ROWS_STANDARD_9_10,4178.97,AUTO_JSON,ema_proxy_up,UP,3954.90375,3954.90375,ORIGINAL_ORACLE_PRESERVED,3950.31375,RANGE_CLOSE_LEVEL_RESIDUAL,superset_base_range_close_original_recent8_median,-4.59,8.0,3967.25,16.93625,False,False,DYNAMIC_GT10,13.605298
2026-06-30,2026-06-29,L7,RANGE_NORMAL_60_120,CLOSE_POS_LOWER_THIRD,ROWS_STANDARD_9_10,4178.97,AUTO_JSON,ema_proxy_up,UP,3954.90375,3954.90375,ORIGINAL_ORACLE_PRESERVED,3950.31375,RANGE_CLOSE_LEVEL_RESIDUAL,original_base_range_close_original_recent8_median,-4.59,8.0,3967.25,16.93625,False,False,DYNAMIC_GT10,13.605298
2026-06-30,2026-06-29,L7,RANGE_NORMAL_60_120,CLOSE_POS_LOWER_THIRD,ROWS_STANDARD_9_10,4178.97,AUTO_JSON,ema_proxy_up,UP,3954.90375,3954.90375,ORIGINAL_ORACLE_PRESERVED,3954.02375,SOURCE_LEVEL_RESIDUAL,superset_base_source_superset_median,-0.88,175.0,3967.25,13.22625,False,False,DYNAMIC_GT10,18.9648
2026-06-30,2026-06-29,L7,RANGE_NORMAL_60_120,CLOSE_POS_LOWER_THIRD,ROWS_STANDARD_9_10,4178.97,AUTO_JSON,ema_proxy_up,UP,3954.90375,3954.90375,ORIGINAL_ORACLE_PRESERVED,3954.02375,SOURCE_LEVEL_RESIDUAL,original_base_source_superset_median,-0.88,175.0,3967.25,13.22625,False,False,DYNAMIC_GT10,18.9648
2026-06-30,2026-06-29,L7,RANGE_NORMAL_60_120,CLOSE_POS_LOWER_THIRD,ROWS_STANDARD_9_10,4178.97,AUTO_JSON,ema_proxy_up,UP,3954.90375,3954.90375,ORIGINAL_ORACLE_PRESERVED,3939.535,SOURCE_LEVEL_RESIDUAL,superset_base_source_superset_q25,-15.36875,175.0,3967.25,27.715,False,False,DYNAMIC_GT10,18.38525
2026-06-30,2026-06-29,L7,RANGE_NORMAL_60_120,CLOSE_POS_LOWER_THIRD,ROWS_STANDARD_9_10,4178.97,AUTO_JSON,ema_proxy_up,UP,3954.90375,3954.90375,ORIGINAL_ORACLE_PRESERVED,3939.535,SOURCE_LEVEL_RESIDUAL,original_base_source_superset_q25,-15.36875,175.0,3967.25,27.715,False,False,DYNAMIC_GT10,18.38525
2026-06-30,2026-06-29,L7,RANGE_NORMAL_60_120,CLOSE_POS_LOWER_THIRD,ROWS_STANDARD_9_10,4178.97,AUTO_JSON,ema_proxy_up,UP,3954.90375,3954.90375,ORIGINAL_ORACLE_PRESERVED,3965.89375,SOURCE_LEVEL_RESIDUAL,superset_base_source_superset_q75,10.99,175.0,3967.25,1.35625,True,True,DYNAMIC_WITHIN_3,18.5604
2026-06-30,2026-06-29,L7,RANGE_NORMAL_60_120,CLOSE_POS_LOWER_THIRD,ROWS_STANDARD_9_10,4178.97,AUTO_JSON,ema_proxy_up,UP,3954.90375,3954.90375,ORIGINAL_ORACLE_PRESERVED,3965.89375,SOURCE_LEVEL_RESIDUAL,original_base_source_superset_q75,10.99,175.0,3967.25,1.35625,True,True,DYNAMIC_WITHIN_3,18.5604
2026-06-30,2026-06-29,L7,RANGE_NORMAL_60_120,CLOSE_POS_LOWER_THIRD,ROWS_STANDARD_9_10,4178.97,AUTO_JSON,ema_proxy_up,UP,3954.90375,3954.90375,ORIGINAL_ORACLE_PRESERVED,3950.607418,SOURCE_LEVEL_RESIDUAL,superset_base_source_superset_mean,-4.296332,175.0,3967.25,16.642582,False,False,DYNAMIC_GT10,18.828147
2026-06-30,2026-06-29,L7,RANGE_NORMAL_60_120,CLOSE_POS_LOWER_THIRD,ROWS_STANDARD_9_10,4178.97,AUTO_JSON,ema_proxy_up,UP,3954.90375,3954.90375,ORIGINAL_ORACLE_PRESERVED,3950.607418,SOURCE_LEVEL_RESIDUAL,original_base_source_superset_mean,-4.296332,175.0,3967.25,16.642582,False,False,DYNAMIC_GT10,18.828147
2026-06-30,2026-06-29,L7,RANGE_NORMAL_60_120,CLOSE_POS_LOWER_THIRD,ROWS_STANDARD_9_10,4178.97,AUTO_JSON,ema_proxy_up,UP,3954.90375,3954.90375,ORIGINAL_ORACLE_PRESERVED,3953.316875,SOURCE_LEVEL_RESIDUAL,superset_base_source_superset_recent8_median,-1.586875,8.0,3967.25,13.933125,False,False,DYNAMIC_GT10,13.725423
2026-06-30,2026-06-29,L7,RANGE_NORMAL_60_120,CLOSE_POS_LOWER_THIRD,ROWS_STANDARD_9_10,4178.97,AUTO_JSON,ema_proxy_up,UP,3954.90375,3954.90375,ORIGINAL_ORACLE_PRESERVED,3953.316875,SOURCE_LEVEL_RESIDUAL,original_base_source_superset_recent8_median,-1.586875,8.0,3967.25,13.933125,False,False,DYNAMIC_GT10,13.725423
2026-06-30,2026-06-29,L7,RANGE_NORMAL_60_120,CLOSE_POS_LOWER_THIRD,ROWS_STANDARD_9_10,4178.97,AUTO_JSON,ema_proxy_up,UP,3954.90375,3954.90375,ORIGINAL_ORACLE_PRESERVED,3954.02375,SOURCE_LEVEL_RESIDUAL,superset_base_source_original_median,-0.88,175.0,3967.25,13.22625,False,False,DYNAMIC_GT10,18.9648
2026-06-30,2026-06-29,L7,RANGE_NORMAL_60_120,CLOSE_POS_LOWER_THIRD,ROWS_STANDARD_9_10,4178.97,AUTO_JSON,ema_proxy_up,UP,3954.90375,3954.90375,ORIGINAL_ORACLE_PRESERVED,3954.02375,SOURCE_LEVEL_RESIDUAL,original_base_source_original_median,-0.88,175.0,3967.25,13.22625,False,False,DYNAMIC_GT10,18.9648
2026-06-30,2026-06-29,L7,RANGE_NORMAL_60_120,CLOSE_POS_LOWER_THIRD,ROWS_STANDARD_9_10,4178.97,AUTO_JSON,ema_proxy_up,UP,3954.90375,3954.90375,ORIGINAL_ORACLE_PRESERVED,3939.535,SOURCE_LEVEL_RESIDUAL,superset_base_source_original_q25,-15.36875,175.0,3967.25,27.715,False,False,DYNAMIC_GT10,18.38525
2026-06-30,2026-06-29,L7,RANGE_NORMAL_60_120,CLOSE_POS_LOWER_THIRD,ROWS_STANDARD_9_10,4178.97,AUTO_JSON,ema_proxy_up,UP,3954.90375,3954.90375,ORIGINAL_ORACLE_PRESERVED,3939.535,SOURCE_LEVEL_RESIDUAL,original_base_source_original_q25,-15.36875,175.0,3967.25,27.715,False,False,DYNAMIC_GT10,18.38525
2026-06-30,2026-06-29,L7,RANGE_NORMAL_60_120,CLOSE_POS_LOWER_THIRD,ROWS_STANDARD_9_10,4178.97,AUTO_JSON,ema_proxy_up,UP,3954.90375,3954.90375,ORIGINAL_ORACLE_PRESERVED,3965.89375,SOURCE_LEVEL_RESIDUAL,superset_base_source_original_q75,10.99,175.0,3967.25,1.35625,True,True,DYNAMIC_WITHIN_3,18.5604
2026-06-30,2026-06-29,L7,RANGE_NORMAL_60_120,CLOSE_POS_LOWER_THIRD,ROWS_STANDARD_9_10,4178.97,AUTO_JSON,ema_proxy_up,UP,3954.90375,3954.90375,ORIGINAL_ORACLE_PRESERVED,3965.89375,SOURCE_LEVEL_RESIDUAL,original_base_source_original_q75,10.99,175.0,3967.25,1.35625,True,True,DYNAMIC_WITHIN_3,18.5604
2026-06-30,2026-06-29,L7,RANGE_NORMAL_60_120,CLOSE_POS_LOWER_THIRD,ROWS_STANDARD_9_10,4178.97,AUTO_JSON,ema_proxy_up,UP,3954.90375,3954.90375,ORIGINAL_ORACLE_PRESERVED,3950.607418,SOURCE_LEVEL_RESIDUAL,superset_base_source_original_mean,-4.296332,175.0,3967.25,16.642582,False,False,DYNAMIC_GT10,18.828147
2026-06-30,2026-06-29,L7,RANGE_NORMAL_60_120,CLOSE_POS_LOWER_THIRD,ROWS_STANDARD_9_10,4178.97,AUTO_JSON,ema_proxy_up,UP,3954.90375,3954.90375,ORIGINAL_ORACLE_PRESERVED,3950.607418,SOURCE_LEVEL_RESIDUAL,original_base_source_original_mean,-4.296332,175.0,3967.25,16.642582,False,False,DYNAMIC_GT10,18.828147
2026-06-30,2026-06-29,L7,RANGE_NORMAL_60_120,CLOSE_POS_LOWER_THIRD,ROWS_STANDARD_9_10,4178.97,AUTO_JSON,ema_proxy_up,UP,3954.90375,3954.90375,ORIGINAL_ORACLE_PRESERVED,3953.316875,SOURCE_LEVEL_RESIDUAL,superset_base_source_original_recent8_median,-1.586875,8.0,3967.25,13.933125,False,False,DYNAMIC_GT10,13.725423
2026-06-30,2026-06-29,L7,RANGE_NORMAL_60_120,CLOSE_POS_LOWER_THIRD,ROWS_STANDARD_9_10,4178.97,AUTO_JSON,ema_proxy_up,UP,3954.90375,3954.90375,ORIGINAL_ORACLE_PRESERVED,3953.316875,SOURCE_LEVEL_RESIDUAL,original_base_source_original_recent8_median,-1.586875,8.0,3967.25,13.933125,False,False,DYNAMIC_GT10,13.725423
