selector_source_family,selector_source_type,selector_pick_count,selector_pct_within_5,selector_median_abs_error,selector_recovered_within_5_pct,avg_selector_score,avg_primary_prior_w5,avg_performance_lookback_days
ROLLING_CHANNEL_LEVEL_RESIDUAL,superset_base_channel_original_recent8_median,2.0,100.0,0.83375,0.0,17.905785,32.397794,1.0
ROLLING_LEVEL_RESIDUAL,original_base_level_expanded_mean,1.0,100.0,4.322784,100.0,30.242221,51.191911,1.0
ROLLING_LEVEL_RESIDUAL,original_base_level_original_mean,1.0,100.0,0.701737,0.0,53.906345,37.737325,1.0
ROLLING_RANGE_LEVEL_RESIDUAL,original_base_range_superset_recent8_median,1.0,100.0,4.72125,0.0,72.765708,67.520901,1.0
ROLLING_REGIME_LEVEL_RESIDUAL,superset_base_regime_original_recent5_median,1.0,100.0,3.5825,0.0,40.607003,40.097538,1.0
ROLLING_SOURCE_LEVEL_RESIDUAL,original_base_source_expanded_median,1.0,100.0,3.80875,0.0,43.135768,44.058523,1.0
ROLLING_REGIME_LEVEL_RESIDUAL,superset_base_regime_superset_recent12_median,11.0,54.545455,4.145,9.090909,40.44117,41.158177,1.363636
ROLLING_CHANNEL_LEVEL_RESIDUAL,superset_base_channel_original_mean,4.0,50.0,13.625137,50.0,35.919413,40.908026,1.0
ROLLING_LEVEL_RESIDUAL,original_base_level_expanded_median,4.0,50.0,20.521719,0.0,4.309072,33.396346,1.5
ROLLING_CHANNEL_LEVEL_RESIDUAL,superset_base_channel_expanded_recent12_median,2.0,50.0,16.365417,0.0,37.31258,41.132594,1.0
ROLLING_RANGE_CLOSE_LEVEL_RESIDUAL,original_base_range_close_superset_recent12_median,2.0,50.0,4.8725,50.0,50.9649,44.577066,1.5
ROLLING_REGIME_LEVEL_RESIDUAL,superset_base_regime_superset_q25,2.0,50.0,8.596458,0.0,38.490735,35.346236,2.0
ROLLING_SOURCE_LEVEL_RESIDUAL,superset_base_source_superset_mean,28.0,46.428571,7.370697,3.571429,44.2835,41.8219,1.357143
ROLLING_RANGE_CLOSE_LEVEL_RESIDUAL,superset_base_range_close_superset_median,20.0,45.0,6.366985,5.0,48.775192,43.653325,1.7
ROLLING_RANGE_CLOSE_LEVEL_RESIDUAL,superset_base_range_close_superset_recent8_median,10.0,40.0,12.06125,20.0,20.098598,36.807077,1.6
ROLLING_RANGE_CLOSE_LEVEL_RESIDUAL,superset_base_range_close_original_q25,5.0,40.0,9.639688,0.0,43.174167,38.80821,1.4
ROLLING_REGIME_LEVEL_RESIDUAL,superset_base_regime_original_recent8_median,5.0,40.0,14.180625,20.0,56.214474,51.285465,1.4
ROLLING_REGIME_LEVEL_RESIDUAL,superset_base_regime_superset_recent5_median,5.0,40.0,6.40625,0.0,39.352079,43.327618,1.8
ROLLING_RANGE_LEVEL_RESIDUAL,superset_base_range_original_median,13.0,38.461538,6.790625,0.0,33.110689,34.167351,1.153846
ROLLING_REGIME_LEVEL_RESIDUAL,superset_base_regime_original_mean,42.0,38.095238,9.994287,7.142857,37.523098,41.81948,1.452381
ROLLING_RANGE_CLOSE_LEVEL_RESIDUAL,original_base_range_close_expanded_mean,8.0,37.5,7.111018,0.0,41.011728,41.731523,1.5
ROLLING_REGIME_LEVEL_RESIDUAL,superset_base_regime_original_recent20_median,8.0,37.5,18.176875,25.0,38.332583,40.040579,1.25
ROLLING_RANGE_CLOSE_LEVEL_RESIDUAL,original_base_range_close_superset_mean,12.0,33.333333,9.419027,8.333333,42.535374,37.828049,1.416667
ROLLING_BASE_SUPERSET,EXPANDED_ORACLE_BETTER,6.0,33.333333,6.01875,0.0,11.294991,38.564612,2.0
ROLLING_CHANNEL_LEVEL_RESIDUAL,superset_base_channel_superset_mean,6.0,33.333333,7.536174,0.0,30.494885,34.814762,2.0
ROLLING_BASE_ORIGINAL,MODE_C_BALANCED,3.0,33.333333,7.995,0.0,26.24742,32.723974,2.333333
ROLLING_CHANNEL_LEVEL_RESIDUAL,superset_base_channel_original_median,3.0,33.333333,8.819271,33.333333,34.283291,34.547829,1.0
ROLLING_LEVEL_RESIDUAL,superset_base_level_superset_mean,47.0,31.914894,10.45993,8.510638,36.048065,38.252133,1.531915
ROLLING_LEVEL_RESIDUAL,superset_base_level_superset_median,47.0,31.914894,8.64125,0.0,36.529871,37.474449,1.680851
ROLLING_RANGE_CLOSE_LEVEL_RESIDUAL,superset_base_range_close_superset_mean,29.0,31.034483,7.807188,3.448276,43.211141,42.687234,1.448276
ROLLING_REGIME_LEVEL_RESIDUAL,superset_base_regime_superset_median,10.0,30.0,11.939809,0.0,47.041061,45.162898,1.2
ROLLING_LEVEL_RESIDUAL,superset_base_level_expanded_median,7.0,28.571429,10.074687,0.0,22.627548,35.545166,1.857143
ROLLING_LEVEL_RESIDUAL,superset_base_level_expanded_recent8_median,7.0,28.571429,32.561093,0.0,38.61063,50.998972,1.571429
ROLLING_RANGE_LEVEL_RESIDUAL,original_base_range_expanded_recent8_median,7.0,28.571429,7.13875,14.285714,31.449397,40.180596,1.285714
ROLLING_ROW_LEVEL_RESIDUAL,superset_base_rows_original_mean,18.0,27.777778,15.764943,16.666667,35.234279,39.405179,1.333333
ROLLING_REGIME_LEVEL_RESIDUAL,superset_base_regime_superset_recent8_median,43.0,25.581395,9.19,6.976744,39.124664,41.832775,1.232558
ROLLING_SOURCE_LEVEL_RESIDUAL,superset_base_source_original_mean,8.0,25.0,7.281769,0.0,40.739607,40.643427,1.5
ROLLING_CHANNEL_LEVEL_RESIDUAL,original_base_channel_expanded_mean,4.0,25.0,9.404076,25.0,25.528733,36.752971,2.0
ROLLING_LEVEL_RESIDUAL,superset_base_level_superset_recent8_median,4.0,25.0,14.51125,0.0,42.11908,54.642768,2.0
ROLLING_RANGE_CLOSE_LEVEL_RESIDUAL,original_base_range_close_superset_recent20_median,4.0,25.0,20.490938,0.0,38.692684,43.86928,1.0
ROLLING_RANGE_CLOSE_LEVEL_RESIDUAL,original_base_range_close_superset_recent8_median,4.0,25.0,12.471102,0.0,50.093048,45.787176,2.0
ROLLING_RANGE_CLOSE_LEVEL_RESIDUAL,superset_base_range_close_expanded_mean,4.0,25.0,10.377877,25.0,47.573163,38.953056,1.0
ROLLING_RANGE_CLOSE_LEVEL_RESIDUAL,superset_base_range_close_superset_recent20_median,4.0,25.0,18.293313,0.0,42.67494,42.122851,1.5
ROLLING_RANGE_LEVEL_RESIDUAL,superset_base_range_expanded_mean,4.0,25.0,6.18142,25.0,21.639271,34.33361,1.5
ROLLING_REGIME_LEVEL_RESIDUAL,original_base_regime_superset_q25,4.0,25.0,12.103068,0.0,39.647814,37.69171,1.0
ROLLING_REGIME_LEVEL_RESIDUAL,superset_base_regime_original_q25,4.0,25.0,7.1625,0.0,44.116692,36.07385,1.5
ROLLING_ROW_LEVEL_RESIDUAL,superset_base_rows_superset_mean,4.0,25.0,5.824464,25.0,36.985028,40.131846,1.0
ROLLING_LEVEL_RESIDUAL,superset_base_level_original_median,35.0,22.857143,13.787396,0.0,33.753001,34.17662,1.371429
ROLLING_REGIME_LEVEL_RESIDUAL,superset_base_regime_superset_mean,9.0,22.222222,9.363399,0.0,43.588342,40.882776,1.222222
ROLLING_LEVEL_RESIDUAL,superset_base_level_original_mean,25.0,20.0,9.146806,8.0,36.211037,35.436491,1.56
ROLLING_RANGE_LEVEL_RESIDUAL,original_base_range_expanded_mean,5.0,20.0,10.18983,20.0,31.600385,46.431506,1.4
ROLLING_ROW_LEVEL_RESIDUAL,superset_base_rows_original_median,26.0,19.230769,20.536563,0.0,33.486561,37.363547,1.307692
ROLLING_REGIME_LEVEL_RESIDUAL,superset_base_regime_original_median,27.0,18.518519,14.22375,0.0,40.655522,42.052787,1.296296
ROLLING_RANGE_LEVEL_RESIDUAL,superset_base_range_original_mean,17.0,17.647059,22.075005,11.764706,24.868945,37.519214,1.529412
ROLLING_BASE_SUPERSET,ORIGINAL_ORACLE_PRESERVED,37.0,8.108108,34.71125,0.0,-5.150525,22.84427,1.363636
ROLLING_SOURCE_LEVEL_RESIDUAL,superset_base_source_superset_median,13.0,7.692308,17.606667,0.0,40.156435,35.811107,1.461538
ROLLING_RANGE_LEVEL_RESIDUAL,superset_base_range_superset_median,12.0,0.0,31.10048,0.0,18.572564,35.852504,1.666667
ROLLING_LEVEL_RESIDUAL,superset_base_level_expanded_mean,5.0,0.0,17.155435,0.0,32.880426,39.62794,1.8
ROLLING_LEVEL_RESIDUAL,original_base_level_expanded_recent12_median,4.0,0.0,40.423125,0.0,16.5015,39.167011,1.5
ROLLING_RANGE_CLOSE_LEVEL_RESIDUAL,original_base_range_close_superset_recent5_median,4.0,0.0,43.563524,0.0,29.162065,37.843721,1.0
ROLLING_REGIME_LEVEL_RESIDUAL,superset_base_regime_original_recent12_median,4.0,0.0,30.264688,0.0,36.729858,47.64356,1.0
ROLLING_LEVEL_RESIDUAL,superset_base_level_expanded_recent12_median,3.0,0.0,11.504687,0.0,24.23586,47.965043,1.0
ROLLING_REGIME_LEVEL_RESIDUAL,superset_base_regime_expanded_mean,3.0,0.0,13.510139,0.0,40.055785,31.91229,1.0
ROLLING_ROW_LEVEL_RESIDUAL,original_base_rows_expanded_recent8_median,3.0,0.0,18.4975,0.0,18.915604,32.895357,1.666667
ROLLING_BASE_ORIGINAL,MODE_B_EMA_CHANNEL_DIRECTION_HEAVY,2.0,0.0,12.385625,0.0,32.183076,38.97017,2.0
ROLLING_LEVEL_RESIDUAL,original_base_level_superset_q25,2.0,0.0,15.281771,0.0,20.162822,31.837315,1.0
ROLLING_LEVEL_RESIDUAL,superset_base_level_superset_q75,2.0,0.0,18.834062,0.0,21.197094,34.545571,1.0
ROLLING_RANGE_CLOSE_LEVEL_RESIDUAL,original_base_range_close_superset_q75,2.0,0.0,9.777242,0.0,56.080154,54.791312,1.5
ROLLING_RANGE_CLOSE_LEVEL_RESIDUAL,superset_base_range_close_superset_q25,2.0,0.0,6.978166,0.0,48.587447,40.075371,1.5
ROLLING_RANGE_CLOSE_LEVEL_RESIDUAL,superset_base_range_close_superset_recent12_median,2.0,0.0,30.5975,0.0,22.421627,35.487297,1.0
ROLLING_RANGE_LEVEL_RESIDUAL,superset_base_range_expanded_q25,2.0,0.0,39.074872,0.0,40.345226,45.293813,2.0
ROLLING_RANGE_LEVEL_RESIDUAL,superset_base_range_original_recent20_median,2.0,0.0,35.92375,0.0,4.192054,30.814786,1.0
ROLLING_REGIME_LEVEL_RESIDUAL,original_base_regime_original_mean,2.0,0.0,9.605793,0.0,36.84011,38.572037,1.0
ROLLING_REGIME_LEVEL_RESIDUAL,original_base_regime_superset_mean,2.0,0.0,15.504899,0.0,39.152885,44.857981,1.0
ROLLING_REGIME_LEVEL_RESIDUAL,original_base_regime_superset_q75,2.0,0.0,28.669375,0.0,37.460855,41.596236,2.0
ROLLING_REGIME_LEVEL_RESIDUAL,superset_base_regime_expanded_recent8_median,2.0,0.0,19.716979,0.0,61.121722,51.020258,1.0
ROLLING_ROW_LEVEL_RESIDUAL,original_base_rows_superset_median,2.0,0.0,35.880016,0.0,22.529992,40.313026,1.0
ROLLING_ROW_LEVEL_RESIDUAL,superset_base_rows_superset_median,2.0,0.0,8.636896,0.0,38.289308,28.82898,1.0
ROLLING_SOURCE_LEVEL_RESIDUAL,superset_base_source_expanded_median,2.0,0.0,54.357658,0.0,33.85244,50.492454,1.0
ROLLING_SOURCE_LEVEL_RESIDUAL,superset_base_source_superset_recent8_median,2.0,0.0,13.229687,0.0,29.819673,37.38386,1.0
ROLLING_CHANNEL_LEVEL_RESIDUAL,original_base_channel_expanded_median,1.0,0.0,30.763333,0.0,11.885131,34.186497,1.0
ROLLING_CHANNEL_LEVEL_RESIDUAL,original_base_channel_superset_mean,1.0,0.0,41.123302,0.0,37.75595,43.398359,1.0
ROLLING_CHANNEL_LEVEL_RESIDUAL,superset_base_channel_expanded_mean,1.0,0.0,11.019479,0.0,52.024286,40.097538,1.0
ROLLING_CHANNEL_LEVEL_RESIDUAL,superset_base_channel_original_recent12_median,1.0,0.0,9.37,0.0,39.311069,37.013112,1.0
ROLLING_CHANNEL_LEVEL_RESIDUAL,superset_base_channel_superset_median,1.0,0.0,35.46,0.0,32.754397,39.315936,1.0
ROLLING_LEVEL_RESIDUAL,original_base_level_superset_recent8_median,1.0,0.0,64.92875,0.0,-0.518036,25.742154,1.0
ROLLING_LEVEL_RESIDUAL,superset_base_level_original_recent8_median,1.0,0.0,12.725,0.0,37.836394,56.806615,3.0
ROLLING_RANGE_CLOSE_LEVEL_RESIDUAL,original_base_range_close_expanded_recent12_median,1.0,0.0,5.235,0.0,49.797252,48.655033,2.0
ROLLING_RANGE_CLOSE_LEVEL_RESIDUAL,original_base_range_close_expanded_recent8_median,1.0,0.0,7.259375,0.0,52.949787,51.833556,1.0
ROLLING_RANGE_CLOSE_LEVEL_RESIDUAL,superset_base_range_close_expanded_recent8_median,1.0,0.0,5.38875,0.0,68.043699,67.520901,3.0
ROLLING_RANGE_CLOSE_LEVEL_RESIDUAL,superset_base_range_close_original_recent8_median,1.0,0.0,19.013505,0.0,42.226515,41.609749,3.0
ROLLING_RANGE_LEVEL_RESIDUAL,original_base_range_original_mean,1.0,0.0,5.275556,0.0,57.530881,41.583479,1.0
ROLLING_RANGE_LEVEL_RESIDUAL,original_base_range_original_median,1.0,0.0,9.149583,0.0,42.370154,41.512175,1.0
ROLLING_RANGE_LEVEL_RESIDUAL,original_base_range_superset_q25,1.0,0.0,27.705,0.0,25.34153,31.764205,1.0
ROLLING_RANGE_LEVEL_RESIDUAL,superset_base_range_expanded_median,1.0,0.0,6.77,0.0,30.97338,27.840353,1.0
ROLLING_RANGE_LEVEL_RESIDUAL,superset_base_range_expanded_recent8_median,1.0,0.0,54.125,0.0,5.699397,36.323153,1.0
ROLLING_REGIME_LEVEL_RESIDUAL,original_base_regime_superset_recent8_median,1.0,0.0,9.81375,0.0,38.617703,32.07803,1.0
ROLLING_REGIME_LEVEL_RESIDUAL,superset_base_regime_expanded_q25,1.0,0.0,13.418906,0.0,47.326924,39.058523,1.0
ROLLING_REGIME_LEVEL_RESIDUAL,superset_base_regime_superset_recent20_median,1.0,0.0,42.759155,0.0,45.388561,41.960498,1.0
ROLLING_ROW_LEVEL_RESIDUAL,original_base_rows_expanded_median,1.0,0.0,11.420417,0.0,23.899891,34.058523,3.0
ROLLING_ROW_LEVEL_RESIDUAL,superset_base_rows_expanded_median,1.0,0.0,11.835625,0.0,35.875504,41.960498,1.0
ROLLING_ROW_LEVEL_RESIDUAL,superset_base_rows_expanded_recent8_median,1.0,0.0,75.662292,0.0,45.175983,57.548769,3.0
ROLLING_ROW_LEVEL_RESIDUAL,superset_base_rows_superset_q25,1.0,0.0,8.2725,0.0,32.181779,28.02507,1.0
ROLLING_ROW_LEVEL_RESIDUAL,superset_base_rows_superset_recent8_median,1.0,0.0,42.876875,0.0,44.546198,40.735187,3.0
ROLLING_SOURCE_LEVEL_RESIDUAL,original_base_source_superset_median,1.0,0.0,19.2425,0.0,30.93593,34.65186,1.0
ROLLING_SOURCE_LEVEL_RESIDUAL,superset_base_source_expanded_q75,1.0,0.0,134.965156,0.0,37.292814,36.357408,1.0
