best_anchor_family,best_anchor_name,candidate_label,candidate_type,date_count,formula_fingerprint_score,level_name,mean_abs_distance,median_abs_distance,pct_within_1,pct_within_10,pct_within_2,pct_within_3,pct_within_5,published_rank_high_to_low,published_rank_low_to_high,rows,signed_distance_mean,signed_distance_median
green_box_edge,green_edge_1,L4 -> green_box_edge::green_edge_1,level_name_anchor,6,95.25,L4,0.284167,0.14,100.0,100.0,100.0,100.0,100.0,,,6,-0.264167,-0.14
green_box_edge,green_edge_1,L4 -> green_box_edge::green_edge_1,l4_l7_anchor,6,95.25,L4,0.284167,0.14,100.0,100.0,100.0,100.0,100.0,,,6,-0.264167,-0.14
green_box_edge,green_edge_1,rank_high_4 -> green_box_edge::green_edge_1,rank_high_to_low_anchor,6,95.25,,0.284167,0.14,100.0,100.0,100.0,100.0,100.0,4,,6,-0.264167,-0.14
prior_range_fraction,prev_range_0.333333,rank_low_5 -> prior_range_fraction::prev_range_0.333333,rank_low_to_high_anchor,7,95.05821,,0.659531,0.256716,57.142857,100.0,100.0,100.0,100.0,,5,7,-0.084257,0.19335
green_box_edge,green_edge_1,L5 -> green_box_edge::green_edge_1,level_name_anchor,5,94.7375,L5,0.579,0.305,80.0,100.0,100.0,100.0,100.0,,,5,0.327,-0.115
green_box_edge,green_edge_1,L5 -> green_box_edge::green_edge_1,l4_l7_anchor,5,94.7375,L5,0.579,0.305,80.0,100.0,100.0,100.0,100.0,,,5,0.327,-0.115
green_box_edge,green_edge_1,rank_high_5 -> green_box_edge::green_edge_1,rank_high_to_low_anchor,5,94.7375,,0.579,0.305,80.0,100.0,100.0,100.0,100.0,5,,5,0.327,-0.115
prior_hlc,previous_mid,rank_low_4 -> prior_hlc::previous_mid,rank_low_to_high_anchor,9,94.7,,0.655,0.48,77.777778,100.0,88.888889,100.0,100.0,,4,9,-0.418333,-0.24
green_box_quarter,green_box_2_25pct,rank_low_5 -> green_box_quarter::green_box_2_25pct,rank_low_to_high_anchor,10,94.64375,,0.74675,0.5425,70.0,100.0,90.0,100.0,100.0,,5,10,0.366,0.10625
green_box_quarter,green_box_2_25pct,rank_high_6 -> green_box_quarter::green_box_2_25pct,rank_high_to_low_anchor,5,94.621875,,0.5495,0.35125,80.0,100.0,100.0,100.0,100.0,6,,5,0.458,0.35125
prior_hlc,previous_pivot_hlc3,L5 -> prior_hlc::previous_pivot_hlc3,level_name_anchor,12,94.533334,L5,1.028889,0.666666,66.666667,100.0,75.0,100.0,100.0,,,12,-0.011667,-0.041667
prior_hlc,previous_pivot_hlc3,L5 -> prior_hlc::previous_pivot_hlc3,l4_l7_anchor,12,94.533334,L5,1.028889,0.666666,66.666667,100.0,75.0,100.0,100.0,,,12,-0.011667,-0.041667
prior_hlc,previous_pivot_hlc3,rank_high_5 -> prior_hlc::previous_pivot_hlc3,rank_high_to_low_anchor,12,94.533334,,1.028889,0.666666,66.666667,100.0,75.0,100.0,100.0,5,,12,-0.011667,-0.041667
red_box_quarter,red_box_2_25pct,rank_low_5 -> red_box_quarter::red_box_2_25pct,rank_low_to_high_anchor,5,94.471875,,0.56175,0.41125,80.0,100.0,100.0,100.0,100.0,,5,5,0.53125,0.41125
red_box_quarter,red_box_2_25pct,L7 -> red_box_quarter::red_box_2_25pct,level_name_anchor,9,94.43125,L7,0.902639,0.5875,66.666667,100.0,88.888889,100.0,100.0,,,9,-0.72375,-0.46875
red_box_quarter,red_box_2_25pct,L7 -> red_box_quarter::red_box_2_25pct,l4_l7_anchor,9,94.43125,L7,0.902639,0.5875,66.666667,100.0,88.888889,100.0,100.0,,,9,-0.72375,-0.46875
red_box_quarter,red_box_2_25pct,rank_high_7 -> red_box_quarter::red_box_2_25pct,rank_high_to_low_anchor,9,94.43125,,0.902639,0.5875,66.666667,100.0,88.888889,100.0,100.0,7,,9,-0.72375,-0.46875
green_box_quarter,green_box_1_25pct,rank_low_3 -> green_box_quarter::green_box_1_25pct,rank_low_to_high_anchor,8,93.851562,,0.922656,0.779375,50.0,100.0,87.5,100.0,100.0,,3,8,0.256406,0.04375
red_box_quarter,red_box_1_25pct,L4 -> red_box_quarter::red_box_1_25pct,level_name_anchor,5,93.846875,L4,0.7245,0.66125,60.0,100.0,100.0,100.0,100.0,,,5,0.5385,0.66125
red_box_quarter,red_box_1_25pct,L4 -> red_box_quarter::red_box_1_25pct,l4_l7_anchor,5,93.846875,L4,0.7245,0.66125,60.0,100.0,100.0,100.0,100.0,,,5,0.5385,0.66125
red_box_quarter,red_box_1_25pct,rank_high_4 -> red_box_quarter::red_box_1_25pct,rank_high_to_low_anchor,5,93.846875,,0.7245,0.66125,60.0,100.0,100.0,100.0,100.0,4,,5,0.5385,0.66125
prior_hlc,previous_close,L5 -> prior_hlc::previous_close,level_name_anchor,10,93.75,L5,1.295,0.9,60.0,100.0,70.0,100.0,100.0,,,10,-0.581,-0.06
prior_hlc,previous_close,L5 -> prior_hlc::previous_close,l4_l7_anchor,10,93.75,L5,1.295,0.9,60.0,100.0,70.0,100.0,100.0,,,10,-0.581,-0.06
prior_hlc,previous_close,rank_high_5 -> prior_hlc::previous_close,rank_high_to_low_anchor,10,93.75,,1.295,0.9,60.0,100.0,70.0,100.0,100.0,5,,10,-0.581,-0.06
prior_hlc,previous_pivot_hlc3,rank_low_6 -> prior_hlc::previous_pivot_hlc3,rank_low_to_high_anchor,7,93.625,,1.050952,0.83,71.428571,100.0,71.428571,100.0,100.0,,6,7,0.116667,0.003333
green_box_midline,green_mid_1,L7 -> green_box_midline::green_mid_1,level_name_anchor,6,93.49375,L7,0.929583,0.8425,50.0,100.0,100.0,100.0,100.0,,,6,0.360417,0.0475
green_box_midline,green_mid_1,L7 -> green_box_midline::green_mid_1,l4_l7_anchor,6,93.49375,L7,0.929583,0.8425,50.0,100.0,100.0,100.0,100.0,,,6,0.360417,0.0475
green_box_midline,green_mid_1,rank_high_7 -> green_box_midline::green_mid_1,rank_high_to_low_anchor,6,93.49375,,0.929583,0.8425,50.0,100.0,100.0,100.0,100.0,7,,6,0.360417,0.0475
prior_hlc,previous_mid,L5 -> prior_hlc::previous_mid,level_name_anchor,8,93.3875,L5,1.148125,0.965,50.0,100.0,75.0,100.0,100.0,,,8,0.664375,0.3725
prior_hlc,previous_mid,L5 -> prior_hlc::previous_mid,l4_l7_anchor,8,93.3875,L5,1.148125,0.965,50.0,100.0,75.0,100.0,100.0,,,8,0.664375,0.3725
prior_hlc,previous_mid,rank_high_5 -> prior_hlc::previous_mid,rank_high_to_low_anchor,8,93.3875,,1.148125,0.965,50.0,100.0,75.0,100.0,100.0,5,,8,0.664375,0.3725
red_box_quarter,red_box_2_25pct,L5 -> red_box_quarter::red_box_2_25pct,level_name_anchor,7,93.334375,L5,0.726429,0.94625,71.428571,100.0,100.0,100.0,100.0,,,7,0.273571,-0.02875
red_box_quarter,red_box_2_25pct,L5 -> red_box_quarter::red_box_2_25pct,l4_l7_anchor,7,93.334375,L5,0.726429,0.94625,71.428571,100.0,100.0,100.0,100.0,,,7,0.273571,-0.02875
red_box_quarter,red_box_2_25pct,rank_high_5 -> red_box_quarter::red_box_2_25pct,rank_high_to_low_anchor,7,93.334375,,0.726429,0.94625,71.428571,100.0,100.0,100.0,100.0,5,,7,0.273571,-0.02875
red_box_edge,red_edge_1,rank_low_4 -> red_box_edge::red_edge_1,rank_low_to_high_anchor,10,93.275,,1.237,1.09,50.0,100.0,80.0,100.0,100.0,,4,10,0.719,0.93
red_box_quarter,red_box_1_25pct,rank_low_5 -> red_box_quarter::red_box_1_25pct,rank_low_to_high_anchor,7,93.15,,0.96,1.02,42.857143,100.0,100.0,100.0,100.0,,5,7,-0.149286,-0.6575
prior_range_fraction,prev_range_0.333333,rank_low_4 -> prior_range_fraction::prev_range_0.333333,rank_low_to_high_anchor,5,93.141462,,0.768746,0.943415,80.0,100.0,100.0,100.0,100.0,,4,5,0.768746,0.943415
prior_range_fraction,prev_range_0.875,L5 -> prior_range_fraction::prev_range_0.875,level_name_anchor,7,92.8,L5,1.02125,1.16,42.857143,100.0,85.714286,100.0,100.0,,,7,0.059464,-0.1575
prior_range_fraction,prev_range_0.875,L5 -> prior_range_fraction::prev_range_0.875,l4_l7_anchor,7,92.8,L5,1.02125,1.16,42.857143,100.0,85.714286,100.0,100.0,,,7,0.059464,-0.1575
prior_range_fraction,prev_range_0.875,rank_high_5 -> prior_range_fraction::prev_range_0.875,rank_high_to_low_anchor,7,92.8,,1.02125,1.16,42.857143,100.0,85.714286,100.0,100.0,5,,7,0.059464,-0.1575
green_box_quarter,green_box_1_25pct,L5 -> green_box_quarter::green_box_1_25pct,level_name_anchor,8,92.796875,L5,1.348438,1.20125,25.0,100.0,75.0,100.0,100.0,,,8,0.099687,-0.38375
green_box_quarter,green_box_1_25pct,L5 -> green_box_quarter::green_box_1_25pct,l4_l7_anchor,8,92.796875,L5,1.348438,1.20125,25.0,100.0,75.0,100.0,100.0,,,8,0.099687,-0.38375
prior_range_fraction,prev_range_0.333333,L5 -> prior_range_fraction::prev_range_0.333333,level_name_anchor,6,92.729274,L5,0.898335,1.14829,33.333333,100.0,100.0,100.0,100.0,,,6,-0.291632,-0.458314
prior_range_fraction,prev_range_0.333333,L5 -> prior_range_fraction::prev_range_0.333333,l4_l7_anchor,6,92.729274,L5,0.898335,1.14829,33.333333,100.0,100.0,100.0,100.0,,,6,-0.291632,-0.458314
prior_range_fraction,prev_range_0.333333,rank_high_5 -> prior_range_fraction::prev_range_0.333333,rank_high_to_low_anchor,6,92.729274,,0.898335,1.14829,33.333333,100.0,100.0,100.0,100.0,5,,6,-0.291632,-0.458314
prior_range_fraction,prev_range_0.666667,rank_low_5 -> prior_range_fraction::prev_range_0.666667,rank_low_to_high_anchor,5,92.666725,,1.151979,1.13331,20.0,100.0,100.0,100.0,100.0,,5,5,1.151979,1.13331
red_box_midline,red_mid_1,rank_low_5 -> red_box_midline::red_mid_1,rank_low_to_high_anchor,7,92.5875,,1.234643,1.245,28.571429,100.0,100.0,100.0,100.0,,5,7,0.813214,1.2025
prior_hlc,previous_pivot_hlc3,L6 -> prior_hlc::previous_pivot_hlc3,level_name_anchor,6,92.570834,L6,1.313333,1.211666,50.0,100.0,83.333333,100.0,100.0,,,6,-0.107778,-0.243333
prior_hlc,previous_pivot_hlc3,L6 -> prior_hlc::previous_pivot_hlc3,l4_l7_anchor,6,92.570834,L6,1.313333,1.211666,50.0,100.0,83.333333,100.0,100.0,,,6,-0.107778,-0.243333
prior_hlc,previous_pivot_hlc3,rank_high_6 -> prior_hlc::previous_pivot_hlc3,rank_high_to_low_anchor,6,92.570834,,1.313333,1.211666,50.0,100.0,83.333333,100.0,100.0,6,,6,-0.107778,-0.243333
green_box_quarter,green_box_1_25pct,rank_high_5 -> green_box_quarter::green_box_1_25pct,rank_high_to_low_anchor,7,92.425,,1.385,1.31,28.571429,100.0,71.428571,100.0,100.0,5,,7,0.27,-0.18875
prior_range_fraction,prev_range_0.75,L4 -> prior_range_fraction::prev_range_0.75,level_name_anchor,9,92.275,L4,1.5675,1.45,11.111111,100.0,66.666667,100.0,100.0,,,9,-0.470833,-1.0625
prior_range_fraction,prev_range_0.75,L4 -> prior_range_fraction::prev_range_0.75,l4_l7_anchor,9,92.275,L4,1.5675,1.45,11.111111,100.0,66.666667,100.0,100.0,,,9,-0.470833,-1.0625
prior_range_fraction,prev_range_0.75,rank_high_4 -> prior_range_fraction::prev_range_0.75,rank_high_to_low_anchor,9,92.275,,1.5675,1.45,11.111111,100.0,66.666667,100.0,100.0,4,,9,-0.470833,-1.0625
prior_hlc,previous_mid,L7 -> prior_hlc::previous_mid,level_name_anchor,5,92.275,L7,1.336,1.29,40.0,100.0,60.0,100.0,100.0,,,5,-1.144,-1.29
prior_hlc,previous_mid,L7 -> prior_hlc::previous_mid,l4_l7_anchor,5,92.275,L7,1.336,1.29,40.0,100.0,60.0,100.0,100.0,,,5,-1.144,-1.29
prior_hlc,previous_mid,rank_high_7 -> prior_hlc::previous_mid,rank_high_to_low_anchor,5,92.275,,1.336,1.29,40.0,100.0,60.0,100.0,100.0,7,,5,-1.144,-1.29
prior_range_fraction,prev_range_0.75,rank_low_5 -> prior_range_fraction::prev_range_0.75,rank_low_to_high_anchor,7,92.075,,1.465357,1.45,28.571429,100.0,85.714286,100.0,100.0,,5,7,-0.656071,-1.2575
prior_range_fraction,prev_range_0.382,L5 -> prior_range_fraction::prev_range_0.382,level_name_anchor,5,91.97115,L5,1.347536,1.41154,40.0,100.0,60.0,100.0,100.0,,,5,1.219112,1.41154
prior_range_fraction,prev_range_0.382,L5 -> prior_range_fraction::prev_range_0.382,l4_l7_anchor,5,91.97115,L5,1.347536,1.41154,40.0,100.0,60.0,100.0,100.0,,,5,1.219112,1.41154
prior_range_fraction,prev_range_0.382,rank_high_5 -> prior_range_fraction::prev_range_0.382,rank_high_to_low_anchor,5,91.97115,,1.347536,1.41154,40.0,100.0,60.0,100.0,100.0,5,,5,1.219112,1.41154
prior_range_fraction,prev_range_0.875,L2 -> prior_range_fraction::prev_range_0.875,level_name_anchor,5,91.7625,L2,1.5235,1.495,40.0,100.0,60.0,100.0,100.0,,,5,1.1975,1.495
prior_range_fraction,prev_range_0.875,rank_high_2 -> prior_range_fraction::prev_range_0.875,rank_high_to_low_anchor,6,91.540625,,1.561667,1.62375,33.333333,100.0,66.666667,100.0,100.0,2,,6,1.29,1.62375
prior_hlc,previous_pivot_hlc3,rank_low_5 -> prior_hlc::previous_pivot_hlc3,rank_low_to_high_anchor,13,90.388462,,1.486667,0.98,53.846154,100.0,69.230769,92.307692,100.0,,5,13,-0.702051,-0.503333
prior_range_fraction,prev_range_0.382,rank_low_5 -> prior_range_fraction::prev_range_0.382,rank_low_to_high_anchor,9,90.0742,,0.985116,0.33032,77.777778,100.0,77.777778,88.888889,100.0,,5,9,0.034364,-0.12216
prior_range_fraction,prev_range_0.875,rank_low_6 -> prior_range_fraction::prev_range_0.875,rank_low_to_high_anchor,13,89.372837,,1.441538,1.38625,38.461538,100.0,76.923077,92.307692,100.0,,6,13,0.607308,-0.14875
green_box_quarter,green_box_1_25pct,rank_low_4 -> green_box_quarter::green_box_1_25pct,rank_low_to_high_anchor,12,89.104688,,1.495521,1.338125,25.0,100.0,75.0,91.666667,100.0,,4,12,0.469062,0.46625
green_box_edge,green_edge_1,rank_low_6 -> green_box_edge::green_edge_1,rank_low_to_high_anchor,8,89.0375,,1.110625,0.455,75.0,100.0,87.5,87.5,100.0,,6,8,-0.400625,-0.1025
green_box_quarter,green_box_1_75pct,rank_low_5 -> green_box_quarter::green_box_1_75pct,rank_low_to_high_anchor,12,88.959375,,1.410625,1.39625,33.333333,100.0,75.0,91.666667,100.0,,5,12,-0.442292,-0.9625
red_box_edge,red_edge_1,L7 -> red_box_edge::red_edge_1,level_name_anchor,11,88.934091,L7,1.685,1.23,36.363636,100.0,72.727273,90.909091,100.0,,,11,0.691364,0.875
red_box_edge,red_edge_1,L7 -> red_box_edge::red_edge_1,l4_l7_anchor,11,88.934091,L7,1.685,1.23,36.363636,100.0,72.727273,90.909091,100.0,,,11,0.691364,0.875
red_box_edge,red_edge_1,rank_high_7 -> red_box_edge::red_edge_1,rank_high_to_low_anchor,11,88.934091,,1.685,1.23,36.363636,100.0,72.727273,90.909091,100.0,7,,11,0.691364,0.875
prior_range_fraction,prev_range_0.382,L6 -> prior_range_fraction::prev_range_0.382,level_name_anchor,10,88.869575,L6,1.327552,1.05217,50.0,100.0,80.0,90.0,100.0,,,10,0.459564,0.13201
prior_range_fraction,prev_range_0.382,L6 -> prior_range_fraction::prev_range_0.382,l4_l7_anchor,10,88.869575,L6,1.327552,1.05217,50.0,100.0,80.0,90.0,100.0,,,10,0.459564,0.13201
prior_range_fraction,prev_range_0.382,rank_high_6 -> prior_range_fraction::prev_range_0.382,rank_high_to_low_anchor,10,88.869575,,1.327552,1.05217,50.0,100.0,80.0,90.0,100.0,6,,10,0.459564,0.13201
prior_range_fraction,prev_range_0.75,L5 -> prior_range_fraction::prev_range_0.75,level_name_anchor,11,88.865341,L5,1.443409,1.2575,45.454545,100.0,63.636364,90.909091,100.0,,,11,-0.136136,0.065
prior_range_fraction,prev_range_0.75,L5 -> prior_range_fraction::prev_range_0.75,l4_l7_anchor,11,88.865341,L5,1.443409,1.2575,45.454545,100.0,63.636364,90.909091,100.0,,,11,-0.136136,0.065
prior_range_fraction,prev_range_0.75,rank_high_5 -> prior_range_fraction::prev_range_0.75,rank_high_to_low_anchor,11,88.865341,,1.443409,1.2575,45.454545,100.0,63.636364,90.909091,100.0,5,,11,-0.136136,0.065
prior_hlc,previous_close,rank_low_5 -> prior_hlc::previous_close,rank_low_to_high_anchor,12,88.625,,1.635,1.53,41.666667,100.0,58.333333,91.666667,100.0,,5,12,-0.226667,0.35
green_box_quarter,green_box_1_25pct,L6 -> green_box_quarter::green_box_1_25pct,level_name_anchor,8,88.398438,L6,1.317031,0.710625,62.5,100.0,75.0,87.5,100.0,,,8,1.126094,0.46625
green_box_quarter,green_box_1_25pct,L6 -> green_box_quarter::green_box_1_25pct,l4_l7_anchor,8,88.398438,L6,1.317031,0.710625,62.5,100.0,75.0,87.5,100.0,,,8,1.126094,0.46625
green_box_quarter,green_box_1_25pct,rank_high_6 -> green_box_quarter::green_box_1_25pct,rank_high_to_low_anchor,8,88.398438,,1.317031,0.710625,62.5,100.0,75.0,87.5,100.0,6,,8,1.126094,0.46625
prior_hlc,previous_mid,rank_low_5 -> prior_hlc::previous_mid,rank_low_to_high_anchor,8,88.08125,,1.2075,0.8375,50.0,100.0,75.0,87.5,100.0,,5,8,0.2475,-0.0675
red_box_quarter,red_box_1_75pct,rank_low_4 -> red_box_quarter::red_box_1_75pct,rank_low_to_high_anchor,8,87.895312,,1.221562,0.911875,50.0,100.0,87.5,87.5,100.0,,4,8,0.291875,-0.040625
prior_range_fraction,prev_range_0.125,rank_low_3 -> prior_range_fraction::prev_range_0.125,rank_low_to_high_anchor,10,86.921875,,1.751125,0.83125,70.0,100.0,70.0,90.0,90.0,,3,10,-1.275625,-0.485625
prior_range_fraction,prev_range_0.25,rank_low_3 -> prior_range_fraction::prev_range_0.25,rank_low_to_high_anchor,7,86.921429,,1.220714,0.94,57.142857,100.0,85.714286,85.714286,100.0,,3,7,-0.663571,-0.79
prior_range_fraction,prev_range_0.125,rank_high_7 -> prior_range_fraction::prev_range_0.125,rank_high_to_low_anchor,13,86.883173,,1.580192,0.9975,53.846154,100.0,76.923077,84.615385,100.0,7,,13,-1.215577,-0.45625
prior_range_fraction,prev_range_0.875,rank_low_7 -> prior_range_fraction::prev_range_0.875,rank_low_to_high_anchor,8,86.828125,,1.510312,1.33875,50.0,100.0,62.5,87.5,100.0,,7,8,0.49375,-0.4075
red_box_edge,red_edge_1,L5 -> red_box_edge::red_edge_1,level_name_anchor,7,86.808929,L5,1.579286,0.985,57.142857,100.0,57.142857,85.714286,100.0,,,7,-0.679286,-0.83
red_box_edge,red_edge_1,L5 -> red_box_edge::red_edge_1,l4_l7_anchor,7,86.808929,L5,1.579286,0.985,57.142857,100.0,57.142857,85.714286,100.0,,,7,-0.679286,-0.83
red_box_edge,red_edge_1,rank_high_5 -> red_box_edge::red_edge_1,rank_high_to_low_anchor,7,86.808929,,1.579286,0.985,57.142857,100.0,57.142857,85.714286,100.0,5,,7,-0.679286,-0.83
red_box_midline,red_mid_1,L5 -> red_box_midline::red_mid_1,level_name_anchor,10,86.290625,L5,2.4625,1.08375,50.0,90.0,80.0,90.0,90.0,,,10,-0.8545,0.52875
red_box_midline,red_mid_1,L5 -> red_box_midline::red_mid_1,l4_l7_anchor,10,86.290625,L5,2.4625,1.08375,50.0,90.0,80.0,90.0,90.0,,,10,-0.8545,0.52875
red_box_midline,red_mid_1,rank_high_5 -> red_box_midline::red_mid_1,rank_high_to_low_anchor,10,86.290625,,2.4625,1.08375,50.0,90.0,80.0,90.0,90.0,5,,10,-0.8545,0.52875
green_box_quarter,green_box_2_25pct,L4 -> green_box_quarter::green_box_2_25pct,level_name_anchor,6,86.251562,L4,1.559792,0.739375,66.666667,100.0,66.666667,83.333333,100.0,,,6,1.088125,0.360625
green_box_quarter,green_box_2_25pct,L4 -> green_box_quarter::green_box_2_25pct,l4_l7_anchor,6,86.251562,L4,1.559792,0.739375,66.666667,100.0,66.666667,83.333333,100.0,,,6,1.088125,0.360625
green_box_quarter,green_box_2_25pct,rank_high_4 -> green_box_quarter::green_box_2_25pct,rank_high_to_low_anchor,6,86.251562,,1.559792,0.739375,66.666667,100.0,66.666667,83.333333,100.0,4,,6,1.088125,0.360625
green_box_quarter,green_box_1_75pct,L4 -> green_box_quarter::green_box_1_75pct,level_name_anchor,11,85.946307,L4,1.394659,0.78875,54.545455,100.0,63.636364,81.818182,100.0,,,11,-0.128977,-0.22
green_box_quarter,green_box_1_75pct,L4 -> green_box_quarter::green_box_1_75pct,l4_l7_anchor,11,85.946307,L4,1.394659,0.78875,54.545455,100.0,63.636364,81.818182,100.0,,,11,-0.128977,-0.22
red_box_quarter,red_box_2_25pct,rank_low_3 -> red_box_quarter::red_box_2_25pct,rank_low_to_high_anchor,10,85.859375,,1.89125,2.25625,40.0,100.0,50.0,90.0,100.0,,3,10,-0.99425,-1.231875
prior_range_fraction,prev_range_0.333333,L6 -> prior_range_fraction::prev_range_0.333333,level_name_anchor,9,85.763685,L6,1.553756,0.943415,66.666667,100.0,66.666667,88.888889,88.888889,,,9,1.511543,0.943415
prior_range_fraction,prev_range_0.333333,L6 -> prior_range_fraction::prev_range_0.333333,l4_l7_anchor,9,85.763685,L6,1.553756,0.943415,66.666667,100.0,66.666667,88.888889,88.888889,,,9,1.511543,0.943415
prior_range_fraction,prev_range_0.333333,rank_high_6 -> prior_range_fraction::prev_range_0.333333,rank_high_to_low_anchor,9,85.763685,,1.553756,0.943415,66.666667,100.0,66.666667,88.888889,88.888889,6,,9,1.511543,0.943415
prior_range_fraction,prev_range_0.125,L7 -> prior_range_fraction::prev_range_0.125,level_name_anchor,12,85.528125,L7,1.659271,1.26875,50.0,100.0,75.0,83.333333,100.0,,,12,-1.369479,-0.998125
prior_range_fraction,prev_range_0.125,L7 -> prior_range_fraction::prev_range_0.125,l4_l7_anchor,12,85.528125,L7,1.659271,1.26875,50.0,100.0,75.0,83.333333,100.0,,,12,-1.369479,-0.998125
red_box_quarter,red_box_1_75pct,L6 -> red_box_quarter::red_box_1_75pct,level_name_anchor,6,85.425,L6,1.432708,1.07,50.0,100.0,66.666667,83.333333,100.0,,,6,0.719375,0.300625
red_box_quarter,red_box_1_75pct,L6 -> red_box_quarter::red_box_1_75pct,l4_l7_anchor,6,85.425,L6,1.432708,1.07,50.0,100.0,66.666667,83.333333,100.0,,,6,0.719375,0.300625
red_box_quarter,red_box_1_75pct,rank_high_6 -> red_box_quarter::red_box_1_75pct,rank_high_to_low_anchor,6,85.425,,1.432708,1.07,50.0,100.0,66.666667,83.333333,100.0,6,,6,0.719375,0.300625
prior_range_fraction,prev_range_0.875,L3 -> prior_range_fraction::prev_range_0.875,level_name_anchor,8,85.240625,L3,2.067344,0.72375,62.5,87.5,87.5,87.5,87.5,,,8,1.440781,0.02875
green_box_quarter,green_box_2_25pct,L3 -> green_box_quarter::green_box_2_25pct,level_name_anchor,5,85.134375,L3,1.284,0.54625,60.0,100.0,60.0,80.0,100.0,,,5,-1.0655,-0.07875
green_box_quarter,green_box_2_25pct,rank_high_3 -> green_box_quarter::green_box_2_25pct,rank_high_to_low_anchor,5,85.134375,,1.284,0.54625,60.0,100.0,60.0,80.0,100.0,3,,5,-1.0655,-0.07875
green_box_midline,green_mid_1,rank_low_5 -> green_box_midline::green_mid_1,rank_low_to_high_anchor,6,85.10625,,1.335833,1.1975,33.333333,100.0,83.333333,83.333333,100.0,,5,6,-0.7,-0.825
prior_hlc,previous_pivot_hlc3,L4 -> prior_hlc::previous_pivot_hlc3,level_name_anchor,5,84.566668,L4,1.191333,0.773333,80.0,100.0,80.0,80.0,100.0,,,5,-0.583333,-0.366667
prior_hlc,previous_pivot_hlc3,L4 -> prior_hlc::previous_pivot_hlc3,l4_l7_anchor,5,84.566668,L4,1.191333,0.773333,80.0,100.0,80.0,80.0,100.0,,,5,-0.583333,-0.366667
prior_hlc,previous_pivot_hlc3,rank_high_4 -> prior_hlc::previous_pivot_hlc3,rank_high_to_low_anchor,5,84.566668,,1.191333,0.773333,80.0,100.0,80.0,80.0,100.0,4,,5,-0.583333,-0.366667
red_box_quarter,red_box_2_25pct,rank_low_4 -> red_box_quarter::red_box_2_25pct,rank_low_to_high_anchor,13,84.340385,,1.340577,0.63,53.846154,100.0,76.923077,76.923077,100.0,,4,13,-0.521538,-0.1275
prior_range_fraction,prev_range_0.875,rank_high_3 -> prior_range_fraction::prev_range_0.875,rank_high_to_low_anchor,7,84.265625,,2.112321,0.57375,71.428571,85.714286,85.714286,85.714286,85.714286,3,,7,1.39625,-0.23125
red_box_midline,red_mid_1,L6 -> red_box_midline::red_mid_1,level_name_anchor,6,84.159375,L6,1.83875,1.57625,16.666667,100.0,66.666667,83.333333,100.0,,,6,-0.787917,-0.65125
red_box_midline,red_mid_1,L6 -> red_box_midline::red_mid_1,l4_l7_anchor,6,84.159375,L6,1.83875,1.57625,16.666667,100.0,66.666667,83.333333,100.0,,,6,-0.787917,-0.65125
red_box_midline,red_mid_1,rank_high_6 -> red_box_midline::red_mid_1,rank_high_to_low_anchor,6,84.159375,,1.83875,1.57625,16.666667,100.0,66.666667,83.333333,100.0,6,,6,-0.787917,-0.65125
prior_range_fraction,prev_range_0.875,rank_low_5 -> prior_range_fraction::prev_range_0.875,rank_low_to_high_anchor,8,84.0875,,2.358906,1.185,37.5,87.5,75.0,87.5,87.5,,5,8,1.313281,0.11
green_box_quarter,green_box_1_25pct,rank_low_5 -> green_box_quarter::green_box_1_25pct,rank_low_to_high_anchor,5,83.809375,,1.63275,1.07625,40.0,100.0,80.0,80.0,100.0,,5,5,0.33375,-0.76375
prior_range_fraction,prev_range_0.75,rank_low_6 -> prior_range_fraction::prev_range_0.75,rank_low_to_high_anchor,11,83.711932,,1.711818,1.6825,27.272727,100.0,54.545455,81.818182,100.0,,6,11,0.126364,0.065
green_box_quarter,green_box_1_75pct,rank_high_4 -> green_box_quarter::green_box_1_75pct,rank_high_to_low_anchor,10,83.60625,,1.485375,1.3575,50.0,100.0,60.0,80.0,100.0,4,,10,-0.093125,-0.085625
prior_range_fraction,prev_range_0.618,L4 -> prior_range_fraction::prev_range_0.618,level_name_anchor,6,83.60135,L4,1.779893,1.79946,33.333333,100.0,50.0,83.333333,100.0,,,6,-1.32028,-1.20905
prior_range_fraction,prev_range_0.618,L4 -> prior_range_fraction::prev_range_0.618,l4_l7_anchor,6,83.60135,L4,1.779893,1.79946,33.333333,100.0,50.0,83.333333,100.0,,,6,-1.32028,-1.20905
prior_range_fraction,prev_range_0.618,rank_high_4 -> prior_range_fraction::prev_range_0.618,rank_high_to_low_anchor,6,83.60135,,1.779893,1.79946,33.333333,100.0,50.0,83.333333,100.0,4,,6,-1.32028,-1.20905
red_box_quarter,red_box_1_75pct,L4 -> red_box_quarter::red_box_1_75pct,level_name_anchor,5,83.284375,L4,1.80575,1.28625,20.0,100.0,80.0,80.0,100.0,,,5,-1.57275,-1.28625
red_box_quarter,red_box_1_75pct,L4 -> red_box_quarter::red_box_1_75pct,l4_l7_anchor,5,83.284375,L4,1.80575,1.28625,20.0,100.0,80.0,80.0,100.0,,,5,-1.57275,-1.28625
red_box_quarter,red_box_1_75pct,rank_high_4 -> red_box_quarter::red_box_1_75pct,rank_high_to_low_anchor,5,83.284375,,1.80575,1.28625,20.0,100.0,80.0,80.0,100.0,4,,5,-1.57275,-1.28625
prior_hlc,previous_mid,L6 -> prior_hlc::previous_mid,level_name_anchor,8,83.2625,L6,1.27875,0.515,62.5,100.0,75.0,75.0,100.0,,,8,1.195,0.515
prior_hlc,previous_mid,L6 -> prior_hlc::previous_mid,l4_l7_anchor,8,83.2625,L6,1.27875,0.515,62.5,100.0,75.0,75.0,100.0,,,8,1.195,0.515
prior_hlc,previous_mid,rank_high_6 -> prior_hlc::previous_mid,rank_high_to_low_anchor,8,83.2625,,1.27875,0.515,62.5,100.0,75.0,75.0,100.0,6,,8,1.195,0.515
prior_hlc,previous_close,L6 -> prior_hlc::previous_close,level_name_anchor,5,82.925,L6,1.858,1.43,40.0,100.0,60.0,80.0,100.0,,,5,-1.286,-0.37
prior_hlc,previous_close,L6 -> prior_hlc::previous_close,l4_l7_anchor,5,82.925,L6,1.858,1.43,40.0,100.0,60.0,80.0,100.0,,,5,-1.286,-0.37
prior_hlc,previous_close,rank_high_6 -> prior_hlc::previous_close,rank_high_to_low_anchor,5,82.925,,1.858,1.43,40.0,100.0,60.0,80.0,100.0,6,,5,-1.286,-0.37
red_box_quarter,red_box_1_25pct,L5 -> red_box_quarter::red_box_1_25pct,level_name_anchor,7,82.909375,L5,1.980536,1.11625,28.571429,100.0,85.714286,85.714286,85.714286,,,7,-0.71375,-0.6575
red_box_quarter,red_box_1_25pct,L5 -> red_box_quarter::red_box_1_25pct,l4_l7_anchor,7,82.909375,L5,1.980536,1.11625,28.571429,100.0,85.714286,85.714286,85.714286,,,7,-0.71375,-0.6575
red_box_quarter,red_box_1_25pct,rank_high_5 -> red_box_quarter::red_box_1_25pct,rank_high_to_low_anchor,7,82.909375,,1.980536,1.11625,28.571429,100.0,85.714286,85.714286,85.714286,5,,7,-0.71375,-0.6575
prior_range_fraction,prev_range_0.25,L6 -> prior_range_fraction::prev_range_0.25,level_name_anchor,7,82.81875,L6,1.863571,1.1525,28.571429,100.0,71.428571,85.714286,85.714286,,,7,-0.822143,-0.79
prior_range_fraction,prev_range_0.25,L6 -> prior_range_fraction::prev_range_0.25,l4_l7_anchor,7,82.81875,L6,1.863571,1.1525,28.571429,100.0,71.428571,85.714286,85.714286,,,7,-0.822143,-0.79
prior_range_fraction,prev_range_0.25,rank_high_6 -> prior_range_fraction::prev_range_0.25,rank_high_to_low_anchor,7,82.81875,,1.863571,1.1525,28.571429,100.0,71.428571,85.714286,85.714286,6,,7,-0.822143,-0.79
red_box_quarter,red_box_3_75pct,L7 -> red_box_quarter::red_box_3_75pct,level_name_anchor,5,82.321875,L7,1.83675,1.67125,40.0,100.0,60.0,80.0,100.0,,,5,-1.31825,-1.67125
red_box_quarter,red_box_3_75pct,L7 -> red_box_quarter::red_box_3_75pct,l4_l7_anchor,5,82.321875,L7,1.83675,1.67125,40.0,100.0,60.0,80.0,100.0,,,5,-1.31825,-1.67125
red_box_quarter,red_box_3_75pct,rank_high_7 -> red_box_quarter::red_box_3_75pct,rank_high_to_low_anchor,5,82.321875,,1.83675,1.67125,40.0,100.0,60.0,80.0,100.0,7,,5,-1.31825,-1.67125
red_box_midline,red_mid_1,rank_low_7 -> red_box_midline::red_mid_1,rank_low_to_high_anchor,5,81.7375,,1.6655,1.905,40.0,100.0,60.0,80.0,100.0,,7,5,0.3895,-0.025
prior_range_fraction,prev_range_0.875,L4 -> prior_range_fraction::prev_range_0.875,level_name_anchor,13,81.634135,L4,2.004038,1.7125,30.769231,100.0,61.538462,76.923077,100.0,,,13,0.878077,0.5475
prior_range_fraction,prev_range_0.875,L4 -> prior_range_fraction::prev_range_0.875,l4_l7_anchor,13,81.634135,L4,2.004038,1.7125,30.769231,100.0,61.538462,76.923077,100.0,,,13,0.878077,0.5475
prior_range_fraction,prev_range_0.875,rank_high_4 -> prior_range_fraction::prev_range_0.875,rank_high_to_low_anchor,13,81.634135,,2.004038,1.7125,30.769231,100.0,61.538462,76.923077,100.0,4,,13,0.878077,0.5475
red_box_quarter,red_box_1_75pct,L5 -> red_box_quarter::red_box_1_75pct,level_name_anchor,7,81.499107,L5,1.250536,0.5375,71.428571,100.0,71.428571,71.428571,100.0,,,7,-1.015179,-0.355
red_box_quarter,red_box_1_75pct,L5 -> red_box_quarter::red_box_1_75pct,l4_l7_anchor,7,81.499107,L5,1.250536,0.5375,71.428571,100.0,71.428571,71.428571,100.0,,,7,-1.015179,-0.355
red_box_quarter,red_box_1_75pct,rank_high_5 -> red_box_quarter::red_box_1_75pct,rank_high_to_low_anchor,7,81.499107,,1.250536,0.5375,71.428571,100.0,71.428571,71.428571,100.0,5,,7,-1.015179,-0.355
red_box_midline,red_mid_4,L10 -> red_box_midline::red_mid_4,level_name_anchor,5,81.46875,L10,2.3895,2.0125,0.0,100.0,40.0,80.0,100.0,,,5,1.7425,2.0125
red_box_midline,red_mid_4,rank_high_10 -> red_box_midline::red_mid_4,rank_high_to_low_anchor,5,81.46875,,2.3895,2.0125,0.0,100.0,40.0,80.0,100.0,10,,5,1.7425,2.0125
red_box_midline,red_mid_1,rank_low_6 -> red_box_midline::red_mid_1,rank_low_to_high_anchor,6,81.414583,,3.36375,1.0075,50.0,83.333333,66.666667,83.333333,83.333333,,6,6,-2.197083,-0.5075
prior_range_fraction,prev_range_0.382,L7 -> prior_range_fraction::prev_range_0.382,level_name_anchor,8,81.36055,L7,1.764707,1.27578,37.5,100.0,75.0,75.0,100.0,,,8,1.539082,1.27578
prior_range_fraction,prev_range_0.382,L7 -> prior_range_fraction::prev_range_0.382,l4_l7_anchor,8,81.36055,L7,1.764707,1.27578,37.5,100.0,75.0,75.0,100.0,,,8,1.539082,1.27578
prior_range_fraction,prev_range_0.382,rank_high_7 -> prior_range_fraction::prev_range_0.382,rank_high_to_low_anchor,8,81.36055,,1.764707,1.27578,37.5,100.0,75.0,75.0,100.0,7,,8,1.539082,1.27578
green_box_quarter,green_box_1_75pct,L6 -> green_box_quarter::green_box_1_75pct,level_name_anchor,8,81.08125,L6,1.901094,1.3875,25.0,100.0,62.5,75.0,100.0,,,8,0.002969,-0.068125
green_box_quarter,green_box_1_75pct,L6 -> green_box_quarter::green_box_1_75pct,l4_l7_anchor,8,81.08125,L6,1.901094,1.3875,25.0,100.0,62.5,75.0,100.0,,,8,0.002969,-0.068125
green_box_quarter,green_box_1_75pct,rank_high_6 -> green_box_quarter::green_box_1_75pct,rank_high_to_low_anchor,8,81.08125,,1.901094,1.3875,25.0,100.0,62.5,75.0,100.0,6,,8,0.002969,-0.068125
prior_range_fraction,prev_range_0.25,L8 -> prior_range_fraction::prev_range_0.25,level_name_anchor,5,80.7125,L8,2.0585,2.315,20.0,100.0,40.0,80.0,100.0,,,5,-0.7285,-0.7925
prior_range_fraction,prev_range_0.25,rank_high_8 -> prior_range_fraction::prev_range_0.25,rank_high_to_low_anchor,5,80.7125,,2.0585,2.315,20.0,100.0,40.0,80.0,100.0,8,,5,-0.7285,-0.7925
prior_range_fraction,prev_range_0.382,rank_low_4 -> prior_range_fraction::prev_range_0.382,rank_low_to_high_anchor,15,80.14035,,2.105997,1.74386,20.0,100.0,60.0,73.333333,100.0,,4,15,1.293189,1.43848
green_box_edge,green_edge_1,L3 -> green_box_edge::green_edge_1,level_name_anchor,5,80.0625,L3,1.761,0.575,60.0,100.0,80.0,80.0,80.0,,,5,1.205,-0.09
green_box_edge,green_edge_1,rank_high_3 -> green_box_edge::green_edge_1,rank_high_to_low_anchor,5,80.0625,,1.761,0.575,60.0,100.0,80.0,80.0,80.0,3,,5,1.205,-0.09
red_box_edge,red_edge_1,rank_low_5 -> red_box_edge::red_edge_1,rank_low_to_high_anchor,5,79.425,,2.288,0.83,60.0,100.0,80.0,80.0,80.0,,5,5,-2.15,-0.83
green_box_quarter,green_box_1_75pct,L5 -> green_box_quarter::green_box_1_75pct,level_name_anchor,7,79.249107,L5,1.939286,1.4375,28.571429,100.0,57.142857,71.428571,100.0,,,7,0.269643,0.02375
green_box_quarter,green_box_1_75pct,L5 -> green_box_quarter::green_box_1_75pct,l4_l7_anchor,7,79.249107,L5,1.939286,1.4375,28.571429,100.0,57.142857,71.428571,100.0,,,7,0.269643,0.02375
green_box_quarter,green_box_1_75pct,rank_high_5 -> green_box_quarter::green_box_1_75pct,rank_high_to_low_anchor,7,79.249107,,1.939286,1.4375,28.571429,100.0,57.142857,71.428571,100.0,5,,7,0.269643,0.02375
green_box_midline,green_mid_2,L4 -> green_box_midline::green_mid_2,level_name_anchor,16,78.821875,L4,2.391875,1.36125,25.0,93.75,56.25,75.0,87.5,,,16,1.150625,1.07125
green_box_midline,green_mid_2,L4 -> green_box_midline::green_mid_2,l4_l7_anchor,16,78.821875,L4,2.391875,1.36125,25.0,93.75,56.25,75.0,87.5,,,16,1.150625,1.07125
green_box_midline,green_mid_2,rank_high_4 -> green_box_midline::green_mid_2,rank_high_to_low_anchor,16,78.821875,,2.391875,1.36125,25.0,93.75,56.25,75.0,87.5,4,,16,1.150625,1.07125
green_box_quarter,green_box_2_25pct,rank_low_6 -> green_box_quarter::green_box_2_25pct,rank_low_to_high_anchor,9,78.465972,,2.055278,1.8625,44.444444,100.0,55.555556,77.777778,88.888889,,6,9,0.860833,0.68625
green_box_midline,green_mid_2,rank_low_5 -> green_box_midline::green_mid_2,rank_low_to_high_anchor,5,78.06875,,2.7885,1.3725,40.0,100.0,60.0,80.0,80.0,,5,5,-2.7885,-1.3725
green_box_midline,green_mid_2,L2 -> green_box_midline::green_mid_2,level_name_anchor,12,77.935417,L2,2.35625,1.9725,16.666667,100.0,50.0,75.0,91.666667,,,12,1.805833,1.87375
green_box_midline,green_mid_2,rank_high_2 -> green_box_midline::green_mid_2,rank_high_to_low_anchor,12,77.935417,,2.35625,1.9725,16.666667,100.0,50.0,75.0,91.666667,2,,12,1.805833,1.87375
red_box_quarter,red_box_1_75pct,rank_low_5 -> red_box_quarter::red_box_1_75pct,rank_low_to_high_anchor,7,77.827232,,2.013571,2.00625,28.571429,100.0,42.857143,71.428571,100.0,,5,7,-0.560714,-0.7225
green_box_quarter,green_box_1_25pct,L7 -> green_box_quarter::green_box_1_25pct,level_name_anchor,10,77.659375,L7,2.34125,1.93625,10.0,100.0,50.0,70.0,100.0,,,10,1.73275,1.843125
green_box_quarter,green_box_1_25pct,L7 -> green_box_quarter::green_box_1_25pct,l4_l7_anchor,10,77.659375,L7,2.34125,1.93625,10.0,100.0,50.0,70.0,100.0,,,10,1.73275,1.843125
green_box_quarter,green_box_1_25pct,rank_high_7 -> green_box_quarter::green_box_1_25pct,rank_high_to_low_anchor,10,77.659375,,2.34125,1.93625,10.0,100.0,50.0,70.0,100.0,7,,10,1.73275,1.843125
prior_hlc,previous_high,rank_low_6 -> prior_hlc::previous_high,rank_low_to_high_anchor,22,77.244318,,2.353636,2.255,18.181818,100.0,45.454545,68.181818,100.0,,6,22,0.734545,1.25
red_box_quarter,red_box_1_25pct,rank_low_7 -> red_box_quarter::red_box_1_25pct,rank_low_to_high_anchor,5,77.1875,,2.2615,1.725,20.0,100.0,80.0,80.0,80.0,,7,5,-0.35,1.29625
prior_range_fraction,prev_range_0.125,L6 -> prior_range_fraction::prev_range_0.125,level_name_anchor,6,77.117188,L6,2.253958,1.393125,50.0,100.0,66.666667,66.666667,100.0,,,6,-2.082292,-1.393125
prior_range_fraction,prev_range_0.125,L6 -> prior_range_fraction::prev_range_0.125,l4_l7_anchor,6,77.117188,L6,2.253958,1.393125,50.0,100.0,66.666667,66.666667,100.0,,,6,-2.082292,-1.393125
prior_range_fraction,prev_range_0.125,rank_high_6 -> prior_range_fraction::prev_range_0.125,rank_high_to_low_anchor,6,77.117188,,2.253958,1.393125,50.0,100.0,66.666667,66.666667,100.0,6,,6,-2.082292,-1.393125
prior_range_fraction,prev_range_0.75,rank_low_7 -> prior_range_fraction::prev_range_0.75,rank_low_to_high_anchor,9,76.875694,,3.543333,1.3875,22.222222,77.777778,55.555556,77.777778,77.777778,,7,9,2.634444,1.075
red_box_midline,red_mid_2,L8 -> red_box_midline::red_mid_2,level_name_anchor,13,76.769231,L8,2.262692,2.12,30.769231,100.0,46.153846,76.923077,84.615385,,,13,-2.187308,-2.12
red_box_midline,red_mid_2,rank_high_8 -> red_box_midline::red_mid_2,rank_high_to_low_anchor,13,76.769231,,2.262692,2.12,30.769231,100.0,46.153846,76.923077,84.615385,8,,13,-2.187308,-2.12
green_box_midline,green_mid_2,rank_low_6 -> green_box_midline::green_mid_2,rank_low_to_high_anchor,22,76.473295,,2.456023,2.4725,22.727273,100.0,40.909091,72.727273,90.909091,,6,22,1.146932,1.59375
prior_range_fraction,prev_range_0.618,rank_low_5 -> prior_range_fraction::prev_range_0.618,rank_low_to_high_anchor,9,76.352572,,1.977122,2.70786,44.444444,100.0,44.444444,77.777778,88.888889,,5,9,-1.083936,-0.19802
green_box_midline,green_mid_4,rank_low_9 -> green_box_midline::green_mid_4,rank_low_to_high_anchor,10,76.103125,,2.019,1.55875,40.0,100.0,60.0,70.0,90.0,,9,10,-1.8385,-1.55875
prior_range_fraction,prev_range_0.666667,L4 -> prior_range_fraction::prev_range_0.666667,level_name_anchor,8,75.808379,L4,1.972917,0.996648,50.0,100.0,62.5,75.0,75.0,,,8,-0.822963,0.218288
prior_range_fraction,prev_range_0.666667,L4 -> prior_range_fraction::prev_range_0.666667,l4_l7_anchor,8,75.808379,L4,1.972917,0.996648,50.0,100.0,62.5,75.0,75.0,,,8,-0.822963,0.218288
prior_range_fraction,prev_range_0.666667,rank_high_4 -> prior_range_fraction::prev_range_0.666667,rank_high_to_low_anchor,8,75.808379,,1.972917,0.996648,50.0,100.0,62.5,75.0,75.0,4,,8,-0.822963,0.218288
red_box_quarter,red_box_4_25pct,rank_low_2 -> red_box_quarter::red_box_4_25pct,rank_low_to_high_anchor,6,75.695312,,2.221042,1.961875,16.666667,100.0,50.0,66.666667,100.0,,2,6,0.706458,1.181875
prior_range_fraction,prev_range_0.125,rank_low_4 -> prior_range_fraction::prev_range_0.125,rank_low_to_high_anchor,11,74.970739,,2.432841,1.90625,36.363636,100.0,54.545455,63.636364,100.0,,4,11,-2.423068,-1.90625
prior_hlc,previous_high,L3 -> prior_hlc::previous_high,level_name_anchor,10,74.5125,L3,2.541,2.195,20.0,100.0,50.0,70.0,90.0,,,10,-1.671,-1.83
prior_hlc,previous_high,rank_high_3 -> prior_hlc::previous_high,rank_high_to_low_anchor,10,74.5125,,2.541,2.195,20.0,100.0,50.0,70.0,90.0,3,,10,-1.671,-1.83
prior_hlc,previous_high,L4 -> prior_hlc::previous_high,level_name_anchor,18,74.461111,L4,2.369444,2.38,22.222222,100.0,33.333333,66.666667,94.444444,,,18,0.320556,0.465
prior_hlc,previous_high,L4 -> prior_hlc::previous_high,l4_l7_anchor,18,74.461111,L4,2.369444,2.38,22.222222,100.0,33.333333,66.666667,94.444444,,,18,0.320556,0.465
prior_hlc,previous_high,rank_high_4 -> prior_hlc::previous_high,rank_high_to_low_anchor,18,74.461111,,2.369444,2.38,22.222222,100.0,33.333333,66.666667,94.444444,4,,18,0.320556,0.465
green_box_quarter,green_box_2_75pct,L1 -> green_box_quarter::green_box_2_75pct,level_name_anchor,17,74.274816,L1,2.529706,1.91125,23.529412,100.0,52.941176,70.588235,82.352941,,,17,0.658382,0.84625
red_box_midline,red_mid_2,rank_high_5 -> red_box_midline::red_mid_2,rank_high_to_low_anchor,7,74.027679,,3.034286,2.0975,14.285714,100.0,42.857143,71.428571,85.714286,5,,7,2.165714,2.0975
green_box_quarter,green_box_2_25pct,L5 -> green_box_quarter::green_box_2_25pct,level_name_anchor,9,73.465972,L5,2.192222,1.8625,33.333333,100.0,55.555556,66.666667,88.888889,,,9,1.411389,1.25375
green_box_quarter,green_box_2_25pct,L5 -> green_box_quarter::green_box_2_25pct,l4_l7_anchor,9,73.465972,L5,2.192222,1.8625,33.333333,100.0,55.555556,66.666667,88.888889,,,9,1.411389,1.25375
green_box_quarter,green_box_2_25pct,rank_high_5 -> green_box_quarter::green_box_2_25pct,rank_high_to_low_anchor,9,73.465972,,2.192222,1.8625,33.333333,100.0,55.555556,66.666667,88.888889,5,,9,1.411389,1.25375
red_box_quarter,red_box_2_25pct,L6 -> red_box_quarter::red_box_2_25pct,level_name_anchor,11,73.442614,L6,2.128068,2.5175,36.363636,100.0,45.454545,63.636364,100.0,,,11,-0.771932,-0.085
red_box_quarter,red_box_2_25pct,L6 -> red_box_quarter::red_box_2_25pct,l4_l7_anchor,11,73.442614,L6,2.128068,2.5175,36.363636,100.0,45.454545,63.636364,100.0,,,11,-0.771932,-0.085
red_box_quarter,red_box_2_25pct,rank_high_6 -> red_box_quarter::red_box_2_25pct,rank_high_to_low_anchor,11,73.442614,,2.128068,2.5175,36.363636,100.0,45.454545,63.636364,100.0,6,,11,-0.771932,-0.085
green_box_midline,green_mid_2,rank_low_8 -> green_box_midline::green_mid_2,rank_low_to_high_anchor,14,73.435714,,2.734107,1.9,7.142857,100.0,57.142857,71.428571,78.571429,,8,14,2.131607,1.68875
prior_range_fraction,prev_range_0.25,rank_low_5 -> prior_range_fraction::prev_range_0.25,rank_low_to_high_anchor,7,73.3875,,2.3525,0.925,57.142857,100.0,71.428571,71.428571,71.428571,,5,7,-2.089643,-0.925
green_box_quarter,green_box_2_75pct,rank_high_1 -> green_box_quarter::green_box_2_75pct,rank_high_to_low_anchor,16,73.129687,,2.555703,1.888125,25.0,100.0,56.25,68.75,81.25,1,,16,0.567422,0.553125
prior_range_fraction,prev_range_0.25,L5 -> prior_range_fraction::prev_range_0.25,level_name_anchor,9,72.825694,L5,2.352222,1.0075,44.444444,100.0,66.666667,66.666667,77.777778,,,9,-1.147222,-0.795
prior_range_fraction,prev_range_0.25,L5 -> prior_range_fraction::prev_range_0.25,l4_l7_anchor,9,72.825694,L5,2.352222,1.0075,44.444444,100.0,66.666667,66.666667,77.777778,,,9,-1.147222,-0.795
prior_range_fraction,prev_range_0.25,rank_high_5 -> prior_range_fraction::prev_range_0.25,rank_high_to_low_anchor,9,72.825694,,2.352222,1.0075,44.444444,100.0,66.666667,66.666667,77.777778,5,,9,-1.147222,-0.795
red_box_midline,red_mid_2,rank_low_1 -> red_box_midline::red_mid_2,rank_low_to_high_anchor,7,72.727679,,4.203571,2.6175,14.285714,85.714286,42.857143,71.428571,85.714286,,1,7,-2.797857,-1.2675
prior_range_fraction,prev_range_0.25,rank_low_4 -> prior_range_fraction::prev_range_0.25,rank_low_to_high_anchor,6,72.461458,,2.6675,1.58875,33.333333,100.0,50.0,66.666667,83.333333,,4,6,-0.6025,-0.22125
red_box_midline,red_mid_2,L6 -> red_box_midline::red_mid_2,level_name_anchor,20,72.353125,L6,3.73175,2.45875,20.0,95.0,45.0,70.0,80.0,,,20,-0.83675,0.3375
red_box_midline,red_mid_2,L6 -> red_box_midline::red_mid_2,l4_l7_anchor,20,72.353125,L6,3.73175,2.45875,20.0,95.0,45.0,70.0,80.0,,,20,-0.83675,0.3375
red_box_quarter,red_box_3_75pct,rank_low_3 -> red_box_quarter::red_box_3_75pct,rank_low_to_high_anchor,9,72.097222,,2.864861,2.41,22.222222,100.0,44.444444,66.666667,88.888889,,3,9,1.989861,1.525
prior_range_fraction,prev_range_0.75,rank_low_4 -> prior_range_fraction::prev_range_0.75,rank_low_to_high_anchor,6,72.073958,,2.595833,1.74375,16.666667,100.0,50.0,66.666667,83.333333,,4,6,1.436667,0.53625
green_box_quarter,green_box_1_25pct,rank_low_2 -> green_box_quarter::green_box_1_25pct,rank_low_to_high_anchor,5,72.04375,,2.698,2.1825,20.0,100.0,40.0,60.0,100.0,,2,5,2.698,2.1825
red_box_midline,red_mid_2,rank_low_3 -> red_box_midline::red_mid_2,rank_low_to_high_anchor,19,71.823026,,3.3125,1.715,31.578947,84.210526,57.894737,68.421053,73.684211,,3,19,1.264079,0.3225
prior_range_fraction,prev_range_0.666667,L3 -> prior_range_fraction::prev_range_0.666667,level_name_anchor,6,71.512451,L3,2.783384,1.968353,16.666667,100.0,50.0,66.666667,83.333333,,,6,-2.245612,-1.775053
prior_range_fraction,prev_range_0.666667,rank_high_3 -> prior_range_fraction::prev_range_0.666667,rank_high_to_low_anchor,6,71.512451,,2.783384,1.968353,16.666667,100.0,50.0,66.666667,83.333333,3,,6,-2.245612,-1.775053
red_box_midline,red_mid_2,rank_high_6 -> red_box_midline::red_mid_2,rank_high_to_low_anchor,19,71.276316,,3.866316,2.46,21.052632,94.736842,42.105263,68.421053,78.947368,6,,19,-0.818947,0.3525
green_box_midline,green_mid_2,L5 -> green_box_midline::green_mid_2,level_name_anchor,13,70.922115,L5,2.890962,2.305,15.384615,100.0,46.153846,69.230769,76.923077,,,13,0.4475,1.53
green_box_midline,green_mid_2,L5 -> green_box_midline::green_mid_2,l4_l7_anchor,13,70.922115,L5,2.890962,2.305,15.384615,100.0,46.153846,69.230769,76.923077,,,13,0.4475,1.53
green_box_midline,green_mid_2,rank_high_5 -> green_box_midline::green_mid_2,rank_high_to_low_anchor,13,70.922115,,2.890962,2.305,15.384615,100.0,46.153846,69.230769,76.923077,5,,13,0.4475,1.53
red_box_midline,red_mid_2,L5 -> red_box_midline::red_mid_2,level_name_anchor,6,70.323958,L5,3.344167,2.44375,16.666667,100.0,33.333333,66.666667,83.333333,,,6,2.7225,2.44375
red_box_midline,red_mid_2,L5 -> red_box_midline::red_mid_2,l4_l7_anchor,6,70.323958,L5,3.344167,2.44375,16.666667,100.0,33.333333,66.666667,83.333333,,,6,2.7225,2.44375
red_box_quarter,red_box_4_25pct,L9 -> red_box_quarter::red_box_4_25pct,level_name_anchor,10,70.301562,L9,2.46925,2.079375,20.0,100.0,50.0,60.0,90.0,,,10,0.4695,0.50125
red_box_quarter,red_box_4_25pct,rank_high_9 -> red_box_quarter::red_box_4_25pct,rank_high_to_low_anchor,10,70.301562,,2.46925,2.079375,20.0,100.0,50.0,60.0,90.0,9,,10,0.4695,0.50125
red_box_midline,red_mid_2,rank_low_4 -> red_box_midline::red_mid_2,rank_low_to_high_anchor,13,70.094231,,3.08,2.79,7.692308,100.0,15.384615,61.538462,92.307692,,4,13,-0.431923,-0.7025
green_box_midline,green_mid_2,L1 -> green_box_midline::green_mid_2,level_name_anchor,6,69.764583,L1,3.098333,2.6675,16.666667,100.0,33.333333,66.666667,83.333333,,,6,2.8325,2.6675
green_box_midline,green_mid_2,rank_high_1 -> green_box_midline::green_mid_2,rank_high_to_low_anchor,6,69.764583,,3.098333,2.6675,16.666667,100.0,33.333333,66.666667,83.333333,1,,6,2.8325,2.6675
red_box_quarter,red_box_3_25pct,L10 -> red_box_quarter::red_box_3_25pct,level_name_anchor,11,69.733807,L10,3.168182,1.27375,27.272727,90.909091,63.636364,63.636364,72.727273,,,11,1.902045,0.01
red_box_quarter,red_box_3_25pct,rank_high_10 -> red_box_quarter::red_box_3_25pct,rank_high_to_low_anchor,11,69.733807,,3.168182,1.27375,27.272727,90.909091,63.636364,63.636364,72.727273,10,,11,1.902045,0.01
green_box_quarter,green_box_2_75pct,rank_high_5 -> green_box_quarter::green_box_2_75pct,rank_high_to_low_anchor,8,69.704687,,3.180625,2.438125,0.0,100.0,25.0,62.5,87.5,5,,8,0.925938,1.3925
prior_range_fraction,prev_range_0.618,L6 -> prior_range_fraction::prev_range_0.618,level_name_anchor,8,68.587825,L6,2.689988,2.88487,12.5,100.0,25.0,62.5,87.5,,,8,-0.336338,-0.71423
prior_range_fraction,prev_range_0.618,L6 -> prior_range_fraction::prev_range_0.618,l4_l7_anchor,8,68.587825,L6,2.689988,2.88487,12.5,100.0,25.0,62.5,87.5,,,8,-0.336338,-0.71423
prior_range_fraction,prev_range_0.618,rank_high_6 -> prior_range_fraction::prev_range_0.618,rank_high_to_low_anchor,8,68.587825,,2.689988,2.88487,12.5,100.0,25.0,62.5,87.5,6,,8,-0.336338,-0.71423
red_box_midline,red_mid_4,rank_low_1 -> red_box_midline::red_mid_4,rank_low_to_high_anchor,8,68.1375,,3.26875,1.815,25.0,87.5,50.0,62.5,75.0,,1,8,2.830625,1.6525
red_box_midline,red_mid_3,L7 -> red_box_midline::red_mid_3,level_name_anchor,6,67.365625,L7,2.222917,2.29375,33.333333,100.0,50.0,50.0,100.0,,,6,0.497917,0.81625
red_box_midline,red_mid_3,L7 -> red_box_midline::red_mid_3,l4_l7_anchor,6,67.365625,L7,2.222917,2.29375,33.333333,100.0,50.0,50.0,100.0,,,6,0.497917,0.81625
red_box_midline,red_mid_3,rank_high_7 -> red_box_midline::red_mid_3,rank_high_to_low_anchor,6,67.365625,,2.222917,2.29375,33.333333,100.0,50.0,50.0,100.0,7,,6,0.497917,0.81625
prior_range_fraction,prev_range_0.125,L8 -> prior_range_fraction::prev_range_0.125,level_name_anchor,9,67.135417,L8,4.95875,2.1725,44.444444,66.666667,44.444444,66.666667,66.666667,,,9,-4.580139,-2.1725
green_box_quarter,green_box_4_25pct,rank_low_8 -> green_box_quarter::green_box_4_25pct,rank_low_to_high_anchor,5,66.6125,,2.9435,2.355,20.0,100.0,20.0,60.0,80.0,,8,5,-2.0025,-2.355
green_box_quarter,green_box_2_75pct,rank_low_10 -> green_box_quarter::green_box_2_75pct,rank_low_to_high_anchor,10,66.515625,,2.961375,2.59375,10.0,100.0,30.0,60.0,80.0,,10,10,0.045375,-0.49625
green_box_quarter,green_box_3_75pct,L3 -> green_box_quarter::green_box_3_75pct,level_name_anchor,7,66.249107,L3,3.115179,2.6375,28.571429,100.0,42.857143,57.142857,85.714286,,,7,0.515536,-0.82125
green_box_quarter,green_box_3_75pct,rank_high_3 -> green_box_quarter::green_box_3_75pct,rank_high_to_low_anchor,7,66.249107,,3.115179,2.6375,28.571429,100.0,42.857143,57.142857,85.714286,3,,7,0.515536,-0.82125
prior_hlc,previous_low,rank_low_4 -> prior_hlc::previous_low,rank_low_to_high_anchor,16,66.1625,,3.62375,1.675,18.75,93.75,56.25,62.5,62.5,,4,16,0.65,-0.2
red_box_midline,red_mid_2,rank_low_5 -> red_box_midline::red_mid_2,rank_low_to_high_anchor,6,66.004167,,3.517917,2.505,16.666667,100.0,33.333333,66.666667,66.666667,,5,6,0.71125,0.1625
prior_hlc,previous_high,L2 -> prior_hlc::previous_high,level_name_anchor,7,65.992857,L2,2.937143,2.74,14.285714,100.0,28.571429,57.142857,85.714286,,,7,1.66,2.34
prior_hlc,previous_high,rank_high_2 -> prior_hlc::previous_high,rank_high_to_low_anchor,7,65.992857,,2.937143,2.74,14.285714,100.0,28.571429,57.142857,85.714286,2,,7,1.66,2.34
red_box_quarter,red_box_3_25pct,rank_low_3 -> red_box_quarter::red_box_3_25pct,rank_low_to_high_anchor,20,65.9875,,2.975875,2.305,15.0,100.0,45.0,55.0,80.0,,3,20,1.402625,1.49125
green_box_quarter,green_box_2_75pct,L5 -> green_box_quarter::green_box_2_75pct,level_name_anchor,7,65.936607,L5,3.333036,2.7625,0.0,100.0,28.571429,57.142857,85.714286,,,7,0.75625,1.02
green_box_quarter,green_box_2_75pct,L5 -> green_box_quarter::green_box_2_75pct,l4_l7_anchor,7,65.936607,L5,3.333036,2.7625,0.0,100.0,28.571429,57.142857,85.714286,,,7,0.75625,1.02
green_box_quarter,green_box_1_75pct,rank_low_6 -> green_box_quarter::green_box_1_75pct,rank_low_to_high_anchor,8,65.907812,,2.270938,1.706875,50.0,100.0,50.0,50.0,87.5,,6,8,-1.000625,-0.169375
green_box_midline,green_mid_2,rank_low_7 -> green_box_midline::green_mid_2,rank_low_to_high_anchor,16,65.89375,,2.8525,1.9075,25.0,93.75,50.0,56.25,75.0,,7,16,1.6975,1.01375
prior_hlc,previous_mid,L4 -> prior_hlc::previous_mid,level_name_anchor,5,65.725,L4,2.624,2.71,20.0,100.0,40.0,60.0,80.0,,,5,2.098,2.71
prior_hlc,previous_mid,L4 -> prior_hlc::previous_mid,l4_l7_anchor,5,65.725,L4,2.624,2.71,20.0,100.0,40.0,60.0,80.0,,,5,2.098,2.71
prior_hlc,previous_mid,rank_high_4 -> prior_hlc::previous_mid,rank_high_to_low_anchor,5,65.725,,2.624,2.71,20.0,100.0,40.0,60.0,80.0,4,,5,2.098,2.71
red_box_quarter,red_box_4_25pct,L10 -> red_box_quarter::red_box_4_25pct,level_name_anchor,7,65.655357,L10,3.354643,2.875,14.285714,100.0,28.571429,57.142857,85.714286,,,7,2.072143,2.61125
red_box_quarter,red_box_4_25pct,rank_high_10 -> red_box_quarter::red_box_4_25pct,rank_high_to_low_anchor,7,65.655357,,3.354643,2.875,14.285714,100.0,28.571429,57.142857,85.714286,10,,7,2.072143,2.61125
red_box_quarter,red_box_3_25pct,rank_low_1 -> red_box_quarter::red_box_3_25pct,rank_low_to_high_anchor,23,65.326087,,3.612663,1.92,30.434783,91.304348,52.173913,56.521739,69.565217,,1,23,1.408967,-0.0675
prior_hlc,previous_low,L6 -> prior_hlc::previous_low,level_name_anchor,12,65.254167,L6,3.883333,1.545,16.666667,91.666667,58.333333,58.333333,66.666667,,,12,0.003333,0.41
prior_hlc,previous_low,L6 -> prior_hlc::previous_low,l4_l7_anchor,12,65.254167,L6,3.883333,1.545,16.666667,91.666667,58.333333,58.333333,66.666667,,,12,0.003333,0.41
prior_hlc,previous_low,rank_high_6 -> prior_hlc::previous_low,rank_high_to_low_anchor,12,65.254167,,3.883333,1.545,16.666667,91.666667,58.333333,58.333333,66.666667,6,,12,0.003333,0.41
red_box_edge,red_edge_2,rank_low_3 -> red_box_edge::red_edge_2,rank_low_to_high_anchor,34,64.691912,,3.745588,2.895,20.588235,94.117647,38.235294,55.882353,73.529412,,3,34,0.474412,-0.69
prior_hlc,previous_low,L7 -> prior_hlc::previous_low,level_name_anchor,13,64.401923,L7,4.27,1.99,7.692308,84.615385,53.846154,61.538462,61.538462,,,13,-1.196154,-1.14
prior_hlc,previous_low,L7 -> prior_hlc::previous_low,l4_l7_anchor,13,64.401923,L7,4.27,1.99,7.692308,84.615385,53.846154,61.538462,61.538462,,,13,-1.196154,-1.14
prior_hlc,previous_low,rank_high_7 -> prior_hlc::previous_low,rank_high_to_low_anchor,13,64.401923,,4.27,1.99,7.692308,84.615385,53.846154,61.538462,61.538462,7,,13,-1.196154,-1.14
red_box_quarter,red_box_3_75pct,L8 -> red_box_quarter::red_box_3_75pct,level_name_anchor,13,64.23149,L8,3.546058,2.98125,0.0,100.0,23.076923,53.846154,84.615385,,,13,2.771635,2.98125
red_box_quarter,red_box_3_75pct,rank_high_8 -> red_box_quarter::red_box_3_75pct,rank_high_to_low_anchor,13,64.23149,,3.546058,2.98125,0.0,100.0,23.076923,53.846154,84.615385,8,,13,2.771635,2.98125
prior_range_fraction,prev_range_0.125,rank_high_8 -> prior_range_fraction::prev_range_0.125,rank_high_to_low_anchor,8,64.090625,,5.499688,2.18375,37.5,62.5,37.5,62.5,62.5,8,,8,-5.231562,-2.18375
green_box_quarter,green_box_2_75pct,rank_low_7 -> green_box_quarter::green_box_2_75pct,rank_low_to_high_anchor,29,63.56681,,3.535991,2.285,13.793103,100.0,48.275862,51.724138,72.413793,,7,29,2.057284,1.765
prior_range_fraction,prev_range_0.666667,rank_low_6 -> prior_range_fraction::prev_range_0.666667,rank_low_to_high_anchor,7,63.462959,,2.882406,2.323388,14.285714,100.0,28.571429,57.142857,71.428571,,6,7,-1.775767,-2.323388
red_box_quarter,red_box_2_75pct,rank_low_2 -> red_box_quarter::red_box_2_75pct,rank_low_to_high_anchor,24,63.2875,,3.440781,2.895,29.166667,100.0,37.5,54.166667,75.0,,2,24,-1.340885,-0.26375
red_box_quarter,red_box_1_25pct,L2 -> red_box_quarter::red_box_1_25pct,level_name_anchor,6,62.247396,L2,2.979792,2.674375,16.666667,100.0,33.333333,50.0,83.333333,,,6,-2.221458,-2.674375
red_box_quarter,red_box_1_25pct,rank_high_2 -> red_box_quarter::red_box_1_25pct,rank_high_to_low_anchor,6,62.247396,,2.979792,2.674375,16.666667,100.0,33.333333,50.0,83.333333,2,,6,-2.221458,-2.674375
red_box_quarter,red_box_3_25pct,rank_low_4 -> red_box_quarter::red_box_3_25pct,rank_low_to_high_anchor,10,62.120312,,3.35475,2.351875,40.0,100.0,50.0,60.0,60.0,,4,10,1.7695,1.481875
red_box_edge,red_edge_3,L8 -> red_box_edge::red_edge_3,level_name_anchor,7,61.698214,L8,3.375,3.315,0.0,100.0,28.571429,42.857143,100.0,,,7,2.095,3.315
red_box_edge,red_edge_3,rank_high_8 -> red_box_edge::red_edge_3,rank_high_to_low_anchor,7,61.698214,,3.375,3.315,0.0,100.0,28.571429,42.857143,100.0,8,,7,2.095,3.315
red_box_quarter,red_box_3_75pct,L11 -> red_box_quarter::red_box_3_75pct,level_name_anchor,5,61.475,L11,4.353,2.41,0.0,100.0,40.0,60.0,60.0,,,5,4.353,2.41
red_box_quarter,red_box_3_75pct,rank_high_11 -> red_box_quarter::red_box_3_75pct,rank_high_to_low_anchor,5,61.475,,4.353,2.41,0.0,100.0,40.0,60.0,60.0,11,,5,4.353,2.41
prior_hlc,previous_low,rank_low_5 -> prior_hlc::previous_low,rank_low_to_high_anchor,7,61.35,,5.008571,1.74,28.571429,71.428571,57.142857,57.142857,57.142857,,5,7,-3.937143,-0.68
prior_hlc,previous_high,rank_low_7 -> prior_hlc::previous_high,rank_low_to_high_anchor,10,61.2125,,3.191,2.915,10.0,100.0,20.0,50.0,80.0,,7,10,-1.149,-2.185
green_box_quarter,green_box_3_75pct,rank_low_8 -> green_box_quarter::green_box_3_75pct,rank_low_to_high_anchor,20,61.075,,3.322375,2.87,30.0,100.0,35.0,50.0,75.0,,8,20,0.068625,-0.15375
red_box_quarter,red_box_4_75pct,rank_low_2 -> red_box_quarter::red_box_4_75pct,rank_low_to_high_anchor,6,60.958333,,3.5725,3.19,0.0,100.0,16.666667,50.0,83.333333,,2,6,2.866667,3.19
prior_hlc,previous_close,rank_low_6 -> prior_hlc::previous_close,rank_low_to_high_anchor,6,60.908333,,3.821667,3.21,33.333333,83.333333,33.333333,50.0,83.333333,,6,6,0.291667,-1.35
prior_hlc,previous_low,L8 -> prior_hlc::previous_low,level_name_anchor,10,60.85,L8,2.906,3.06,30.0,100.0,30.0,50.0,80.0,,,10,-0.616,-0.67
prior_hlc,previous_low,rank_high_8 -> prior_hlc::previous_low,rank_high_to_low_anchor,10,60.85,,2.906,3.06,30.0,100.0,30.0,50.0,80.0,8,,10,-0.616,-0.67
green_box_quarter,green_box_4_25pct,L2 -> green_box_quarter::green_box_4_25pct,level_name_anchor,10,60.754688,L2,3.29,3.098125,0.0,100.0,20.0,50.0,80.0,,,10,0.672,0.629375
green_box_quarter,green_box_4_25pct,rank_high_2 -> green_box_quarter::green_box_4_25pct,rank_high_to_low_anchor,10,60.754688,,3.29,3.098125,0.0,100.0,20.0,50.0,80.0,2,,10,0.672,0.629375
green_box_quarter,green_box_4_75pct,rank_high_2 -> green_box_quarter::green_box_4_75pct,rank_high_to_low_anchor,5,60.565625,,4.3945,2.77375,0.0,100.0,0.0,60.0,60.0,2,,5,-1.3035,2.3275
prior_hlc,previous_high,rank_low_8 -> prior_hlc::previous_high,rank_low_to_high_anchor,5,60.525,,3.21,3.19,0.0,100.0,0.0,40.0,100.0,,8,5,-1.934,-2.43
green_box_quarter,green_box_4_75pct,L1 -> green_box_quarter::green_box_4_75pct,level_name_anchor,10,60.515625,L1,3.4675,3.19375,10.0,100.0,10.0,50.0,80.0,,,10,-1.56775,-2.754375
green_box_quarter,green_box_2_75pct,rank_low_9 -> green_box_quarter::green_box_2_75pct,rank_low_to_high_anchor,9,60.425347,,2.924028,3.07875,33.333333,100.0,44.444444,44.444444,88.888889,,9,9,0.995139,0.84625
red_box_midline,red_mid_2,L7 -> red_box_midline::red_mid_2,level_name_anchor,10,60.415625,L7,4.10475,3.23375,10.0,80.0,40.0,50.0,80.0,,,10,1.39225,0.94625
red_box_midline,red_mid_2,L7 -> red_box_midline::red_mid_2,l4_l7_anchor,10,60.415625,L7,4.10475,3.23375,10.0,80.0,40.0,50.0,80.0,,,10,1.39225,0.94625
red_box_midline,red_mid_2,rank_high_7 -> red_box_midline::red_mid_2,rank_high_to_low_anchor,10,60.415625,,4.10475,3.23375,10.0,80.0,40.0,50.0,80.0,7,,10,1.39225,0.94625
red_box_edge,red_edge_2,rank_high_6 -> red_box_edge::red_edge_2,rank_high_to_low_anchor,9,60.366667,,3.515556,2.88,22.222222,100.0,22.222222,55.555556,66.666667,6,,9,0.926667,0.63
red_box_quarter,red_box_3_75pct,L9 -> red_box_quarter::red_box_3_75pct,level_name_anchor,13,60.282452,L9,3.194038,3.17625,15.384615,100.0,30.769231,46.153846,84.615385,,,13,0.500962,0.72125
red_box_quarter,red_box_3_75pct,rank_high_9 -> red_box_quarter::red_box_3_75pct,rank_high_to_low_anchor,13,60.282452,,3.194038,3.17625,15.384615,100.0,30.769231,46.153846,84.615385,9,,13,0.500962,0.72125
green_box_midline,green_mid_4,L2 -> green_box_midline::green_mid_4,level_name_anchor,5,60.275,L2,3.0975,3.29,20.0,100.0,20.0,40.0,100.0,,,5,-1.8585,-3.29
green_box_midline,green_mid_4,rank_high_2 -> green_box_midline::green_mid_4,rank_high_to_low_anchor,5,60.275,,3.0975,3.29,20.0,100.0,20.0,40.0,100.0,2,,5,-1.8585,-3.29
red_box_midline,red_mid_2,L9 -> red_box_midline::red_mid_2,level_name_anchor,9,60.104167,L9,3.976389,2.985,22.222222,88.888889,33.333333,55.555556,66.666667,,,9,-0.568611,-0.525
red_box_midline,red_mid_2,rank_high_9 -> red_box_midline::red_mid_2,rank_high_to_low_anchor,9,60.104167,,3.976389,2.985,22.222222,88.888889,33.333333,55.555556,66.666667,9,,9,-0.568611,-0.525
green_box_midline,green_mid_2,L3 -> green_box_midline::green_mid_2,level_name_anchor,15,59.797917,L3,3.376667,2.9475,26.666667,100.0,40.0,53.333333,66.666667,,,15,1.561,-0.32
green_box_midline,green_mid_2,rank_high_3 -> green_box_midline::green_mid_2,rank_high_to_low_anchor,15,59.797917,,3.376667,2.9475,26.666667,100.0,40.0,53.333333,66.666667,3,,15,1.561,-0.32
green_box_quarter,green_box_3_25pct,L4 -> green_box_quarter::green_box_3_25pct,level_name_anchor,11,59.673295,L4,3.757841,2.7525,27.272727,100.0,36.363636,54.545455,63.636364,,,11,-1.276705,-0.55875
green_box_quarter,green_box_3_25pct,L4 -> green_box_quarter::green_box_3_25pct,l4_l7_anchor,11,59.673295,L4,3.757841,2.7525,27.272727,100.0,36.363636,54.545455,63.636364,,,11,-1.276705,-0.55875
red_box_quarter,red_box_3_75pct,rank_low_2 -> red_box_quarter::red_box_3_75pct,rank_low_to_high_anchor,18,59.635243,,4.927222,3.088125,11.111111,94.444444,33.333333,50.0,72.222222,,2,18,2.990278,1.416875
green_box_quarter,green_box_3_25pct,rank_low_7 -> green_box_quarter::green_box_3_25pct,rank_low_to_high_anchor,26,59.467188,,3.721106,3.253125,23.076923,96.153846,26.923077,46.153846,76.923077,,7,26,0.000433,-0.376875
red_box_midline,red_mid_2,rank_low_2 -> red_box_midline::red_mid_2,rank_low_to_high_anchor,12,59.465625,,3.746458,3.19375,16.666667,91.666667,33.333333,50.0,75.0,,2,12,-1.323542,-2.67875
red_box_quarter,red_box_3_75pct,L10 -> red_box_quarter::red_box_3_75pct,level_name_anchor,11,59.262216,L10,3.300682,3.09875,9.090909,100.0,36.363636,45.454545,81.818182,,,11,0.922727,0.03
red_box_quarter,red_box_3_75pct,rank_high_10 -> red_box_quarter::red_box_3_75pct,rank_high_to_low_anchor,11,59.262216,,3.300682,3.09875,9.090909,100.0,36.363636,45.454545,81.818182,10,,11,0.922727,0.03
red_box_edge,red_edge_2,L7 -> red_box_edge::red_edge_2,level_name_anchor,31,58.884677,L7,3.616774,3.17,12.903226,100.0,29.032258,48.387097,67.741935,,,31,0.864516,-0.05
red_box_edge,red_edge_2,L7 -> red_box_edge::red_edge_2,l4_l7_anchor,31,58.884677,L7,3.616774,3.17,12.903226,100.0,29.032258,48.387097,67.741935,,,31,0.864516,-0.05
green_box_quarter,green_box_4_75pct,rank_low_9 -> green_box_quarter::green_box_4_75pct,rank_low_to_high_anchor,7,58.765625,,4.078571,2.77375,14.285714,100.0,14.285714,57.142857,57.142857,,9,7,-1.62,0.8775
green_box_quarter,green_box_4_25pct,rank_low_9 -> green_box_quarter::green_box_4_25pct,rank_low_to_high_anchor,11,58.746591,,3.255227,3.305,9.090909,100.0,27.272727,45.454545,81.818182,,9,11,0.842727,2.33625
green_box_edge,green_edge_3,L3 -> green_box_edge::green_edge_3,level_name_anchor,7,58.139286,L3,3.110714,3.31,14.285714,100.0,42.857143,42.857143,85.714286,,,7,-1.860714,-1.63
green_box_edge,green_edge_3,rank_high_3 -> green_box_edge::green_edge_3,rank_high_to_low_anchor,7,58.139286,,3.110714,3.31,14.285714,100.0,42.857143,42.857143,85.714286,3,,7,-1.860714,-1.63
prior_range_fraction,prev_range_0.75,L3 -> prior_range_fraction::prev_range_0.75,level_name_anchor,8,57.884375,L3,4.873438,2.41625,0.0,75.0,50.0,50.0,62.5,,,8,2.989687,0.09375
prior_range_fraction,prev_range_0.75,rank_high_3 -> prior_range_fraction::prev_range_0.75,rank_high_to_low_anchor,8,57.884375,,4.873438,2.41625,0.0,75.0,50.0,50.0,62.5,3,,8,2.989687,0.09375
red_box_edge,red_edge_2,L8 -> red_box_edge::red_edge_2,level_name_anchor,22,57.784091,L8,4.214091,3.13,27.272727,86.363636,40.909091,50.0,63.636364,,,22,1.728636,-0.235
red_box_edge,red_edge_2,rank_high_8 -> red_box_edge::red_edge_2,rank_high_to_low_anchor,22,57.784091,,4.214091,3.13,27.272727,86.363636,40.909091,50.0,63.636364,8,,22,1.728636,-0.235
red_box_edge,red_edge_2,rank_high_7 -> red_box_edge::red_edge_2,rank_high_to_low_anchor,30,57.641667,,3.719667,3.21,10.0,100.0,26.666667,46.666667,66.666667,7,,30,0.911,1.155
green_box_quarter,green_box_3_25pct,rank_high_4 -> green_box_quarter::green_box_3_25pct,rank_high_to_low_anchor,12,57.093229,,3.766875,3.309375,25.0,100.0,33.333333,50.0,66.666667,4,,12,-0.848125,0.045625
prior_hlc,previous_low,rank_low_3 -> prior_hlc::previous_low,rank_low_to_high_anchor,11,56.886364,,3.318182,3.14,9.090909,100.0,36.363636,45.454545,72.727273,,3,11,-1.496364,-1.35
green_box_quarter,green_box_4_75pct,rank_high_1 -> green_box_quarter::green_box_4_75pct,rank_high_to_low_anchor,9,56.731944,,3.544583,3.445,11.111111,100.0,11.111111,44.444444,77.777778,1,,9,-2.050139,-3.445
red_box_quarter,red_box_2_75pct,L7 -> red_box_quarter::red_box_2_75pct,level_name_anchor,19,56.320888,L7,4.120263,3.07375,15.789474,94.736842,31.578947,47.368421,63.157895,,,19,-1.57,-0.65125
red_box_quarter,red_box_2_75pct,L7 -> red_box_quarter::red_box_2_75pct,l4_l7_anchor,19,56.320888,L7,4.120263,3.07375,15.789474,94.736842,31.578947,47.368421,63.157895,,,19,-1.57,-0.65125
red_box_quarter,red_box_2_75pct,rank_high_7 -> red_box_quarter::red_box_2_75pct,rank_high_to_low_anchor,19,56.320888,,4.120263,3.07375,15.789474,94.736842,31.578947,47.368421,63.157895,7,,19,-1.57,-0.65125
red_box_edge,red_edge_2,L6 -> red_box_edge::red_edge_2,level_name_anchor,8,56.125,L6,3.88875,3.12,12.5,100.0,12.5,50.0,62.5,,,8,1.10875,1.635
red_box_edge,red_edge_2,L6 -> red_box_edge::red_edge_2,l4_l7_anchor,8,56.125,L6,3.88875,3.12,12.5,100.0,12.5,50.0,62.5,,,8,1.10875,1.635
prior_range_fraction,prev_range_0.382,L8 -> prior_range_fraction::prev_range_0.382,level_name_anchor,5,55.41555,L8,3.214392,3.23378,0.0,100.0,40.0,40.0,80.0,,,5,-0.423592,1.00126
prior_range_fraction,prev_range_0.382,rank_high_8 -> prior_range_fraction::prev_range_0.382,rank_high_to_low_anchor,5,55.41555,,3.214392,3.23378,0.0,100.0,40.0,40.0,80.0,8,,5,-0.423592,1.00126
green_box_edge,green_edge_3,rank_low_8 -> green_box_edge::green_edge_3,rank_low_to_high_anchor,9,54.847222,,3.137222,3.31,22.222222,100.0,33.333333,33.333333,88.888889,,8,9,-1.456111,-1.63
red_box_quarter,red_box_2_75pct,L10 -> red_box_quarter::red_box_2_75pct,level_name_anchor,10,54.095312,L10,3.305,3.961875,30.0,100.0,40.0,40.0,80.0,,,10,-3.20875,-3.961875
red_box_quarter,red_box_2_75pct,rank_high_10 -> red_box_quarter::red_box_2_75pct,rank_high_to_low_anchor,10,54.095312,,3.305,3.961875,30.0,100.0,40.0,40.0,80.0,10,,10,-3.20875,-3.961875
red_box_quarter,red_box_2_75pct,rank_low_5 -> red_box_quarter::red_box_2_75pct,rank_low_to_high_anchor,7,53.874107,,4.284643,3.5875,28.571429,85.714286,42.857143,42.857143,71.428571,,5,7,-4.043929,-3.5875
green_box_quarter,green_box_2_75pct,L4 -> green_box_quarter::green_box_2_75pct,level_name_anchor,18,53.676215,L4,3.794861,3.360625,16.666667,100.0,44.444444,44.444444,61.111111,,,18,1.579861,1.388125
green_box_quarter,green_box_2_75pct,L4 -> green_box_quarter::green_box_2_75pct,l4_l7_anchor,18,53.676215,L4,3.794861,3.360625,16.666667,100.0,44.444444,44.444444,61.111111,,,18,1.579861,1.388125
green_box_quarter,green_box_2_75pct,rank_high_4 -> green_box_quarter::green_box_2_75pct,rank_high_to_low_anchor,18,53.676215,,3.794861,3.360625,16.666667,100.0,44.444444,44.444444,61.111111,4,,18,1.579861,1.388125
red_box_quarter,red_box_4_75pct,L9 -> red_box_quarter::red_box_4_75pct,level_name_anchor,6,53.634896,L9,3.534792,3.119375,0.0,100.0,16.666667,33.333333,83.333333,,,6,1.093125,2.325625
red_box_quarter,red_box_4_75pct,rank_high_9 -> red_box_quarter::red_box_4_75pct,rank_high_to_low_anchor,6,53.634896,,3.534792,3.119375,0.0,100.0,16.666667,33.333333,83.333333,9,,6,1.093125,2.325625
prior_hlc,previous_high,L5 -> prior_hlc::previous_high,level_name_anchor,8,53.25,L5,3.16,3.52,12.5,100.0,25.0,25.0,100.0,,,8,0.6275,1.485
prior_hlc,previous_high,L5 -> prior_hlc::previous_high,l4_l7_anchor,8,53.25,L5,3.16,3.52,12.5,100.0,25.0,25.0,100.0,,,8,0.6275,1.485
prior_hlc,previous_high,rank_high_5 -> prior_hlc::previous_high,rank_high_to_low_anchor,8,53.25,,3.16,3.52,12.5,100.0,25.0,25.0,100.0,5,,8,0.6275,1.485
green_box_quarter,green_box_2_75pct,rank_low_6 -> green_box_quarter::green_box_2_75pct,rank_low_to_high_anchor,18,53.135243,,3.480833,3.688125,5.555556,100.0,22.222222,38.888889,72.222222,,6,18,-1.393472,-2.3075
red_box_quarter,red_box_3_75pct,rank_low_1 -> red_box_quarter::red_box_3_75pct,rank_low_to_high_anchor,22,52.768892,,4.168182,3.590625,4.545455,100.0,22.727273,36.363636,72.727273,,1,22,0.994432,1.355625
green_box_quarter,green_box_2_75pct,L3 -> green_box_quarter::green_box_2_75pct,level_name_anchor,24,52.504687,L3,4.43375,3.708125,12.5,91.666667,29.166667,41.666667,62.5,,,24,0.008021,0.3
green_box_quarter,green_box_2_75pct,rank_high_3 -> green_box_quarter::green_box_2_75pct,rank_high_to_low_anchor,24,52.504687,,4.43375,3.708125,12.5,91.666667,29.166667,41.666667,62.5,3,,24,0.008021,0.3
green_box_edge,green_edge_2,rank_low_8 -> green_box_edge::green_edge_2,rank_low_to_high_anchor,34,52.192647,,4.317647,4.13,8.823529,91.176471,20.588235,38.235294,67.647059,,8,34,1.540588,1.91
green_box_midline,green_mid_3,L2 -> green_box_midline::green_mid_3,level_name_anchor,25,51.74375,L2,4.3032,4.3025,16.0,96.0,32.0,40.0,68.0,,,25,-0.2492,1.035
green_box_midline,green_mid_3,rank_high_2 -> green_box_midline::green_mid_3,rank_high_to_low_anchor,25,51.74375,,4.3032,4.3025,16.0,96.0,32.0,40.0,68.0,2,,25,-0.2492,1.035
red_box_edge,red_edge_3,rank_low_3 -> red_box_edge::red_edge_3,rank_low_to_high_anchor,5,50.8875,,3.346,3.445,20.0,100.0,20.0,20.0,100.0,,3,5,3.266,3.445
red_box_quarter,red_box_3_25pct,L7 -> red_box_quarter::red_box_3_25pct,level_name_anchor,14,50.729241,L7,3.735179,3.696875,21.428571,100.0,28.571429,42.857143,57.142857,,,14,1.309643,1.83875
red_box_quarter,red_box_3_25pct,L7 -> red_box_quarter::red_box_3_25pct,l4_l7_anchor,14,50.729241,L7,3.735179,3.696875,21.428571,100.0,28.571429,42.857143,57.142857,,,14,1.309643,1.83875
red_box_quarter,red_box_3_25pct,rank_high_7 -> red_box_quarter::red_box_3_25pct,rank_high_to_low_anchor,14,50.729241,,3.735179,3.696875,21.428571,100.0,28.571429,42.857143,57.142857,7,,14,1.309643,1.83875
green_box_quarter,green_box_3_25pct,rank_low_8 -> green_box_quarter::green_box_3_25pct,rank_low_to_high_anchor,21,50.569048,,4.042143,3.66,19.047619,95.238095,28.571429,38.095238,61.904762,,8,21,1.202857,0.6425
green_box_midline,green_mid_3,rank_low_7 -> green_box_midline::green_mid_3,rank_low_to_high_anchor,6,50.23125,,4.689167,4.1475,0.0,100.0,16.666667,50.0,50.0,,7,6,-0.744167,1.77
green_box_quarter,green_box_4_25pct,rank_low_10 -> green_box_quarter::green_box_4_25pct,rank_low_to_high_anchor,10,50.14375,,3.65025,3.5425,30.0,100.0,40.0,40.0,60.0,,10,10,-1.21075,-0.6275
red_box_midline,red_mid_3,rank_low_2 -> red_box_midline::red_mid_3,rank_low_to_high_anchor,23,49.756522,,3.97837,3.8,8.695652,100.0,30.434783,34.782609,65.217391,,2,23,-0.854674,-0.9575
green_box_quarter,green_box_4_25pct,L1 -> green_box_quarter::green_box_4_25pct,level_name_anchor,19,49.277796,L1,3.725592,3.99625,26.315789,100.0,31.578947,36.842105,63.157895,,,19,-0.955855,-0.79875
green_box_edge,green_edge_2,rank_low_6 -> green_box_edge::green_edge_2,rank_low_to_high_anchor,9,49.191667,,3.615556,3.35,33.333333,100.0,33.333333,33.333333,66.666667,,6,9,-3.533333,-3.35
green_box_midline,green_mid_3,rank_low_9 -> green_box_midline::green_mid_3,rank_low_to_high_anchor,17,49.179044,,4.519559,4.3025,23.529412,94.117647,29.411765,41.176471,58.823529,,9,17,2.203676,1.25
green_box_edge,green_edge_2,L3 -> green_box_edge::green_edge_2,level_name_anchor,34,49.148529,L3,4.738235,4.23,8.823529,94.117647,23.529412,35.294118,61.764706,,,34,1.688824,1.385
green_box_edge,green_edge_2,rank_high_3 -> green_box_edge::green_edge_2,rank_high_to_low_anchor,34,49.148529,,4.738235,4.23,8.823529,94.117647,23.529412,35.294118,61.764706,3,,34,1.688824,1.385
red_box_midline,red_mid_3,L8 -> red_box_midline::red_mid_3,level_name_anchor,15,48.83125,L8,4.284667,4.2675,13.333333,100.0,26.666667,40.0,60.0,,,15,-1.057667,-1.3625
red_box_midline,red_mid_3,rank_high_8 -> red_box_midline::red_mid_3,rank_high_to_low_anchor,15,48.83125,,4.284667,4.2675,13.333333,100.0,26.666667,40.0,60.0,8,,15,-1.057667,-1.3625
red_box_quarter,red_box_3_25pct,L8 -> red_box_quarter::red_box_3_25pct,level_name_anchor,28,48.810491,L8,4.290402,4.024375,14.285714,96.428571,32.142857,39.285714,53.571429,,,28,-0.638527,-0.541875
red_box_quarter,red_box_3_25pct,rank_high_8 -> red_box_quarter::red_box_3_25pct,rank_high_to_low_anchor,28,48.810491,,4.290402,4.024375,14.285714,96.428571,32.142857,39.285714,53.571429,8,,28,-0.638527,-0.541875
prior_range_fraction,prev_range_0.125,rank_low_2 -> prior_range_fraction::prev_range_0.125,rank_low_to_high_anchor,5,48.640625,,6.2085,3.94375,40.0,60.0,40.0,40.0,60.0,,2,5,-5.956,-3.94375
green_box_edge,green_edge_3,rank_low_9 -> green_box_edge::green_edge_3,rank_low_to_high_anchor,14,48.577679,,3.812857,4.5575,21.428571,100.0,42.857143,42.857143,57.142857,,9,14,-2.502143,-2.46
green_box_quarter,green_box_3_25pct,L3 -> green_box_quarter::green_box_3_25pct,level_name_anchor,23,48.472147,L3,4.30587,4.31375,17.391304,95.652174,26.086957,34.782609,65.217391,,,23,-0.173804,0.385
green_box_quarter,green_box_3_25pct,rank_high_3 -> green_box_quarter::green_box_3_25pct,rank_high_to_low_anchor,23,48.472147,,4.30587,4.31375,17.391304,95.652174,26.086957,34.782609,65.217391,3,,23,-0.173804,0.385
red_box_edge,red_edge_2,rank_low_2 -> red_box_edge::red_edge_2,rank_low_to_high_anchor,20,48.125,,4.7055,4.25,20.0,95.0,30.0,40.0,55.0,,2,20,1.8075,1.925
red_box_quarter,red_box_4_75pct,rank_low_1 -> red_box_quarter::red_box_4_75pct,rank_low_to_high_anchor,14,48.050223,,4.03875,3.625625,14.285714,100.0,21.428571,28.571429,71.428571,,1,14,1.712143,1.483125
red_box_quarter,red_box_4_25pct,rank_low_1 -> red_box_quarter::red_box_4_25pct,rank_low_to_high_anchor,19,47.893914,,4.205132,4.12875,10.526316,94.736842,21.052632,31.578947,68.421053,,1,19,0.11,-0.29
prior_hlc,previous_low,L9 -> prior_hlc::previous_low,level_name_anchor,5,47.5,L9,3.826,4.4,20.0,100.0,20.0,40.0,60.0,,,5,-2.714,-4.4
prior_hlc,previous_low,rank_high_9 -> prior_hlc::previous_low,rank_high_to_low_anchor,5,47.5,,3.826,4.4,20.0,100.0,20.0,40.0,60.0,9,,5,-2.714,-4.4
green_box_midline,green_mid_4,L1 -> green_box_midline::green_mid_4,level_name_anchor,14,47.385268,L1,4.177857,3.74875,21.428571,92.857143,28.571429,35.714286,57.142857,,,14,-2.054643,-2.2425
green_box_midline,green_mid_4,rank_high_1 -> green_box_midline::green_mid_4,rank_high_to_low_anchor,14,47.385268,,4.177857,3.74875,21.428571,92.857143,28.571429,35.714286,57.142857,1,,14,-2.054643,-2.2425
green_box_edge,green_edge_2,L1 -> green_box_edge::green_edge_2,level_name_anchor,24,47.270833,L1,6.455417,4.635,12.5,79.166667,20.833333,37.5,58.333333,,,24,2.864583,2.205
green_box_edge,green_edge_2,rank_high_1 -> green_box_edge::green_edge_2,rank_high_to_low_anchor,24,47.270833,,6.455417,4.635,12.5,79.166667,20.833333,37.5,58.333333,1,,24,2.864583,2.205
green_box_quarter,green_box_4_25pct,rank_high_1 -> green_box_quarter::green_box_4_25pct,rank_high_to_low_anchor,18,47.013715,,3.888194,4.025625,22.222222,100.0,27.777778,33.333333,61.111111,1,,18,-0.964583,-0.6275
green_box_edge,green_edge_3,L1 -> green_box_edge::green_edge_3,level_name_anchor,24,46.966667,L1,4.379375,4.09,16.666667,91.666667,25.0,29.166667,66.666667,,,24,0.776458,0.9525
green_box_edge,green_edge_3,rank_high_1 -> green_box_edge::green_edge_3,rank_high_to_low_anchor,24,46.966667,,4.379375,4.09,16.666667,91.666667,25.0,29.166667,66.666667,1,,24,0.776458,0.9525
red_box_edge,red_edge_2,rank_low_1 -> red_box_edge::red_edge_2,rank_low_to_high_anchor,21,46.863095,,5.571905,4.19,14.285714,85.714286,28.571429,38.095238,52.380952,,1,21,-1.030952,-0.78
green_box_midline,green_mid_3,rank_low_8 -> green_box_midline::green_mid_3,rank_low_to_high_anchor,22,46.805398,,4.685,4.24875,13.636364,90.909091,27.272727,31.818182,63.636364,,8,22,-0.249091,0.83125
green_box_edge,green_edge_3,L2 -> green_box_edge::green_edge_3,level_name_anchor,13,46.544231,L2,3.775769,4.21,15.384615,100.0,38.461538,38.461538,53.846154,,,13,-3.065,-4.21
green_box_edge,green_edge_3,rank_high_2 -> green_box_edge::green_edge_3,rank_high_to_low_anchor,13,46.544231,,3.775769,4.21,15.384615,100.0,38.461538,38.461538,53.846154,2,,13,-3.065,-4.21
red_box_quarter,red_box_3_25pct,L9 -> red_box_quarter::red_box_3_25pct,level_name_anchor,20,46.504688,L9,3.948875,4.498125,20.0,100.0,35.0,35.0,60.0,,,20,0.025625,-0.3075
red_box_quarter,red_box_3_25pct,rank_high_9 -> red_box_quarter::red_box_3_25pct,rank_high_to_low_anchor,20,46.504688,,3.948875,4.498125,20.0,100.0,35.0,35.0,60.0,9,,20,0.025625,-0.3075
red_box_edge,red_edge_3,rank_low_2 -> red_box_edge::red_edge_3,rank_low_to_high_anchor,14,46.282143,,4.2075,4.19,7.142857,100.0,14.285714,35.714286,57.142857,,2,14,0.305357,-0.99
red_box_edge,red_edge_3,L9 -> red_box_edge::red_edge_3,level_name_anchor,13,45.656731,L9,4.788846,4.565,7.692308,92.307692,23.076923,38.461538,53.846154,,,13,0.575769,-0.49
red_box_edge,red_edge_3,rank_high_9 -> red_box_edge::red_edge_3,rank_high_to_low_anchor,13,45.656731,,4.788846,4.565,7.692308,92.307692,23.076923,38.461538,53.846154,9,,13,0.575769,-0.49
green_box_edge,green_edge_2,L2 -> green_box_edge::green_edge_2,level_name_anchor,17,45.616176,L2,4.253529,3.61,11.764706,94.117647,17.647059,29.411765,58.823529,,,17,0.467647,0.37
green_box_edge,green_edge_2,rank_high_2 -> green_box_edge::green_edge_2,rank_high_to_low_anchor,17,45.616176,,4.253529,3.61,11.764706,94.117647,17.647059,29.411765,58.823529,2,,17,0.467647,0.37
green_box_quarter,green_box_2_75pct,L2 -> green_box_quarter::green_box_2_75pct,level_name_anchor,20,45.184375,L2,4.695562,4.12625,10.0,95.0,25.0,30.0,60.0,,,20,0.598188,0.475
green_box_quarter,green_box_2_75pct,rank_high_2 -> green_box_quarter::green_box_2_75pct,rank_high_to_low_anchor,20,45.184375,,4.695562,4.12625,10.0,95.0,25.0,30.0,60.0,2,,20,0.598188,0.475
red_box_quarter,red_box_2_75pct,L6 -> red_box_quarter::red_box_2_75pct,level_name_anchor,14,44.89933,L6,3.634732,4.743125,28.571429,100.0,35.714286,35.714286,57.142857,,,14,-1.737411,-2.239375
red_box_quarter,red_box_2_75pct,L6 -> red_box_quarter::red_box_2_75pct,l4_l7_anchor,14,44.89933,L6,3.634732,4.743125,28.571429,100.0,35.714286,35.714286,57.142857,,,14,-1.737411,-2.239375
red_box_quarter,red_box_2_75pct,rank_high_6 -> red_box_quarter::red_box_2_75pct,rank_high_to_low_anchor,14,44.89933,,3.634732,4.743125,28.571429,100.0,35.714286,35.714286,57.142857,6,,14,-1.737411,-2.239375
green_box_quarter,green_box_3_75pct,L2 -> green_box_quarter::green_box_3_75pct,level_name_anchor,22,44.874006,L2,4.236364,4.203125,18.181818,95.454545,27.272727,27.272727,63.636364,,,22,-1.028636,-1.175
green_box_quarter,green_box_3_75pct,rank_high_2 -> green_box_quarter::green_box_3_75pct,rank_high_to_low_anchor,22,44.874006,,4.236364,4.203125,18.181818,95.454545,27.272727,27.272727,63.636364,2,,22,-1.028636,-1.175
green_box_edge,green_edge_2,rank_low_7 -> green_box_edge::green_edge_2,rank_low_to_high_anchor,36,44.852778,,5.042222,4.61,5.555556,94.444444,16.666667,27.777778,61.111111,,7,36,-0.037222,-1.245
green_box_quarter,green_box_3_25pct,L2 -> green_box_quarter::green_box_3_25pct,level_name_anchor,24,44.828125,L2,5.264688,4.52875,8.333333,91.666667,20.833333,29.166667,62.5,,,24,0.764062,1.845625
green_box_quarter,green_box_3_25pct,rank_high_2 -> green_box_quarter::green_box_3_25pct,rank_high_to_low_anchor,24,44.828125,,5.264688,4.52875,8.333333,91.666667,20.833333,29.166667,62.5,2,,24,0.764062,1.845625
red_box_midline,red_mid_3,rank_low_3 -> red_box_midline::red_mid_3,rank_low_to_high_anchor,9,44.051389,,7.861667,4.295,11.111111,77.777778,22.222222,33.333333,55.555556,,3,9,-6.944444,-4.295
green_box_quarter,green_box_3_75pct,rank_low_9 -> green_box_quarter::green_box_3_75pct,rank_low_to_high_anchor,18,43.77309,,5.045972,4.321875,5.555556,94.444444,22.222222,27.777778,61.111111,,9,18,-2.771944,-4.174375
red_box_midline,red_mid_3,L9 -> red_box_midline::red_mid_3,level_name_anchor,15,43.308333,L9,5.987667,4.61,6.666667,80.0,26.666667,33.333333,53.333333,,,15,-4.375,-2.0875
red_box_midline,red_mid_3,rank_high_9 -> red_box_midline::red_mid_3,rank_high_to_low_anchor,15,43.308333,,5.987667,4.61,6.666667,80.0,26.666667,33.333333,53.333333,9,,15,-4.375,-2.0875
red_box_edge,red_edge_2,L10 -> red_box_edge::red_edge_2,level_name_anchor,8,43.3,L10,7.02625,4.75,12.5,75.0,37.5,37.5,50.0,,,8,-4.89625,-2.685
red_box_edge,red_edge_2,rank_high_10 -> red_box_edge::red_edge_2,rank_high_to_low_anchor,8,43.3,,7.02625,4.75,12.5,75.0,37.5,37.5,50.0,10,,8,-4.89625,-2.685
green_box_edge,green_edge_3,rank_low_10 -> green_box_edge::green_edge_3,rank_low_to_high_anchor,15,42.975,,4.424333,4.21,6.666667,93.333333,20.0,26.666667,60.0,,10,15,1.013,-0.91
green_box_midline,green_mid_3,L1 -> green_box_midline::green_mid_3,level_name_anchor,11,42.027841,L1,6.364545,3.9925,9.090909,81.818182,9.090909,27.272727,54.545455,,,11,2.981364,2.555
green_box_midline,green_mid_3,rank_high_1 -> green_box_midline::green_mid_3,rank_high_to_low_anchor,11,42.027841,,6.364545,3.9925,9.090909,81.818182,9.090909,27.272727,54.545455,1,,11,2.981364,2.555
red_box_quarter,red_box_4_75pct,L10 -> red_box_quarter::red_box_4_75pct,level_name_anchor,7,41.955357,L10,4.633393,4.355,0.0,100.0,14.285714,28.571429,57.142857,,,7,2.073036,2.12125
red_box_quarter,red_box_4_75pct,rank_high_10 -> red_box_quarter::red_box_4_75pct,rank_high_to_low_anchor,7,41.955357,,4.633393,4.355,0.0,100.0,14.285714,28.571429,57.142857,10,,7,2.073036,2.12125
green_box_quarter,green_box_3_25pct,rank_low_10 -> green_box_quarter::green_box_3_25pct,rank_low_to_high_anchor,7,41.95,,4.647679,5.5,14.285714,100.0,28.571429,42.857143,42.857143,,10,7,-0.66125,-1.63625
green_box_quarter,green_box_3_25pct,rank_low_9 -> green_box_quarter::green_box_3_25pct,rank_low_to_high_anchor,18,41.94375,,4.892778,4.9425,5.555556,94.444444,22.222222,33.333333,50.0,,9,18,-0.542083,-0.2975
green_box_edge,green_edge_3,rank_low_11 -> green_box_edge::green_edge_3,rank_low_to_high_anchor,6,41.53125,,5.325,4.6275,16.666667,83.333333,33.333333,33.333333,50.0,,11,6,-0.876667,-0.7725
green_box_edge,green_edge_2,L5 -> green_box_edge::green_edge_2,level_name_anchor,5,41.125,L5,5.254,3.35,20.0,80.0,20.0,20.0,60.0,,,5,-0.758,-3.35
green_box_edge,green_edge_2,L5 -> green_box_edge::green_edge_2,l4_l7_anchor,5,41.125,L5,5.254,3.35,20.0,80.0,20.0,20.0,60.0,,,5,-0.758,-3.35
green_box_edge,green_edge_2,rank_high_5 -> green_box_edge::green_edge_2,rank_high_to_low_anchor,5,41.125,,5.254,3.35,20.0,80.0,20.0,20.0,60.0,5,,5,-0.758,-3.35
green_box_quarter,green_box_3_75pct,L1 -> green_box_quarter::green_box_3_75pct,level_name_anchor,21,41.017262,L1,5.358452,5.195,14.285714,100.0,23.809524,33.333333,47.619048,,,21,-1.07619,-1.57875
green_box_quarter,green_box_3_75pct,rank_high_1 -> green_box_quarter::green_box_3_75pct,rank_high_to_low_anchor,21,41.017262,,5.358452,5.195,14.285714,100.0,23.809524,33.333333,47.619048,1,,21,-1.07619,-1.57875
red_box_quarter,red_box_2_75pct,rank_low_1 -> red_box_quarter::red_box_2_75pct,rank_low_to_high_anchor,9,40.991667,,4.84,4.63,11.111111,88.888889,22.222222,22.222222,66.666667,,1,9,-2.278611,-4.2875
green_box_midline,green_mid_3,L4 -> green_box_midline::green_mid_3,level_name_anchor,5,40.6,L4,4.353,5.16,0.0,100.0,20.0,40.0,40.0,,,5,-2.928,-5.16
green_box_midline,green_mid_3,L4 -> green_box_midline::green_mid_3,l4_l7_anchor,5,40.6,L4,4.353,5.16,0.0,100.0,20.0,40.0,40.0,,,5,-2.928,-5.16
green_box_midline,green_mid_3,rank_high_4 -> green_box_midline::green_mid_3,rank_high_to_low_anchor,5,40.6,,4.353,5.16,0.0,100.0,20.0,40.0,40.0,4,,5,-2.928,-5.16
red_box_edge,red_edge_3,rank_low_1 -> red_box_edge::red_edge_3,rank_low_to_high_anchor,19,40.240132,,4.978158,5.085,10.526316,94.736842,26.315789,31.578947,47.368421,,1,19,0.856053,0.845
red_box_edge,red_edge_2,L9 -> red_box_edge::red_edge_2,level_name_anchor,21,39.564286,L9,5.701905,5.3,14.285714,95.238095,28.571429,33.333333,42.857143,,,21,-0.50381,0.73
red_box_quarter,red_box_2_75pct,L8 -> red_box_quarter::red_box_2_75pct,level_name_anchor,14,39.312946,L8,5.818125,4.40625,7.142857,92.857143,21.428571,21.428571,57.142857,,,14,-4.113839,-4.40625
red_box_quarter,red_box_2_75pct,rank_high_8 -> red_box_quarter::red_box_2_75pct,rank_high_to_low_anchor,14,39.312946,,5.818125,4.40625,7.142857,92.857143,21.428571,21.428571,57.142857,8,,14,-4.113839,-4.40625
green_box_midline,green_mid_3,L3 -> green_box_midline::green_mid_3,level_name_anchor,13,38.759615,L3,4.7225,5.17,15.384615,92.307692,23.076923,30.769231,46.153846,,,13,0.015962,-0.38
green_box_midline,green_mid_3,rank_high_3 -> green_box_midline::green_mid_3,rank_high_to_low_anchor,13,38.759615,,4.7225,5.17,15.384615,92.307692,23.076923,30.769231,46.153846,3,,13,0.015962,-0.38
red_box_midline,red_mid_3,rank_low_1 -> red_box_midline::red_mid_3,rank_low_to_high_anchor,17,38.73125,,5.767647,5.1875,11.764706,82.352941,29.411765,29.411765,47.058824,,1,17,-1.844118,0.2025
red_box_quarter,red_box_2_75pct,L9 -> red_box_quarter::red_box_2_75pct,level_name_anchor,9,37.670486,L9,5.701111,5.73625,11.111111,88.888889,11.111111,33.333333,44.444444,,,9,-1.431667,-2.15
red_box_quarter,red_box_2_75pct,rank_high_9 -> red_box_quarter::red_box_2_75pct,rank_high_to_low_anchor,9,37.670486,,5.701111,5.73625,11.111111,88.888889,11.111111,33.333333,44.444444,9,,9,-1.431667,-2.15
red_box_edge,red_edge_2,rank_low_4 -> red_box_edge::red_edge_2,rank_low_to_high_anchor,14,37.55,,4.547143,5.54,7.142857,100.0,21.428571,35.714286,35.714286,,4,14,0.435714,0.545
red_box_edge,red_edge_2,rank_high_9 -> red_box_edge::red_edge_2,rank_high_to_low_anchor,22,37.545455,,5.789091,5.68,13.636364,95.454545,27.272727,31.818182,40.909091,9,,22,-0.134545,0.935
red_box_midline,red_mid_3,L10 -> red_box_midline::red_mid_3,level_name_anchor,10,35.034375,L10,4.8045,4.98625,0.0,100.0,20.0,20.0,50.0,,,10,1.6985,2.47375
green_box_quarter,green_box_2_75pct,rank_low_8 -> green_box_quarter::green_box_2_75pct,rank_low_to_high_anchor,16,35.020312,,5.989688,6.006875,12.5,87.5,25.0,31.25,37.5,,8,16,-0.231562,0.298125
red_box_quarter,red_box_3_25pct,rank_low_2 -> red_box_quarter::red_box_3_25pct,rank_low_to_high_anchor,28,34.175223,,5.272188,5.235625,3.571429,92.857143,17.857143,21.428571,39.285714,,2,28,-2.08442,-2.96375
green_box_edge,green_edge_2,rank_low_10 -> green_box_edge::green_edge_2,rank_low_to_high_anchor,6,34.020833,,10.398333,5.965,16.666667,66.666667,33.333333,33.333333,33.333333,,10,6,8.305,3.82
red_box_quarter,red_box_2_75pct,rank_low_4 -> red_box_quarter::red_box_2_75pct,rank_low_to_high_anchor,12,33.898438,,4.337188,4.920625,8.333333,100.0,16.666667,16.666667,50.0,,4,12,-0.398021,0.158125
red_box_midline,red_mid_3,rank_high_10 -> red_box_midline::red_mid_3,rank_high_to_low_anchor,11,32.676705,,4.982955,5.1875,0.0,100.0,18.181818,18.181818,45.454545,10,,11,2.159318,3.4725
green_box_quarter,green_box_3_25pct,L1 -> green_box_quarter::green_box_3_25pct,level_name_anchor,19,32.227632,L1,5.595789,6.29,10.526316,89.473684,15.789474,26.315789,36.842105,,,19,1.08,-0.12125
green_box_quarter,green_box_3_25pct,rank_high_1 -> green_box_quarter::green_box_3_25pct,rank_high_to_low_anchor,18,31.784896,,5.691875,6.339375,11.111111,88.888889,16.666667,27.777778,33.333333,1,,18,0.925208,-0.87875
red_box_quarter,red_box_2_75pct,rank_low_3 -> red_box_quarter::red_box_2_75pct,rank_low_to_high_anchor,16,30.859375,,5.105859,5.42125,6.25,100.0,12.5,18.75,37.5,,3,16,-3.478047,-5.42125
green_box_edge,green_edge_2,L4 -> green_box_edge::green_edge_2,level_name_anchor,17,30.785294,L4,5.673529,5.66,5.882353,88.235294,11.764706,17.647059,41.176471,,,17,-3.587647,-4.93
green_box_edge,green_edge_2,L4 -> green_box_edge::green_edge_2,l4_l7_anchor,17,30.785294,L4,5.673529,5.66,5.882353,88.235294,11.764706,17.647059,41.176471,,,17,-3.587647,-4.93
green_box_edge,green_edge_2,rank_high_4 -> green_box_edge::green_edge_2,rank_high_to_low_anchor,17,30.785294,,5.673529,5.66,5.882353,88.235294,11.764706,17.647059,41.176471,4,,17,-3.587647,-4.93
green_box_midline,green_mid_4,rank_low_10 -> green_box_midline::green_mid_4,rank_low_to_high_anchor,7,28.499107,,6.040357,5.7375,0.0,85.714286,0.0,14.285714,42.857143,,10,7,-2.614643,-4.115
red_box_quarter,red_box_3_25pct,L11 -> red_box_quarter::red_box_3_25pct,level_name_anchor,6,28.245833,L11,10.203542,8.275,0.0,50.0,16.666667,33.333333,33.333333,,,6,2.771875,2.213125
red_box_quarter,red_box_3_25pct,rank_high_11 -> red_box_quarter::red_box_3_25pct,rank_high_to_low_anchor,6,28.245833,,10.203542,8.275,0.0,50.0,16.666667,33.333333,33.333333,11,,6,2.771875,2.213125
green_box_edge,green_edge_4,rank_low_9 -> green_box_edge::green_edge_4,rank_low_to_high_anchor,5,27.025,,18.8,6.99,0.0,60.0,0.0,20.0,40.0,,9,5,17.44,6.99
green_box_quarter,green_box_3_75pct,rank_low_10 -> green_box_quarter::green_box_3_75pct,rank_low_to_high_anchor,10,25.171875,,5.690625,6.13125,10.0,100.0,10.0,10.0,40.0,,10,10,0.960875,-1.61625
green_box_midline,green_mid_3,rank_low_10 -> green_box_midline::green_mid_3,rank_low_to_high_anchor,8,23.765625,,6.274062,6.81375,0.0,87.5,12.5,12.5,37.5,,10,8,-2.237812,-3.82125
green_box_edge,green_edge_2,rank_low_9 -> green_box_edge::green_edge_2,rank_low_to_high_anchor,11,22.484091,,6.62,5.81,0.0,72.727273,0.0,9.090909,27.272727,,9,11,-1.898182,-3.92
red_box_edge,red_edge_3,L10 -> red_box_edge::red_edge_3,level_name_anchor,12,21.7125,L10,5.705417,5.795,8.333333,100.0,8.333333,8.333333,25.0,,,12,2.127917,5.39
red_box_edge,red_edge_3,rank_high_10 -> red_box_edge::red_edge_3,rank_high_to_low_anchor,12,21.7125,,5.705417,5.795,8.333333,100.0,8.333333,8.333333,25.0,10,,12,2.127917,5.39
green_box_edge,green_edge_4,L2 -> green_box_edge::green_edge_4,level_name_anchor,5,14.5,L2,20.976,13.25,0.0,40.0,0.0,20.0,20.0,,,5,20.976,13.25
green_box_edge,green_edge_4,rank_high_2 -> green_box_edge::green_edge_4,rank_high_to_low_anchor,5,14.5,,20.976,13.25,0.0,40.0,0.0,20.0,20.0,2,,5,20.976,13.25
red_box_edge,red_edge_4,L10 -> red_box_edge::red_edge_4,level_name_anchor,8,12.675,L10,22.85625,19.81,0.0,37.5,12.5,12.5,25.0,,,8,-20.59875,-19.81
red_box_edge,red_edge_4,rank_high_10 -> red_box_edge::red_edge_4,rank_high_to_low_anchor,8,12.675,,22.85625,19.81,0.0,37.5,12.5,12.5,25.0,10,,8,-20.59875,-19.81
red_box_edge,red_edge_4,rank_low_1 -> red_box_edge::red_edge_4,rank_low_to_high_anchor,18,12.355556,,214.728333,28.32,5.555556,27.777778,11.111111,11.111111,22.222222,,1,18,-214.345,-28.32
green_box_edge,green_edge_4,rank_low_10 -> green_box_edge::green_edge_4,rank_low_to_high_anchor,13,10.530769,,19.68,15.93,0.0,38.461538,7.692308,7.692308,23.076923,,10,13,19.68,15.93
green_box_edge,green_edge_4,L1 -> green_box_edge::green_edge_4,level_name_anchor,18,9.855556,L1,26.201111,19.965,0.0,33.333333,5.555556,5.555556,22.222222,,,18,25.823333,19.965
green_box_edge,green_edge_4,rank_high_1 -> green_box_edge::green_edge_4,rank_high_to_low_anchor,18,9.855556,,26.201111,19.965,0.0,33.333333,5.555556,5.555556,22.222222,1,,18,25.823333,19.965
red_box_edge,red_edge_4,L9 -> red_box_edge::red_edge_4,level_name_anchor,7,0.7,L9,25.182857,28.52,0.0,14.285714,0.0,0.0,0.0,,,7,-25.182857,-28.52
red_box_edge,red_edge_4,rank_high_9 -> red_box_edge::red_edge_4,rank_high_to_low_anchor,7,0.7,,25.182857,28.52,0.0,14.285714,0.0,0.0,0.0,9,,7,-25.182857,-28.52
