live_ordered_ladder_available,live_ordered_ladder_valid,live_ordered_combo_score,live_reference_price,live_reference_source,live_channel_state,live_channel_norm,live_bracketed_by_L5_L6,live_inside_L4_L7,L4_live_cluster_rank,L4_cluster_mid,L4_cluster_min,L4_cluster_max,L4_cluster_width,L4_live_offset,L4_actual,L4_abs_error,L4_within_3,L4_within_5,L5_live_cluster_rank,L5_cluster_mid,L5_cluster_min,L5_cluster_max,L5_cluster_width,L5_live_offset,L5_actual,L5_abs_error,L5_within_3,L5_within_5,L6_live_cluster_rank,L6_cluster_mid,L6_cluster_min,L6_cluster_max,L6_cluster_width,L6_live_offset,L6_actual,L6_abs_error,L6_within_3,L6_within_5,L7_live_cluster_rank,L7_cluster_mid,L7_cluster_min,L7_cluster_max,L7_cluster_width,L7_live_offset,L7_actual,L7_abs_error,L7_within_3,L7_within_5,live_ordered_ladder_median_abs_error,live_ordered_ladder_mean_abs_error,live_ordered_ladder_pct_within_3,live_ordered_ladder_pct_within_5,live_ordered_ladder_total_width,live_ordered_ladder_mean_rank,level_date,prev_date,range_bucket,close_position_bucket,rows_bucket
True,True,330.135081,3865.54,PREV_CLOSE_PROXY,,NEUTRAL,False,True,1.0,3884.8525,3884.8525,3884.8525,0.0,19.3125,3867.44,17.4125,False,False,1.0,3871.403333,3871.403333,3871.403333,0.0,5.863333,3849.38,22.023333,False,False,1.0,3871.3175,3871.3175,3871.3175,0.0,5.7775,3832.79,38.5275,False,False,1.0,3850.32625,3850.32625,3850.32625,0.0,-15.21375,3817.0,33.32625,False,False,27.674792,27.822396,0.0,0.0,0.0,1.0,2025-10-02,2025-10-01,RANGE_COMPRESSED_0_60,CLOSE_POS_LOWER_THIRD,ROWS_STANDARD_9_10
True,True,372.034229,3856.24,PREV_CLOSE_PROXY,,NEUTRAL,True,True,1.0,3877.3225,3877.3225,3877.3225,0.0,21.0825,3854.23,23.0925,False,False,1.0,3857.423333,3857.423333,3857.423333,0.0,1.183333,3833.88,23.543333,False,False,1.0,3846.2075,3846.2075,3846.2075,0.0,-10.0325,3813.75,32.4575,False,False,1.0,3829.61125,3829.61125,3829.61125,0.0,-26.62875,3794.9,34.71125,False,False,28.000417,28.451146,0.0,0.0,0.0,1.0,2025-10-03,2025-10-02,RANGE_NORMAL_60_120,CLOSE_POS_MIDDLE_THIRD,ROWS_STANDARD_9_10
True,True,57.778985,3886.43,PREV_CLOSE_PROXY,,NEUTRAL,False,False,1.0,3855.929982,3855.929982,3855.929982,0.0,-30.500018,3872.61,16.680018,False,False,1.0,3839.41375,3839.41375,3839.41375,0.0,-47.01625,3851.28,11.86625,False,False,1.0,3818.51125,3818.51125,3818.51125,0.0,-67.91875,3830.61,12.09875,False,False,1.0,3797.60875,3797.60875,3797.60875,0.0,-88.82125,3810.83,13.22125,False,False,12.66,13.466567,0.0,0.0,0.0,1.0,2025-10-06,2025-10-03,RANGE_COMPRESSED_0_60,CLOSE_POS_UPPER_THIRD,ROWS_SPARSE_1_8
True,True,198.163072,3961.0,PREV_CLOSE_PROXY,,NEUTRAL,False,False,1.0,3948.6225,3948.6225,3948.6225,0.0,-12.3775,3964.13,15.5075,False,False,1.0,3938.47,3938.47,3938.47,0.0,-22.53,3946.24,7.77,False,False,1.0,3913.2875,3913.2875,3913.2875,0.0,-47.7125,3927.93,14.6425,False,False,1.0,3897.74625,3897.74625,3897.74625,0.0,-63.25375,3710.52,187.22625,False,False,15.075,56.286563,0.0,0.0,0.0,1.0,2025-10-07,2025-10-06,RANGE_NORMAL_60_120,CLOSE_POS_UPPER_THIRD,ROWS_SPARSE_1_8
True,True,126.309019,3984.32,PREV_CLOSE_PROXY,,NEUTRAL,False,False,1.0,3972.06,3972.06,3972.06,0.0,-12.26,3970.41,1.65,True,True,1.0,3953.365,3953.365,3953.365,0.0,-30.955,3949.74,3.625,False,True,1.0,3930.865,3930.865,3930.865,0.0,-53.455,3929.69,1.175,True,True,1.0,3910.8,3910.8,3910.8,0.0,-73.52,3910.27,0.53,True,True,1.4125,1.745,75.0,100.0,0.0,1.0,2025-10-08,2025-10-07,RANGE_COMPRESSED_0_60,CLOSE_POS_UPPER_THIRD,ROWS_SPARSE_1_8
True,True,224.356505,4041.38,PREV_CLOSE_PROXY,,NEUTRAL,False,True,1.0,4041.38,4041.38,4041.38,0.0,0.0,4038.76,2.62,True,True,1.0,4040.21,4040.21,4040.21,0.0,-1.17,4019.13,21.08,False,False,1.0,4023.035,4023.035,4023.035,0.0,-18.345,4001.52,21.515,False,False,1.0,3847.56,3847.56,3847.56,0.0,-193.82,3985.35,137.79,False,False,21.2975,45.75125,25.0,25.0,0.0,1.0,2025-10-09,2025-10-08,RANGE_NORMAL_60_120,CLOSE_POS_UPPER_THIRD,ROWS_SPARSE_1_8
True,True,377.352072,3975.96,PREV_CLOSE_PROXY,,NEUTRAL,True,True,1.0,4029.7025,4029.7025,4029.7025,0.0,53.7425,3999.31,30.3925,False,False,1.0,4004.30875,4004.30875,4004.30875,0.0,28.34875,3980.31,23.99875,False,False,1.0,3950.6275,3950.6275,3950.6275,0.0,-25.3325,3961.97,11.3425,False,False,1.0,3944.84,3944.84,3944.84,0.0,-31.12,3943.24,1.6,True,True,17.670625,16.833437,25.0,25.0,0.0,1.0,2025-10-10,2025-10-09,RANGE_NORMAL_60_120,CLOSE_POS_LOWER_THIRD,ROWS_STANDARD_9_10
True,True,216.234251,4012.42,PREV_CLOSE_PROXY,,NEUTRAL,False,False,1.0,4003.8475,4003.8475,4003.8475,0.0,-8.5725,4010.88,7.0325,False,False,1.0,3994.056667,3994.056667,3994.056667,0.0,-18.363333,3994.06,0.003333,True,True,1.0,3973.4025,3973.4025,3973.4025,0.0,-39.0175,3974.97,1.5675,True,True,1.0,3956.63875,3956.63875,3956.63875,0.0,-55.78125,3956.47,0.16875,True,True,0.868125,2.193021,75.0,75.0,0.0,1.0,2025-10-13,2025-10-10,RANGE_NORMAL_60_120,CLOSE_POS_UPPER_THIRD,ROWS_STANDARD_9_10
True,True,203.368448,4110.41,PREV_CLOSE_PROXY,,NEUTRAL,False,True,1.0,4110.41,4110.41,4110.41,0.0,0.0,4108.96,1.45,True,True,2.0,4074.46,4074.46,4074.46,0.0,-35.95,4093.64,19.18,False,False,1.0,4052.60125,4052.60125,4052.60125,0.0,-57.80875,4078.18,25.57875,False,False,1.0,4022.60125,4022.60125,4022.60125,0.0,-87.80875,4061.81,39.20875,False,False,22.379375,21.354375,25.0,25.0,0.0,1.25,2025-10-14,2025-10-13,RANGE_WIDE_120_220,CLOSE_POS_UPPER_THIRD,ROWS_SPARSE_1_8
True,True,158.361688,4142.14,PREV_CLOSE_PROXY,,NEUTRAL,False,True,1.0,4142.14,4142.14,4142.14,0.0,0.0,4150.06,7.92,False,False,1.0,4105.3525,4105.3525,4105.3525,0.0,-36.7875,4135.03,29.6775,False,False,1.0,4090.265,4090.265,4090.265,0.0,-51.875,4119.47,29.205,False,False,1.0,4060.44,4060.44,4060.44,0.0,-81.7,4105.05,44.61,False,False,29.44125,27.853125,0.0,0.0,0.0,1.0,2025-10-15,2025-10-14,RANGE_NORMAL_60_120,CLOSE_POS_MIDDLE_THIRD,ROWS_STANDARD_9_10
True,True,252.5792,4208.11,PREV_CLOSE_PROXY,,NEUTRAL,False,False,1.0,4204.8775,4204.8775,4204.8775,0.0,-3.2325,4201.69,3.1875,False,True,1.0,4189.07,4189.07,4189.07,0.0,-19.04,4189.9,0.83,True,True,1.0,4169.03264,4167.665,4170.40028,2.73528,-39.07736,4177.27,8.23736,False,False,1.0,4150.79,4150.4725,4151.1075,0.635,-57.32,4162.99,12.2,False,False,5.71243,6.113715,25.0,50.0,3.37028,1.0,2025-10-16,2025-10-15,RANGE_NORMAL_60_120,CLOSE_POS_UPPER_THIRD,ROWS_STANDARD_9_10
True,True,190.119492,4325.92,PREV_CLOSE_PROXY,,NEUTRAL,False,False,1.0,4320.4125,4320.4125,4320.4125,0.0,-5.5075,4305.21,15.2025,False,False,1.0,4300.32875,4300.32875,4300.32875,0.0,-25.59125,4289.52,10.80875,False,False,1.0,4290.4125,4290.4125,4290.4125,0.0,-35.5075,4275.71,14.7025,False,False,1.0,4270.32875,4270.32875,4270.32875,0.0,-55.59125,4263.05,7.27875,False,False,12.755625,11.998125,0.0,0.0,0.0,1.0,2025-10-17,2025-10-16,RANGE_WIDE_120_220,CLOSE_POS_UPPER_THIRD,ROWS_EXTENDED_11_PLUS
True,True,144.686227,4252.68,PREV_CLOSE_PROXY,,NEUTRAL,False,False,1.0,4353.7725,4353.7725,4353.7725,0.0,101.0925,4286.39,67.3825,False,False,1.0,4324.815625,4323.7725,4325.85875,2.08625,72.135625,4249.57,75.245625,False,False,1.0,4323.7725,4323.7725,4323.7725,0.0,71.0925,4218.98,104.7925,False,False,1.0,4295.85875,4295.85875,4295.85875,0.0,43.17875,4188.96,106.89875,False,False,90.019063,88.579844,0.0,0.0,2.08625,1.0,2025-10-20,2025-10-17,RANGE_WIDE_120_220,CLOSE_POS_MIDDLE_THIRD,ROWS_STANDARD_9_10
True,True,159.654964,4356.3,PREV_CLOSE_PROXY,,NEUTRAL,False,False,1.0,4339.28,4339.28,4339.28,0.0,-17.02,4336.24,3.04,False,True,1.0,4333.31,4333.31,4333.31,0.0,-22.99,4302.55,30.76,False,False,1.0,4315.25,4315.25,4315.25,0.0,-41.05,4275.67,39.58,False,False,1.0,4300.25,4300.25,4300.25,0.0,-56.05,4241.47,58.78,False,False,35.17,33.04,0.0,25.0,0.0,1.0,2025-10-21,2025-10-20,RANGE_WIDE_120_220,CLOSE_POS_UPPER_THIRD,ROWS_EXTENDED_11_PLUS
True,True,282.011881,4124.9,PREV_CLOSE_PROXY,,NEUTRAL,True,True,1.0,4203.52875,4203.52875,4203.52875,0.0,78.62875,4243.57,40.04125,False,False,1.0,4173.52875,4173.52875,4173.52875,0.0,48.62875,4216.07,42.54125,False,False,1.0,4092.77625,4092.77625,4092.77625,0.0,-32.12375,4182.91,90.13375,False,False,1.0,4012.02375,4012.02375,4012.02375,0.0,-112.87625,4144.81,132.78625,False,False,66.3375,76.375625,0.0,0.0,0.0,1.0,2025-10-22,2025-10-21,RANGE_EXTREME_220_PLUS,CLOSE_POS_LOWER_THIRD,ROWS_EXTENDED_11_PLUS
True,True,113.184805,4098.38,PREV_CLOSE_PROXY,,NEUTRAL,False,False,1.0,4082.975,4082.975,4082.975,0.0,-15.405,4177.89,94.915,False,False,1.0,4056.869948,4056.869948,4056.869948,0.0,-41.510052,4147.32,90.450052,False,False,1.0,4027.98875,4027.98875,4027.98875,0.0,-70.39125,4104.93,76.94125,False,False,1.0,4004.66,4004.66,4004.66,0.0,-93.72,4068.85,64.19,False,False,83.695651,81.624075,0.0,0.0,0.0,1.0,2025-10-23,2025-10-22,RANGE_WIDE_120_220,CLOSE_POS_MIDDLE_THIRD,ROWS_STANDARD_9_10
True,True,321.063586,4125.98,PREV_CLOSE_PROXY,,NEUTRAL,False,True,1.0,4139.91125,4139.91125,4139.91125,0.0,13.93125,4171.67,31.75875,False,False,1.0,4115.61,4115.61,4115.61,0.0,-10.37,4135.65,20.04,False,False,1.0,4110.25375,4110.25375,4110.25375,0.0,-15.72625,4099.72,10.53375,False,False,1.0,4078.8925,4077.18875,4080.59625,3.4075,-47.0875,4061.44,17.4525,False,False,18.74625,19.94625,0.0,0.0,3.4075,1.0,2025-10-24,2025-10-23,RANGE_NORMAL_60_120,CLOSE_POS_UPPER_THIRD,ROWS_STANDARD_9_10
True,True,378.53946,4112.26,PREV_CLOSE_PROXY,,NEUTRAL,True,True,1.0,4158.24375,4158.24375,4158.24375,0.0,45.98375,4166.24,7.99625,False,False,1.0,4119.4875,4119.4875,4119.4875,0.0,7.2275,4129.36,9.8725,False,False,2.0,4095.73125,4095.73125,4095.73125,0.0,-16.52875,4091.91,3.82125,False,True,1.0,4056.95625,4056.95625,4056.95625,0.0,-55.30375,4056.5,0.45625,True,True,5.90875,5.536562,25.0,50.0,0.0,1.25,2025-10-27,2025-10-24,RANGE_NORMAL_60_120,CLOSE_POS_UPPER_THIRD,ROWS_STANDARD_9_10
True,True,244.544714,3981.07,PREV_CLOSE_PROXY,,NEUTRAL,False,True,1.0,4067.3,4067.3,4067.3,0.0,86.23,4133.51,66.21,False,False,1.0,4017.449954,4017.449954,4017.449954,0.0,36.379954,4092.09,74.640046,False,False,1.0,3992.525,3992.525,3992.525,0.0,11.455,4059.5,66.975,False,False,1.0,3971.57,3971.57,3971.57,0.0,-9.5,4025.25,53.68,False,False,66.5925,65.376261,0.0,0.0,0.0,1.0,2025-10-28,2025-10-27,RANGE_WIDE_120_220,CLOSE_POS_LOWER_THIRD,ROWS_EXTENDED_11_PLUS
True,True,290.477484,3952.66,PREV_CLOSE_PROXY,,NEUTRAL,True,True,1.0,4029.3325,4029.3325,4029.3325,0.0,76.6725,4053.69,24.3575,False,False,1.0,4008.945,4008.945,4008.945,0.0,56.285,4020.72,11.775,False,False,1.0,3907.0075,3907.0075,3907.0075,0.0,-45.6525,3988.68,81.6725,False,False,1.0,3886.62,3886.62,3886.62,0.0,-66.04,3960.38,73.76,False,False,49.05875,47.89125,0.0,0.0,0.0,1.0,2025-10-29,2025-10-28,RANGE_WIDE_120_220,CLOSE_POS_MIDDLE_THIRD,ROWS_STANDARD_9_10
True,True,308.882527,3930.12,PREV_CLOSE_PROXY,,NEUTRAL,False,True,1.0,3968.91875,3968.91875,3968.91875,0.0,38.79875,4090.3,121.38125,False,False,1.0,3950.6725,3950.6725,3950.6725,0.0,20.5525,4056.8,106.1275,False,False,1.0,3932.42625,3932.42625,3932.42625,0.0,2.30625,4023.85,91.42375,False,False,1.0,3914.18,3914.18,3914.18,0.0,-15.94,3991.27,77.09,False,False,98.775625,99.005625,0.0,0.0,0.0,1.0,2025-10-30,2025-10-29,RANGE_NORMAL_60_120,CLOSE_POS_LOWER_THIRD,ROWS_EXTENDED_11_PLUS
True,True,262.525468,4024.28,PREV_CLOSE_PROXY,,NEUTRAL,False,True,1.0,4039.49875,4039.49875,4039.49875,0.0,15.21875,4053.95,14.45125,False,False,1.0,4009.49875,4009.49875,4009.49875,0.0,-14.78125,4020.43,10.93125,False,False,1.0,3974.05625,3974.05625,3974.05625,0.0,-50.22375,3988.15,14.09375,False,False,1.0,3956.335,3956.335,3956.335,0.0,-67.945,3959.89,3.555,False,True,12.5125,10.757812,0.0,25.0,0.0,1.0,2025-10-31,2025-10-30,RANGE_NORMAL_60_120,CLOSE_POS_UPPER_THIRD,ROWS_STANDARD_9_10
True,True,387.740909,4002.19,PREV_CLOSE_PROXY,,NEUTRAL,True,True,1.0,4024.215,4024.215,4024.215,0.0,22.025,4042.58,18.365,False,False,1.0,4007.21375,4007.21375,4007.21375,0.0,5.02375,4013.99,6.77625,False,False,1.0,3994.215,3994.215,3994.215,0.0,-7.975,3985.4,8.815,False,False,1.0,3981.21625,3981.21625,3981.21625,0.0,-20.97375,3953.24,27.97625,False,False,13.59,15.483125,0.0,0.0,0.0,1.0,2025-11-03,2025-10-31,RANGE_NORMAL_60_120,CLOSE_POS_MIDDLE_THIRD,ROWS_EXTENDED_11_PLUS
True,True,323.689021,4001.26,PREV_CLOSE_PROXY,,NEUTRAL,False,True,1.0,4011.435,4011.435,4011.435,0.0,10.175,4037.15,25.715,False,False,1.0,3993.73125,3993.73125,3993.73125,0.0,-7.52875,4011.32,17.58875,False,False,1.0,3981.435,3981.435,3981.435,0.0,-19.825,3978.19,3.245,False,True,1.0,3969.13875,3969.13875,3969.13875,0.0,-32.12125,3947.62,21.51875,False,False,19.55375,17.016875,0.0,25.0,0.0,1.0,2025-11-04,2025-11-03,RANGE_NORMAL_60_120,CLOSE_POS_MIDDLE_THIRD,ROWS_STANDARD_9_10
True,True,281.085124,3931.9,PREV_CLOSE_PROXY,,NEUTRAL,False,True,1.0,3968.95125,3968.95125,3968.95125,0.0,37.05125,3973.68,4.72875,False,True,1.0,3955.5775,3955.5775,3955.5775,0.0,23.6775,3944.85,10.7275,False,False,1.0,3942.20375,3942.20375,3942.20375,0.0,10.30375,3916.74,25.46375,False,False,1.0,3928.83,3928.83,3928.83,0.0,-3.07,3888.49,40.34,False,False,18.095625,20.315,0.0,25.0,0.0,1.0,2025-11-05,2025-11-04,RANGE_NORMAL_60_120,CLOSE_POS_LOWER_THIRD,ROWS_SPARSE_1_8
True,True,367.293306,3979.04,PREV_CLOSE_PROXY,,NEUTRAL,True,True,1.0,4020.51,4020.51,4020.51,0.0,41.47,4026.17,5.66,False,False,1.0,3997.685,3997.685,3997.685,0.0,18.645,3999.38,1.695,True,True,2.0,3964.850417,3963.4475,3966.253333,2.805833,-14.189583,3971.33,6.479583,False,False,1.0,3944.86,3944.86,3944.86,0.0,-34.18,3946.09,1.23,True,True,3.6775,3.766146,50.0,50.0,2.805833,1.25,2025-11-06,2025-11-05,RANGE_NORMAL_60_120,CLOSE_POS_UPPER_THIRD,ROWS_STANDARD_9_10
True,True,238.951122,3976.93,PREV_CLOSE_PROXY,,NEUTRAL,False,True,1.0,3982.909982,3982.909982,3982.909982,0.0,5.979982,3994.41,11.500018,False,False,1.0,3966.45375,3966.45375,3966.45375,0.0,-10.47625,3965.9,0.55375,True,True,1.0,3945.19125,3945.19125,3945.19125,0.0,-31.73875,3939.99,5.20125,False,False,1.0,3923.92875,3923.92875,3923.92875,0.0,-53.00125,3916.67,7.25875,False,False,6.23,6.128442,25.0,25.0,0.0,1.0,2025-11-07,2025-11-06,RANGE_COMPRESSED_0_60,CLOSE_POS_LOWER_THIRD,ROWS_SPARSE_1_8
True,True,212.01275,4000.84,PREV_CLOSE_PROXY,,NEUTRAL,False,True,1.0,4003.308542,4000.963333,4005.65375,4.690417,2.468542,4017.8,14.491459,False,False,1.0,3986.346875,3984.91125,3987.7825,2.87125,-14.493125,3992.42,6.073125,False,False,1.0,3965.2825,3965.2825,3965.2825,0.0,-35.5575,3968.14,2.8575,True,True,1.0,3944.54,3944.54,3944.54,0.0,-56.3,3943.22,1.32,True,True,4.465312,6.185521,50.0,50.0,7.561667,1.0,2025-11-10,2025-11-07,RANGE_COMPRESSED_0_60,CLOSE_POS_MIDDLE_THIRD,ROWS_STANDARD_9_10
True,True,276.197245,4115.78,PREV_CLOSE_PROXY,,NEUTRAL,False,True,1.0,4146.47,4146.47,4146.47,0.0,30.69,4158.14,11.67,False,False,1.0,4109.315,4109.315,4109.315,0.0,-6.465,4131.74,22.425,False,False,1.0,4076.81502,4076.7,4076.93004,0.23004,-38.96498,4099.17,22.35498,False,False,1.0,4042.66142,4042.16,4043.16284,1.00284,-73.11858,4067.01,24.34858,False,False,22.38999,20.19964,0.0,0.0,1.23288,1.0,2025-11-11,2025-11-10,RANGE_NORMAL_60_120,CLOSE_POS_UPPER_THIRD,ROWS_STANDARD_9_10
True,True,252.200874,4126.6,PREV_CLOSE_PROXY,,NEUTRAL,False,True,1.0,4138.78375,4138.78375,4138.78375,0.0,12.18375,4129.0,9.78375,False,False,1.0,4114.426649,4114.426649,4114.426649,0.0,-12.173351,4097.81,16.616649,False,False,1.0,4087.6025,4087.6025,4087.6025,0.0,-38.9975,4064.25,23.3525,False,False,1.0,4067.13,4067.13,4067.13,0.0,-59.47,4034.75,32.38,False,False,19.984575,20.533225,0.0,0.0,0.0,1.0,2025-11-12,2025-11-11,RANGE_COMPRESSED_0_60,CLOSE_POS_MIDDLE_THIRD,ROWS_SPARSE_1_8
True,True,358.228852,4195.32,PREV_CLOSE_PROXY,,NEUTRAL,True,True,1.0,4259.605,4259.605,4259.605,0.0,64.285,4233.19,26.415,False,False,1.0,4206.04,4206.04,4206.04,0.0,10.72,4204.6,1.44,True,True,1.0,4168.66,4168.66,4168.66,0.0,-26.66,4175.81,7.15,False,False,1.0,4141.17244,4140.33,4142.01488,1.68488,-54.14756,4146.28,5.10756,False,False,6.12878,10.02814,25.0,25.0,1.68488,1.0,2025-11-13,2025-11-12,RANGE_NORMAL_60_120,CLOSE_POS_UPPER_THIRD,ROWS_STANDARD_9_10
True,True,-23.535551,4171.26,PREV_CLOSE_PROXY,,NEUTRAL,False,False,1.0,4307.45,4307.45,4307.45,0.0,136.19,4270.12,37.33,False,False,1.0,4275.05,4275.05,4275.05,0.0,103.79,4239.31,35.74,False,False,1.0,4242.65,4242.65,4242.65,0.0,71.39,4205.65,37.0,False,False,1.0,4211.850033,4211.850033,4211.850033,0.0,40.590033,4177.38,34.470033,False,False,36.37,36.135008,0.0,0.0,0.0,1.0,2025-11-14,2025-11-13,RANGE_NORMAL_60_120,CLOSE_POS_LOWER_THIRD,ROWS_EXTENDED_11_PLUS
True,True,31.14113,4085.1,PREV_CLOSE_PROXY,,NEUTRAL,False,False,1.0,4241.27,4241.27,4241.27,0.0,156.17,4111.02,130.25,False,False,1.0,4188.8975,4188.8975,4188.8975,0.0,103.7975,4076.11,112.7875,False,False,1.0,4142.89964,4142.89964,4142.89964,0.0,57.79964,4041.59,101.30964,False,False,1.0,4106.78,4106.78,4106.78,0.0,21.68,4009.23,97.55,False,False,107.04857,110.474285,0.0,0.0,0.0,1.0,2025-11-17,2025-11-14,RANGE_WIDE_120_220,CLOSE_POS_LOWER_THIRD,ROWS_STANDARD_9_10
True,True,382.261124,4045.52,PREV_CLOSE_PROXY,,NEUTRAL,True,True,1.0,4104.2725,4104.2725,4104.2725,0.0,58.7525,4104.67,0.3975,True,True,1.0,4071.835,4071.835,4071.835,0.0,26.315,4069.43,2.405,True,True,1.0,4031.8975,4031.8975,4031.8975,0.0,-13.6225,4036.18,4.2825,False,True,1.0,4025.61625,4025.61625,4025.61625,0.0,-19.90375,4005.49,20.12625,False,False,3.34375,6.802812,50.0,75.0,0.0,1.0,2025-11-18,2025-11-17,RANGE_NORMAL_60_120,CLOSE_POS_MIDDLE_THIRD,ROWS_STANDARD_9_10
True,True,369.38401,4067.3,PREV_CLOSE_PROXY,,NEUTRAL,True,True,1.0,4098.11,4098.11,4098.11,0.0,30.81,4105.38,7.27,False,False,1.0,4083.82,4083.82,4083.82,0.0,16.52,4070.7,13.12,False,False,1.0,4051.776681,4049.26,4054.293361,5.033361,-15.523319,4040.63,11.146681,False,False,1.0,4025.24,4025.24,4025.24,0.0,-42.06,4008.31,16.93,False,False,12.13334,12.11667,0.0,0.0,5.033361,1.0,2025-11-19,2025-11-18,RANGE_NORMAL_60_120,CLOSE_POS_UPPER_THIRD,ROWS_STANDARD_9_10
True,True,232.899627,4077.81,PREV_CLOSE_PROXY,,NEUTRAL,False,True,1.0,4103.33252,4103.33252,4103.33252,0.0,25.52252,4109.29,5.95748,False,False,1.0,4069.0525,4069.0525,4069.0525,0.0,-8.7575,4074.15,5.0975,False,False,1.0,4039.0525,4039.0525,4039.0525,0.0,-38.7575,4040.63,1.5775,True,True,1.0,4012.2675,4012.2675,4012.2675,0.0,-65.5425,4011.09,1.1775,True,True,3.3375,3.452495,50.0,50.0,0.0,1.0,2025-11-20,2025-11-19,RANGE_NORMAL_60_120,CLOSE_POS_LOWER_THIRD,ROWS_SPARSE_1_8
True,True,392.644474,4077.2,PREV_CLOSE_PROXY,,NEUTRAL,True,True,1.0,4114.945,4114.945,4114.945,0.0,37.745,4109.29,5.655,False,False,1.0,4089.62,4089.62,4089.62,0.0,12.42,4075.93,13.69,False,False,1.0,4060.545,4056.795,4064.295,7.5,-16.655,4043.38,17.165,False,False,1.0,4038.97,4038.97,4038.97,0.0,-38.23,4008.63,30.34,False,False,15.4275,16.7125,0.0,0.0,7.5,1.0,2025-11-21,2025-11-20,RANGE_NORMAL_60_120,CLOSE_POS_MIDDLE_THIRD,ROWS_STANDARD_9_10
True,True,387.974333,4065.26,PREV_CLOSE_PROXY,,NEUTRAL,True,True,1.0,4102.42875,4101.05,4103.8075,2.7575,37.16875,4112.0,9.57125,False,False,1.0,4076.565,4076.565,4076.565,0.0,11.305,4079.5,2.935,True,True,1.0,4045.5725,4041.8225,4049.3225,7.5,-19.6875,4047.0,1.4275,True,True,1.0,4022.08,4022.08,4022.08,0.0,-43.18,4010.46,11.62,False,False,6.253125,6.388438,50.0,50.0,10.2575,1.0,2025-11-24,2025-11-21,RANGE_NORMAL_60_120,CLOSE_POS_MIDDLE_THIRD,ROWS_STANDARD_9_10
True,True,342.12756,4134.62,PREV_CLOSE_PROXY,,NEUTRAL,True,True,1.0,4186.06625,4186.06625,4186.06625,0.0,51.44625,4143.47,42.59625,False,False,1.0,4137.4475,4137.4475,4137.4475,0.0,2.8275,4108.27,29.1775,False,False,1.0,4106.172083,4104.896667,4107.4475,2.550833,-28.447917,4078.21,27.962083,False,False,1.0,4076.65565,4075.035,4078.2763,3.2413,-57.96435,4045.41,31.24565,False,False,30.211575,32.745371,0.0,0.0,5.792133,1.0,2025-11-25,2025-11-24,RANGE_NORMAL_60_120,CLOSE_POS_UPPER_THIRD,ROWS_STANDARD_9_10
True,True,274.272909,4130.64,PREV_CLOSE_PROXY,,NEUTRAL,False,True,1.0,4149.365,4149.365,4149.365,0.0,18.725,4181.28,31.915,False,False,1.0,4126.22665,4126.22665,4126.22665,0.0,-4.41335,4146.58,20.35335,False,False,1.0,4099.59,4099.59,4099.59,0.0,-31.05,4111.42,11.83,False,False,1.0,4079.68,4079.68,4079.68,0.0,-50.96,4082.04,2.36,True,True,16.091675,16.614587,25.0,25.0,0.0,1.0,2025-11-26,2025-11-25,RANGE_COMPRESSED_0_60,CLOSE_POS_MIDDLE_THIRD,ROWS_STANDARD_9_10
True,True,151.288021,4163.7,PREV_CLOSE_PROXY,,NEUTRAL,False,False,1.0,4156.552292,4155.663333,4157.44125,1.777917,-7.147708,4172.25,15.697708,False,False,1.0,4139.885625,4139.03375,4140.7375,1.70375,-23.814375,4143.1,3.214375,False,True,1.0,4118.2375,4118.2375,4118.2375,0.0,-45.4625,4108.29,9.9475,False,False,1.0,4099.83,4099.83,4099.83,0.0,-63.87,4073.19,26.64,False,False,12.822604,13.874896,0.0,25.0,3.481667,1.0,2025-11-27,2025-11-26,RANGE_COMPRESSED_0_60,CLOSE_POS_UPPER_THIRD,ROWS_STANDARD_9_10
True,True,343.146688,4157.37,PREV_CLOSE_PROXY,,NEUTRAL,True,True,2.0,4191.7525,4191.7525,4191.7525,0.0,34.3825,4169.5,22.2525,False,False,1.0,4162.245,4162.245,4162.245,0.0,4.875,4139.9,22.345,False,False,1.0,4142.7,4142.7,4142.7,0.0,-14.67,4110.09,32.61,False,False,1.0,4112.7,4112.7,4112.7,0.0,-44.67,4078.58,34.12,False,False,27.4775,27.831875,0.0,0.0,0.0,1.25,2025-11-28,2025-11-27,RANGE_COMPRESSED_0_60,CLOSE_POS_MIDDLE_THIRD,ROWS_STANDARD_9_10
True,True,372.91278,4219.51,PREV_CLOSE_PROXY,,NEUTRAL,True,True,1.0,4244.0675,4244.0675,4244.0675,0.0,24.5575,4237.83,6.2375,False,False,1.0,4231.255,4231.255,4231.255,0.0,11.745,4209.18,22.075,False,False,1.0,4200.755833,4200.256667,4201.255,0.998333,-18.754167,4188.77,11.985833,False,False,1.0,4175.63,4175.63,4175.63,0.0,-43.88,4164.44,11.19,False,False,11.587916,12.872083,0.0,0.0,0.998333,1.0,2025-12-01,2025-11-28,RANGE_NORMAL_60_120,CLOSE_POS_UPPER_THIRD,ROWS_STANDARD_9_10
True,True,187.248899,4232.12,PREV_CLOSE_PROXY,,NEUTRAL,False,True,1.0,4241.97616,4241.97616,4241.97616,0.0,9.85616,4229.6,12.37616,False,False,1.0,4208.86,4208.86,4208.86,0.0,-23.26,4209.81,0.95,True,True,1.0,4175.44,4175.44,4175.44,0.0,-56.68,4187.32,11.88,False,False,1.0,4142.02,4142.02,4142.02,0.0,-90.1,4167.18,25.16,False,False,12.12808,12.59154,25.0,25.0,0.0,1.0,2025-12-02,2025-12-01,RANGE_COMPRESSED_0_60,CLOSE_POS_MIDDLE_THIRD,ROWS_SPARSE_1_8
True,True,377.864104,4205.64,PREV_CLOSE_PROXY,,NEUTRAL,True,True,1.0,4238.185,4235.98,4240.39,4.41,32.545,4233.23,4.955,False,True,1.0,4216.345,4214.8,4217.89,3.09,10.705,4213.24,3.105,False,True,1.0,4185.46,4181.71,4189.21,7.5,-20.18,4192.7,7.24,False,False,1.0,4163.62,4163.62,4163.62,0.0,-42.02,4170.01,6.39,False,False,5.6725,5.4225,0.0,50.0,15.0,1.0,2025-12-03,2025-12-02,RANGE_NORMAL_60_120,CLOSE_POS_MIDDLE_THIRD,ROWS_STANDARD_9_10
True,True,238.279812,4202.98,PREV_CLOSE_PROXY,,NEUTRAL,False,True,1.0,4223.465,4223.465,4223.465,0.0,20.485,4205.73,17.735,False,False,1.0,4193.465,4193.465,4193.465,0.0,-9.515,4188.05,5.415,False,False,1.0,4174.195,4174.195,4174.195,0.0,-28.785,4167.92,6.275,False,False,1.0,4145.29,4145.29,4145.29,0.0,-57.69,4144.41,0.88,True,True,5.845,7.57625,25.0,25.0,0.0,1.0,2025-12-04,2025-12-03,RANGE_COMPRESSED_0_60,CLOSE_POS_LOWER_THIRD,ROWS_SPARSE_1_8
True,True,151.927671,4208.64,PREV_CLOSE_PROXY,,NEUTRAL,False,False,1.0,4202.011459,4201.056667,4202.96625,1.909583,-6.628541,4205.56,3.548542,False,True,1.0,4185.268125,4184.36875,4186.1675,1.79875,-23.371875,4183.25,2.018125,True,True,1.0,4163.6675,4163.6675,4163.6675,0.0,-44.9725,4164.02,0.3525,True,True,1.0,4145.07,4145.07,4145.07,0.0,-63.57,4143.27,1.8,True,True,1.909063,1.929792,75.0,100.0,3.708333,1.0,2025-12-05,2025-12-04,RANGE_COMPRESSED_0_60,CLOSE_POS_UPPER_THIRD,ROWS_SPARSE_1_8
True,True,352.35581,4199.09,PREV_CLOSE_PROXY,,NEUTRAL,True,True,1.0,4240.685,4240.685,4240.685,0.0,41.595,4209.43,31.255,False,False,1.0,4206.544375,4204.21625,4208.8725,4.65625,7.454375,4188.47,18.074375,False,False,1.0,4174.21625,4174.21625,4174.21625,0.0,-24.87375,4168.88,5.33625,False,False,1.0,4149.90375,4149.90375,4149.90375,0.0,-49.18625,4144.37,5.53375,False,False,11.804063,15.049844,0.0,0.0,4.65625,1.0,2025-12-08,2025-12-05,RANGE_NORMAL_60_120,CLOSE_POS_LOWER_THIRD,ROWS_SPARSE_1_8
True,True,239.217401,4190.56,PREV_CLOSE_PROXY,,NEUTRAL,False,True,1.0,4202.59804,4202.59804,4202.59804,0.0,12.03804,4214.14,11.54196,False,False,1.0,4173.4525,4173.4525,4173.4525,0.0,-17.1075,4191.11,17.6575,False,False,1.0,4155.2575,4155.2575,4155.2575,0.0,-35.3025,4169.53,14.2725,False,False,1.0,4137.0625,4137.0625,4137.0625,0.0,-53.4975,4149.41,12.3475,False,False,13.31,13.954865,0.0,0.0,0.0,1.0,2025-12-09,2025-12-08,RANGE_COMPRESSED_0_60,CLOSE_POS_MIDDLE_THIRD,ROWS_SPARSE_1_8
True,True,149.168365,4208.1,PREV_CLOSE_PROXY,,NEUTRAL,False,False,1.0,4202.021675,4199.82,4204.22335,4.40335,-6.078325,4215.84,13.818325,False,False,1.0,4181.53625,4180.2075,4182.865,2.6575,-26.56375,4194.44,12.90375,False,False,1.0,4160.365,4160.365,4160.365,0.0,-47.735,4173.28,12.915,False,False,1.0,4140.05,4140.05,4140.05,0.0,-68.05,4152.33,12.28,False,False,12.909375,12.979269,0.0,0.0,7.06085,1.0,2025-12-10,2025-12-09,RANGE_COMPRESSED_0_60,CLOSE_POS_UPPER_THIRD,ROWS_SPARSE_1_8
True,True,217.554709,4228.54,PREV_CLOSE_PROXY,,NEUTRAL,False,True,1.0,4231.67125,4231.67125,4231.67125,0.0,3.13125,4212.52,19.15125,False,False,1.0,4210.315,4210.315,4210.315,0.0,-18.225,4192.13,18.185,False,False,1.0,4184.44625,4184.44625,4184.44625,0.0,-44.09375,4173.9,10.54625,False,False,1.0,4162.70875,4162.70875,4162.70875,0.0,-65.83125,4154.37,8.33875,False,False,14.365625,14.055312,0.0,0.0,0.0,1.0,2025-12-11,2025-12-10,RANGE_COMPRESSED_0_60,CLOSE_POS_UPPER_THIRD,ROWS_SPARSE_1_8
True,True,363.25092,4279.59,PREV_CLOSE_PROXY,,NEUTRAL,True,True,1.0,4315.96,4315.96,4315.96,0.0,36.37,4258.86,57.1,False,False,1.0,4288.0675,4288.0675,4288.0675,0.0,8.4775,4245.23,42.8375,False,False,1.0,4257.357084,4256.646667,4258.0675,1.420833,-22.232916,4231.66,25.697084,False,False,1.0,4230.175,4230.175,4230.175,0.0,-49.415,4215.76,14.415,False,False,34.267292,35.012396,0.0,0.0,1.420833,1.0,2025-12-12,2025-12-11,RANGE_NORMAL_60_120,CLOSE_POS_UPPER_THIRD,ROWS_STANDARD_9_10
True,True,387.594034,4299.72,PREV_CLOSE_PROXY,,NEUTRAL,True,True,1.0,4352.85125,4352.1325,4353.57,1.4375,53.13125,4304.36,48.49125,False,False,1.0,4319.323432,4316.9935,4321.653365,4.659865,19.603432,4285.43,33.893432,False,False,1.0,4281.7575,4281.7575,4281.7575,0.0,-17.9625,4264.18,17.5775,False,False,1.0,4257.82,4257.82,4257.82,0.0,-41.9,4244.2,13.62,False,False,25.735466,28.395546,0.0,0.0,6.097365,1.0,2025-12-15,2025-12-12,RANGE_NORMAL_60_120,CLOSE_POS_MIDDLE_THIRD,ROWS_SPARSE_1_8
True,True,248.389237,4304.91,PREV_CLOSE_PROXY,,NEUTRAL,False,True,1.0,4332.825,4332.825,4332.825,0.0,27.915,4320.99,11.835,False,False,1.0,4299.365625,4297.17375,4301.5575,4.38375,-5.544375,4301.91,2.544375,True,True,1.0,4267.17375,4267.17375,4267.17375,0.0,-37.73625,4281.92,14.74625,False,False,1.0,4243.40625,4243.40625,4243.40625,0.0,-61.50375,4264.18,20.77375,False,False,13.290625,12.474844,25.0,25.0,4.38375,1.0,2025-12-16,2025-12-15,RANGE_NORMAL_60_120,CLOSE_POS_LOWER_THIRD,ROWS_SPARSE_1_8
True,True,237.978034,4302.04,PREV_CLOSE_PROXY,,NEUTRAL,False,True,1.0,4306.63375,4306.63375,4306.63375,0.0,4.59375,4315.01,8.37625,False,False,1.0,4287.4425,4287.4425,4287.4425,0.0,-14.5975,4297.24,9.7975,False,False,1.0,4264.9425,4264.9425,4264.9425,0.0,-37.0975,4278.84,13.8975,False,False,1.0,4253.25125,4253.25125,4253.25125,0.0,-48.78875,4258.9,5.64875,False,False,9.086875,9.43,0.0,0.0,0.0,1.0,2025-12-17,2025-12-16,RANGE_NORMAL_60_120,CLOSE_POS_MIDDLE_THIRD,ROWS_SPARSE_1_8
True,True,365.454336,4332.34,PREV_CLOSE_PROXY,,NEUTRAL,True,True,1.0,4352.496689,4352.496689,4352.496689,0.0,20.156689,4340.32,12.176689,False,False,1.0,4333.62042,4333.62042,4333.62042,0.0,1.28042,4323.86,9.76042,False,False,1.0,4316.57875,4316.57875,4316.57875,0.0,-15.76125,4306.94,9.63875,False,False,1.0,4290.32875,4290.32875,4290.32875,0.0,-42.01125,4290.25,0.07875,True,True,9.699585,7.913652,25.0,25.0,0.0,1.0,2025-12-19,2025-12-18,RANGE_NORMAL_60_120,CLOSE_POS_MIDDLE_THIRD,ROWS_SPARSE_1_8
True,True,246.150442,4338.16,PREV_CLOSE_PROXY,,NEUTRAL,False,True,1.0,4350.6625,4350.6625,4350.6625,0.0,12.5025,4336.01,14.6525,False,False,1.0,4327.5975,4327.5975,4327.5975,0.0,-10.5625,4317.56,10.0375,False,False,1.0,4308.2825,4308.2825,4308.2825,0.0,-29.8775,4300.17,8.1125,False,False,1.0,4269.6525,4269.6525,4269.6525,0.0,-68.5075,4283.27,13.6175,False,False,11.8275,11.605,0.0,0.0,0.0,1.0,2025-12-22,2025-12-19,RANGE_COMPRESSED_0_60,CLOSE_POS_MIDDLE_THIRD,ROWS_SPARSE_1_8
True,True,327.955503,4443.59,PREV_CLOSE_PROXY,,NEUTRAL,True,True,1.0,4461.6425,4461.6425,4461.6425,0.0,18.0525,4467.13,5.4875,False,False,1.0,4443.995,4443.995,4443.995,0.0,0.405,4453.37,9.375,False,False,1.0,4413.995,4413.995,4413.995,0.0,-29.595,4440.6,26.605,False,False,1.0,4379.64038,4378.7,4380.58076,1.88076,-63.94962,4426.21,46.56962,False,False,17.99,22.00928,0.0,0.0,1.88076,1.0,2025-12-23,2025-12-22,RANGE_NORMAL_60_120,CLOSE_POS_UPPER_THIRD,ROWS_STANDARD_9_10
False,False,,4484.54,PREV_CLOSE_PROXY,,NEUTRAL,,,,,,,,,,,,,,,,,,,,,,,,,,,,,,,,,,,,,,,,,,,,,,,,,2025-12-24,2025-12-23,RANGE_NORMAL_60_120,CLOSE_POS_UPPER_THIRD,ROWS_SPARSE_1_8
True,True,334.714534,4479.58,PREV_CLOSE_PROXY,,NEUTRAL,False,True,1.0,4499.980026,4499.980026,4499.980026,0.0,20.400026,4492.12,7.860026,False,False,1.0,4477.97242,4477.97242,4477.97242,0.0,-1.60758,4479.11,1.13758,True,True,1.0,4458.10375,4458.10375,4458.10375,0.0,-21.47625,4466.22,8.11625,False,False,1.0,4431.85375,4431.85375,4431.85375,0.0,-47.72625,4454.16,22.30625,False,False,7.988138,9.855027,25.0,25.0,0.0,1.0,2025-12-26,2025-12-24,RANGE_NORMAL_60_120,CLOSE_POS_MIDDLE_THIRD,ROWS_SPARSE_1_8
True,True,382.595555,4531.0,PREV_CLOSE_PROXY,,NEUTRAL,True,True,1.0,4549.86,4549.86,4549.86,0.0,18.86,4530.28,19.58,False,False,1.0,4541.24125,4541.24125,4541.24125,0.0,10.24125,4515.32,25.92125,False,False,1.0,4512.75375,4512.75375,4512.75375,0.0,-18.24625,4499.26,13.49375,False,False,1.0,4488.7725,4488.01625,4489.52875,1.5125,-42.2275,4482.36,6.4125,False,False,16.536875,16.351875,0.0,0.0,1.5125,1.0,2025-12-29,2025-12-26,RANGE_NORMAL_60_120,CLOSE_POS_UPPER_THIRD,ROWS_EXTENDED_11_PLUS
True,True,148.4014,4332.04,PREV_CLOSE_PROXY,,NEUTRAL,False,False,1.0,4441.09,4441.09,4441.09,0.0,109.05,4350.13,90.96,False,False,1.0,4411.09,4411.09,4411.09,0.0,79.05,4329.56,81.53,False,False,1.0,4384.883251,4384.883251,4384.883251,0.0,52.843251,4312.71,72.173251,False,False,1.0,4364.28,4364.28,4364.28,0.0,32.24,4296.74,67.54,False,False,76.851625,78.050813,0.0,0.0,0.0,1.0,2025-12-30,2025-12-29,RANGE_EXTREME_220_PLUS,CLOSE_POS_LOWER_THIRD,ROWS_STANDARD_9_10
True,True,387.405727,4318.87,PREV_CLOSE_PROXY,,NEUTRAL,True,True,1.0,4372.0925,4371.025,4373.16,2.135,53.2225,4359.13,12.9625,False,False,1.0,4337.915543,4335.51772,4340.313366,4.795646,19.045543,4342.0,4.084457,False,True,1.0,4299.255,4299.255,4299.255,0.0,-19.615,4324.37,25.115,False,False,1.0,4274.62,4274.62,4274.62,0.0,-44.25,4308.35,33.73,False,False,19.03875,18.972989,0.0,25.0,6.930646,1.0,2026-01-01,2025-12-31,RANGE_NORMAL_60_120,CLOSE_POS_MIDDLE_THIRD,ROWS_STANDARD_9_10
True,True,387.071587,4318.87,PREV_CLOSE_PROXY,,NEUTRAL,True,True,1.0,4372.0925,4371.025,4373.16,2.135,53.2225,4376.66,4.5675,False,True,1.0,4338.27136,4335.51772,4341.025,5.50728,19.40136,4352.91,14.63864,False,False,1.0,4299.255,4299.255,4299.255,0.0,-19.615,4330.45,31.195,False,False,1.0,4274.62,4274.62,4274.62,0.0,-44.25,4308.24,33.62,False,False,22.91682,21.005285,0.0,25.0,7.64228,1.0,2026-01-02,2025-12-31,RANGE_NORMAL_60_120,CLOSE_POS_MIDDLE_THIRD,ROWS_STANDARD_9_10
True,True,350.117828,4332.72,PREV_CLOSE_PROXY,,NEUTRAL,True,True,1.0,4355.89875,4355.89875,4355.89875,0.0,23.17875,4375.02,19.12125,False,False,1.0,4340.6025,4340.6025,4340.6025,0.0,7.8825,4350.66,10.0575,False,False,1.0,4325.30625,4325.30625,4325.30625,0.0,-7.41375,4326.31,1.00375,True,True,1.0,4310.01,4310.01,4310.01,0.0,-22.71,4303.29,6.72,False,False,8.38875,9.225625,25.0,25.0,0.0,1.0,2026-01-05,2026-01-02,RANGE_NORMAL_60_120,CLOSE_POS_LOWER_THIRD,ROWS_STANDARD_9_10
True,True,330.101057,4448.89,PREV_CLOSE_PROXY,,NEUTRAL,True,True,1.0,4468.0475,4468.0475,4468.0475,0.0,19.1575,4459.82,8.2275,False,False,1.0,4450.315,4450.315,4450.315,0.0,1.425,4437.39,12.925,False,False,1.0,4420.315,4420.315,4420.315,0.0,-28.575,4417.98,2.335,True,True,1.0,4385.75026,4384.85,4386.65052,1.80052,-63.13974,4398.56,12.80974,False,False,10.51862,9.07431,25.0,25.0,1.80052,1.0,2026-01-06,2026-01-05,RANGE_NORMAL_60_120,CLOSE_POS_UPPER_THIRD,ROWS_STANDARD_9_10
True,True,355.509186,4494.54,PREV_CLOSE_PROXY,,NEUTRAL,True,True,1.0,4514.9625,4514.9625,4514.9625,0.0,20.4225,4510.43,4.5325,False,True,1.0,4502.485,4502.485,4502.485,0.0,7.945,4491.87,10.615,False,False,1.0,4474.16669,4474.16669,4474.16669,0.0,-20.37331,4475.3,1.13331,True,True,1.0,4447.53,4447.53,4447.53,0.0,-47.01,4455.74,8.21,False,False,6.37125,6.122703,25.0,50.0,0.0,1.0,2026-01-07,2026-01-06,RANGE_NORMAL_60_120,CLOSE_POS_UPPER_THIRD,ROWS_STANDARD_9_10
True,True,383.251938,4456.36,PREV_CLOSE_PROXY,,NEUTRAL,True,True,1.0,4502.20375,4500.59,4503.8175,3.2275,45.84375,4494.25,7.95375,False,False,1.0,4474.09331,4471.14162,4477.045,5.90338,17.73331,4477.38,3.28669,False,True,1.0,4444.90875,4442.7725,4447.045,4.2725,-11.45125,4457.79,12.88125,False,False,1.0,4423.5,4423.5,4423.5,0.0,-32.86,4438.21,14.71,False,False,10.4175,9.707923,0.0,25.0,13.40338,1.0,2026-01-08,2026-01-07,RANGE_NORMAL_60_120,CLOSE_POS_MIDDLE_THIRD,ROWS_STANDARD_9_10
True,True,354.825587,4477.28,PREV_CLOSE_PROXY,,NEUTRAL,True,True,1.0,4496.73,4496.73,4496.73,0.0,19.45,4487.52,9.21,False,False,1.0,4484.02,4484.02,4484.02,0.0,6.74,4468.29,15.73,False,False,1.0,4455.546691,4455.546691,4455.546691,0.0,-21.733309,4447.13,8.416691,False,False,1.0,4428.6,4428.6,4428.6,0.0,-48.68,4426.62,1.98,True,True,8.813346,8.834173,25.0,25.0,0.0,1.0,2026-01-09,2026-01-08,RANGE_NORMAL_60_120,CLOSE_POS_UPPER_THIRD,ROWS_STANDARD_9_10
True,True,358.267189,4509.3,PREV_CLOSE_PROXY,,NEUTRAL,True,True,1.0,4523.6025,4523.6025,4523.6025,0.0,14.3025,4544.9,21.2975,False,False,3.0,4511.82875,4511.82875,4511.82875,0.0,2.52875,4528.66,16.83125,False,False,1.0,4488.28125,4488.28125,4488.28125,0.0,-21.01875,4511.6,23.31875,False,False,1.0,4469.0075,4469.0075,4469.0075,0.0,-40.2925,4491.48,22.4725,False,False,21.885,20.98,0.0,0.0,0.0,1.5,2026-01-12,2026-01-09,RANGE_NORMAL_60_120,CLOSE_POS_UPPER_THIRD,ROWS_STANDARD_9_10
True,True,235.247494,4597.38,PREV_CLOSE_PROXY,,NEUTRAL,False,True,1.0,4599.07625,4597.38,4600.7725,3.3925,1.69625,4600.74,1.66375,True,True,2.0,4574.79375,4574.79375,4574.79375,0.0,-22.58625,4572.9,1.89375,True,True,1.0,4567.83625,4567.83625,4567.83625,0.0,-29.54375,4546.29,21.54625,False,False,1.0,4512.4,4512.4,4512.4,0.0,-84.98,4518.09,5.69,False,False,3.791875,7.698438,50.0,50.0,3.3925,1.25,2026-01-13,2026-01-12,RANGE_NORMAL_60_120,CLOSE_POS_UPPER_THIRD,ROWS_SPARSE_1_8
True,True,371.581549,4586.3,PREV_CLOSE_PROXY,,NEUTRAL,True,True,1.0,4605.32625,4605.32625,4605.32625,0.0,19.02625,4597.86,7.46625,False,False,1.0,4595.177084,4593.4575,4596.896667,3.439167,8.877084,4575.27,19.907084,False,False,1.0,4575.32625,4575.32625,4575.32625,0.0,-10.97375,4546.5,28.82625,False,False,1.0,4569.72,4569.72,4569.72,0.0,-16.58,4519.14,50.58,False,False,24.366667,26.694896,0.0,0.0,3.439167,1.0,2026-01-14,2026-01-13,RANGE_NORMAL_60_120,CLOSE_POS_LOWER_THIRD,ROWS_STANDARD_9_10
True,True,256.637465,4626.39,PREV_CLOSE_PROXY,,NEUTRAL,False,True,1.0,4636.1025,4636.1025,4636.1025,0.0,9.7125,4597.72,38.3825,False,False,1.0,4615.74,4615.74,4615.74,0.0,-10.65,4574.22,41.52,False,False,1.0,4590.2025,4590.2025,4590.2025,0.0,-36.1875,4549.19,41.0125,False,False,1.0,4569.1275,4569.1275,4569.1275,0.0,-57.2625,4516.94,52.1875,False,False,41.26625,43.275625,0.0,0.0,0.0,1.0,2026-01-15,2026-01-14,RANGE_COMPRESSED_0_60,CLOSE_POS_UPPER_THIRD,ROWS_SPARSE_1_8
True,True,261.640709,4615.76,PREV_CLOSE_PROXY,,NEUTRAL,False,True,1.0,4626.12125,4626.12125,4626.12125,0.0,10.36125,4618.64,7.48125,False,False,1.0,4606.865,4606.865,4606.865,0.0,-8.895,4591.17,15.695,False,False,1.0,4581.69625,4581.69625,4581.69625,0.0,-34.06375,4566.81,14.88625,False,False,1.0,4561.35875,4561.35875,4561.35875,0.0,-54.40125,4541.12,20.23875,False,False,15.290625,14.575312,0.0,0.0,0.0,1.0,2026-01-16,2026-01-15,RANGE_COMPRESSED_0_60,CLOSE_POS_UPPER_THIRD,ROWS_SPARSE_1_8
True,True,263.445763,4595.66,PREV_CLOSE_PROXY,,NEUTRAL,False,True,1.0,4596.7525,4593.75,4599.755,6.005,1.0925,4615.0,18.2475,False,False,2.0,4578.75,4578.0025,4579.4975,1.495,-16.91,4592.49,13.74,False,False,2.0,4565.245,4565.245,4565.245,0.0,-30.415,4569.99,4.745,False,True,1.0,4535.9925,4535.245,4536.74,1.495,-59.6675,4546.84,10.8475,False,False,12.29375,11.895,0.0,25.0,8.995,1.5,2026-01-19,2026-01-16,RANGE_NORMAL_60_120,CLOSE_POS_UPPER_THIRD,ROWS_SPARSE_1_8
True,True,375.695409,4670.86,PREV_CLOSE_PROXY,,NEUTRAL,True,True,2.0,4693.16375,4690.83,4695.4975,4.6675,22.30375,4696.99,3.82625,False,True,1.0,4680.4975,4678.16375,4682.83125,4.6675,9.6375,4677.12,3.3775,False,True,1.0,4657.49875,4657.49875,4657.49875,0.0,-13.36125,4655.27,2.22875,True,True,1.0,4627.9575,4627.49875,4628.41625,0.9175,-42.9025,4633.67,5.7125,False,False,3.601875,3.78625,25.0,75.0,10.2525,1.25,2026-01-20,2026-01-19,RANGE_NORMAL_60_120,CLOSE_POS_UPPER_THIRD,ROWS_STANDARD_9_10
True,True,111.570393,4763.3,PREV_CLOSE_PROXY,,NEUTRAL,False,False,1.0,4727.915,4727.915,4727.915,0.0,-35.385,4856.21,128.295,False,False,1.0,4712.915,4712.915,4712.915,0.0,-50.385,4833.04,120.125,False,False,1.0,4686.2225,4686.2225,4686.2225,0.0,-77.0775,4812.42,126.1975,False,False,1.0,4659.53,4659.53,4659.53,0.0,-103.77,4792.89,133.36,False,False,127.24625,126.994375,0.0,0.0,0.0,1.0,2026-01-21,2026-01-20,RANGE_NORMAL_60_120,CLOSE_POS_UPPER_THIRD,ROWS_EXTENDED_11_PLUS
True,True,287.75066,4831.03,PREV_CLOSE_PROXY,,NEUTRAL,True,True,1.0,4898.04125,4898.04125,4898.04125,0.0,67.01125,4853.55,44.49125,False,False,1.0,4877.7325,4877.7325,4877.7325,0.0,46.7025,4828.22,49.5125,False,False,1.0,4776.18875,4776.18875,4776.18875,0.0,-54.84125,4803.79,27.60125,False,False,1.0,4755.88,4755.88,4755.88,0.0,-75.15,4776.28,20.4,False,False,36.04625,35.50125,0.0,0.0,0.0,1.0,2026-01-22,2026-01-21,RANGE_WIDE_120_220,CLOSE_POS_MIDDLE_THIRD,ROWS_STANDARD_9_10
True,True,159.901871,4936.06,PREV_CLOSE_PROXY,,NEUTRAL,False,False,1.0,4921.01,4921.01,4921.01,0.0,-15.05,4918.05,2.96,True,True,1.0,4896.235,4896.235,4896.235,0.0,-39.825,4895.71,0.525,True,True,1.0,4891.01,4891.01,4891.01,0.0,-45.05,4870.76,20.25,False,False,1.0,4866.235,4866.235,4866.235,0.0,-69.825,4847.66,18.575,False,False,10.7675,10.5775,50.0,50.0,0.0,1.0,2026-01-23,2026-01-22,RANGE_WIDE_120_220,CLOSE_POS_UPPER_THIRD,ROWS_SPARSE_1_8
True,True,209.091074,4987.98,PREV_CLOSE_PROXY,,NEUTRAL,True,True,1.0,5079.925,5079.925,5079.925,0.0,91.945,5057.59,22.335,False,False,1.0,5049.8375,5049.8375,5049.8375,0.0,61.8575,5031.93,17.9075,False,False,1.0,4921.9875,4921.9875,4921.9875,0.0,-65.9925,5007.82,85.8325,False,False,1.0,4899.4,4899.4,4899.4,0.0,-88.58,4984.24,84.84,False,False,53.5875,52.72875,0.0,0.0,0.0,1.0,2026-01-26,2026-01-23,RANGE_NORMAL_60_120,CLOSE_POS_UPPER_THIRD,ROWS_EXTENDED_11_PLUS
True,True,311.421851,5008.17,PREV_CLOSE_PROXY,,NEUTRAL,True,True,1.0,5046.59625,5046.59625,5046.59625,0.0,38.42625,5064.63,18.03375,False,False,1.0,5020.2075,5020.2075,5020.2075,0.0,12.0375,5033.46,13.2525,False,False,1.0,4989.93,4989.93,4989.93,0.0,-18.24,4998.75,8.82,False,False,1.0,4959.93,4959.93,4959.93,0.0,-48.24,4958.82,1.11,True,True,11.03625,10.304063,25.0,25.0,0.0,1.0,2026-01-27,2026-01-26,RANGE_WIDE_120_220,CLOSE_POS_LOWER_THIRD,ROWS_STANDARD_9_10
True,True,185.866639,5181.22,PREV_CLOSE_PROXY,,NEUTRAL,False,False,1.0,5168.534375,5168.37625,5168.6925,0.31625,-12.685625,5243.94,75.405625,False,False,1.0,5140.725625,5138.6925,5142.75875,4.06625,-40.494375,5212.86,72.134375,False,False,1.0,5138.6925,5138.6925,5138.6925,0.0,-42.5275,5180.87,42.1775,False,False,1.0,5090.89125,5090.89125,5090.89125,0.0,-90.32875,5152.26,61.36875,False,False,66.751563,62.771563,0.0,0.0,4.3825,1.0,2026-01-28,2026-01-27,RANGE_WIDE_120_220,CLOSE_POS_UPPER_THIRD,ROWS_STANDARD_9_10
True,True,53.255385,5417.12,PREV_CLOSE_PROXY,,NEUTRAL,False,False,1.0,5303.23,5303.23,5303.23,0.0,-113.89,5354.75,51.52,False,False,2.0,5273.23,5273.23,5273.23,0.0,-143.89,5309.52,36.29,False,False,1.0,5244.619913,5244.619913,5244.619913,0.0,-172.500087,5250.84,6.220087,False,False,1.0,5222.815,5222.815,5222.815,0.0,-194.305,5202.3,20.515,False,False,28.4025,28.636272,0.0,0.0,0.0,1.25,2026-01-29,2026-01-28,RANGE_EXTREME_220_PLUS,CLOSE_POS_UPPER_THIRD,ROWS_SPARSE_1_8
True,True,245.152141,5370.92,PREV_CLOSE_PROXY,,NEUTRAL,True,True,1.0,5475.085,5475.085,5475.085,0.0,104.165,5502.93,27.845,False,False,1.0,5402.1875,5402.1875,5402.1875,0.0,31.2675,5453.11,50.9225,False,False,1.0,5269.593169,5269.593169,5269.593169,0.0,-101.326831,5400.77,131.176831,False,False,1.0,5205.995,5205.995,5205.995,0.0,-164.925,5349.51,143.515,False,False,91.049666,88.364833,0.0,0.0,0.0,1.0,2026-01-30,2026-01-29,RANGE_EXTREME_220_PLUS,CLOSE_POS_MIDDLE_THIRD,ROWS_STANDARD_9_10
True,True,133.966746,4885.18,PREV_CLOSE_PROXY,,NEUTRAL,False,True,1.0,5083.835,5083.835,5083.835,0.0,198.655,4926.32,157.515,False,False,1.0,5053.835,5053.835,5053.835,0.0,168.655,4879.19,174.645,False,False,1.0,4941.473079,4941.473079,4941.473079,0.0,56.293079,4831.95,109.523079,False,False,1.0,4877.7925,4877.7925,4877.7925,0.0,-7.3875,4780.49,97.3025,False,False,133.519039,134.746395,0.0,0.0,0.0,1.0,2026-02-02,2026-01-30,RANGE_EXTREME_220_PLUS,CLOSE_POS_LOWER_THIRD,ROWS_EXTENDED_11_PLUS
True,True,133.043516,4660.96,PREV_CLOSE_PROXY,,NEUTRAL,False,True,1.0,4786.65,4786.65,4786.65,0.0,125.69,4884.57,97.92,False,False,1.0,4756.65,4756.65,4756.65,0.0,95.69,4848.53,91.88,False,False,1.0,4692.705,4692.705,4692.705,0.0,31.745,4805.99,113.285,False,False,1.0,4643.76,4643.76,4643.76,0.0,-17.2,4768.25,124.49,False,False,105.6025,106.89375,0.0,0.0,0.0,1.0,2026-02-03,2026-02-02,RANGE_EXTREME_220_PLUS,CLOSE_POS_MIDDLE_THIRD,ROWS_EXTENDED_11_PLUS
True,True,59.973216,4946.72,PREV_CLOSE_PROXY,,NEUTRAL,False,False,1.0,4912.005,4912.005,4912.005,0.0,-34.715,4996.14,84.135,False,False,1.0,4859.7675,4859.7675,4859.7675,0.0,-86.9525,4948.43,88.6625,False,False,1.0,4775.379891,4775.379891,4775.379891,0.0,-171.340109,4900.2,124.820109,False,False,1.0,4725.555,4725.555,4725.555,0.0,-221.165,4851.46,125.905,False,False,106.741304,105.880652,0.0,0.0,0.0,1.0,2026-02-04,2026-02-03,RANGE_EXTREME_220_PLUS,CLOSE_POS_UPPER_THIRD,ROWS_STANDARD_9_10
True,True,55.632062,4964.74,PREV_CLOSE_PROXY,,NEUTRAL,False,False,1.0,5091.92,5091.92,5091.92,0.0,127.18,4990.45,101.47,False,False,1.0,5087.9025,5087.9025,5087.9025,0.0,123.1625,4944.86,143.0425,False,False,1.0,5057.9025,5057.9025,5057.9025,0.0,93.1625,4896.2,161.7025,False,False,1.0,5031.385,5031.385,5031.385,0.0,66.645,4843.94,187.445,False,False,152.3725,148.415,0.0,0.0,0.0,1.0,2026-02-05,2026-02-04,RANGE_EXTREME_220_PLUS,CLOSE_POS_MIDDLE_THIRD,ROWS_EXTENDED_11_PLUS
True,True,168.928265,4779.46,PREV_CLOSE_PROXY,,NEUTRAL,False,False,1.0,4906.79,4906.79,4906.79,0.0,127.33,4897.44,9.35,False,False,1.0,4825.805,4825.805,4825.805,0.0,46.345,4854.08,28.275,False,False,2.0,4803.305,4803.305,4803.305,0.0,23.845,4803.0,0.305,True,True,1.0,4792.8125,4792.8125,4792.8125,0.0,13.3525,4746.79,46.0225,False,False,18.8125,20.988125,25.0,25.0,0.0,1.25,2026-02-06,2026-02-05,RANGE_EXTREME_220_PLUS,CLOSE_POS_LOWER_THIRD,ROWS_EXTENDED_11_PLUS
True,True,175.571095,4965.74,PREV_CLOSE_PROXY,,NEUTRAL,False,True,1.0,4971.43,4971.43,4971.43,0.0,5.69,4956.67,14.76,False,False,1.0,4928.17625,4928.17625,4928.17625,0.0,-37.56375,4905.52,22.65625,False,False,1.0,4884.9225,4884.9225,4884.9225,0.0,-80.8175,4853.78,31.1425,False,False,1.0,4828.415,4828.415,4828.415,0.0,-137.325,4803.35,25.065,False,False,23.860625,23.405938,0.0,0.0,0.0,1.0,2026-02-09,2026-02-06,RANGE_EXTREME_220_PLUS,CLOSE_POS_UPPER_THIRD,ROWS_STANDARD_9_10
True,True,194.590921,5057.94,PREV_CLOSE_PROXY,,NEUTRAL,True,True,1.0,5135.6975,5135.6975,5135.6975,0.0,77.7575,5139.66,3.9625,False,True,1.0,5116.72,5116.72,5116.72,0.0,58.78,5081.07,35.65,False,False,1.0,5057.94,5057.94,5057.94,0.0,0.0,5034.62,23.32,False,False,1.0,5056.265,5056.265,5056.265,0.0,-1.675,4987.02,69.245,False,False,29.485,33.044375,0.0,25.0,0.0,1.0,2026-02-10,2026-02-09,RANGE_WIDE_120_220,CLOSE_POS_UPPER_THIRD,ROWS_STANDARD_9_10
True,True,389.942671,5025.3,PREV_CLOSE_PROXY,,NEUTRAL,True,True,1.0,5078.415,5078.27,5078.56,0.29,53.115,5075.63,2.785,True,True,1.0,5046.00344,5043.73688,5048.27,4.53312,20.70344,5016.51,29.49344,False,False,1.0,5010.19,5010.19,5010.19,0.0,-15.11,4967.33,42.86,False,False,1.0,4987.4,4987.4,4987.4,0.0,-37.9,4912.29,75.11,False,False,36.17672,37.56211,25.0,25.0,4.82312,1.0,2026-02-11,2026-02-10,RANGE_NORMAL_60_120,CLOSE_POS_MIDDLE_THIRD,ROWS_STANDARD_9_10
True,True,249.4532,5084.24,PREV_CLOSE_PROXY,,NEUTRAL,False,True,1.0,5119.06,5119.06,5119.06,0.0,34.82,5117.76,1.3,True,True,1.0,5067.735,5067.735,5067.735,0.0,-16.505,5075.63,7.895,False,False,1.0,5035.205,5035.205,5035.205,0.0,-49.035,5037.65,2.445,True,True,1.0,5005.205,5005.205,5005.205,0.0,-79.035,4999.12,6.085,False,False,4.265,4.43125,50.0,50.0,0.0,1.0,2026-02-12,2026-02-11,RANGE_NORMAL_60_120,CLOSE_POS_MIDDLE_THIRD,ROWS_EXTENDED_11_PLUS
True,True,305.478298,4921.64,PREV_CLOSE_PROXY,,NEUTRAL,True,True,1.0,5004.24,5004.24,5004.24,0.0,82.6,4960.96,43.28,False,False,1.0,4966.706667,4966.706667,4966.706667,0.0,45.066667,4914.19,52.516667,False,False,2.0,4911.4,4911.4,4911.4,0.0,-10.24,4870.79,40.61,False,False,1.0,4906.23,4906.23,4906.23,0.0,-15.41,4825.68,80.55,False,False,47.898333,54.239167,0.0,0.0,0.0,1.25,2026-02-13,2026-02-12,RANGE_EXTREME_220_PLUS,CLOSE_POS_LOWER_THIRD,ROWS_SPARSE_1_8
True,True,181.423792,5042.46,PREV_CLOSE_PROXY,,NEUTRAL,False,False,1.0,5027.2375,5026.025,5028.45,2.425,-15.2225,5039.88,12.6425,False,False,1.0,5004.625,5004.625,5004.625,0.0,-37.835,5001.35,3.275,False,True,1.0,4998.45,4998.45,4998.45,0.0,-44.01,4961.15,37.3,False,False,1.0,4956.975,4956.975,4956.975,0.0,-85.485,4914.19,42.785,False,False,24.97125,24.000625,0.0,25.0,2.425,1.0,2026-02-16,2026-02-13,RANGE_WIDE_120_220,CLOSE_POS_UPPER_THIRD,ROWS_SPARSE_1_8
True,True,370.052299,4993.64,PREV_CLOSE_PROXY,,NEUTRAL,True,True,1.0,5052.43125,5052.16,5052.7025,0.5425,58.79125,5037.25,15.18125,False,False,1.0,5022.97375,5022.7025,5023.245,0.5425,29.33375,4997.56,25.41375,False,False,1.0,4986.2875,4986.2875,4986.2875,0.0,-7.3525,4963.07,23.2175,False,False,1.0,4964.33,4964.33,4964.33,0.0,-29.31,4920.57,43.76,False,False,24.315625,26.893125,0.0,0.0,1.085,1.0,2026-02-17,2026-02-16,RANGE_NORMAL_60_120,CLOSE_POS_MIDDLE_THIRD,ROWS_STANDARD_9_10
True,True,359.560175,4877.1,PREV_CLOSE_PROXY,,NEUTRAL,True,True,1.0,4940.16064,4940.16064,4940.16064,0.0,63.06064,4912.68,27.48064,False,False,1.0,4906.46,4906.46,4906.46,0.0,29.36,4878.73,27.73,False,False,1.0,4859.34,4859.34,4859.34,0.0,-17.76,4842.48,16.86,False,False,1.0,4812.22,4812.22,4812.22,0.0,-64.88,4805.69,6.53,False,False,22.17032,19.65016,0.0,0.0,0.0,1.0,2026-02-18,2026-02-17,RANGE_WIDE_120_220,CLOSE_POS_LOWER_THIRD,ROWS_STANDARD_9_10
True,True,184.950714,4977.24,PREV_CLOSE_PROXY,,NEUTRAL,False,False,1.0,4970.93375,4970.93375,4970.93375,0.0,-6.30625,5030.72,59.78625,False,False,1.0,4964.2825,4964.2825,4964.2825,0.0,-12.9575,5000.02,35.7375,False,False,1.0,4947.585,4947.585,4947.585,0.0,-29.655,4972.89,25.305,False,False,1.0,4877.53875,4877.53875,4877.53875,0.0,-99.70125,4944.55,67.01125,False,False,47.761875,46.96,0.0,0.0,0.0,1.0,2026-02-19,2026-02-18,RANGE_WIDE_120_220,CLOSE_POS_UPPER_THIRD,ROWS_EXTENDED_11_PLUS
True,True,391.353124,4995.96,PREV_CLOSE_PROXY,,NEUTRAL,True,True,1.0,5029.3525,5029.3525,5029.3525,0.0,33.3925,5017.88,11.4725,False,False,1.0,5006.455,5006.455,5006.455,0.0,10.495,4995.03,11.425,False,False,2.0,4984.18738,4984.18738,4984.18738,0.0,-11.77262,4965.99,18.19738,False,False,1.0,4965.00625,4965.00625,4965.00625,0.0,-30.95375,4935.99,29.01625,False,False,14.83494,17.527783,0.0,0.0,0.0,1.25,2026-02-20,2026-02-19,RANGE_NORMAL_60_120,CLOSE_POS_MIDDLE_THIRD,ROWS_STANDARD_9_10
True,True,245.577319,5107.8,PREV_CLOSE_PROXY,,NEUTRAL,False,True,1.0,5137.96,5137.96,5137.96,0.0,30.16,5150.72,12.76,False,False,1.0,5098.92,5098.92,5098.92,0.0,-8.88,5126.12,27.2,False,False,1.0,5076.42,5076.42,5076.42,0.0,-31.38,5102.34,25.92,False,False,1.0,5044.88,5044.88,5044.88,0.0,-62.92,5079.49,34.61,False,False,26.56,25.1225,0.0,0.0,0.0,1.0,2026-02-23,2026-02-20,RANGE_WIDE_120_220,CLOSE_POS_UPPER_THIRD,ROWS_EXTENDED_11_PLUS
True,True,307.472163,5227.5,PREV_CLOSE_PROXY,,NEUTRAL,True,True,1.0,5288.88875,5288.88875,5288.88875,0.0,61.38875,5263.54,25.34875,False,False,1.0,5246.75125,5246.75125,5246.75125,0.0,19.25125,5234.73,12.02125,False,False,1.0,5203.1825,5203.1825,5203.1825,0.0,-24.3175,5205.3,2.1175,True,True,1.0,5168.545,5168.545,5168.545,0.0,-58.955,5176.62,8.075,False,False,10.048125,11.890625,25.0,25.0,0.0,1.0,2026-02-24,2026-02-23,RANGE_WIDE_120_220,CLOSE_POS_UPPER_THIRD,ROWS_EXTENDED_11_PLUS
True,True,48.831841,5143.76,PREV_CLOSE_PROXY,,NEUTRAL,False,False,1.0,5279.68,5279.68,5279.68,0.0,135.92,5252.87,26.81,False,False,1.0,5230.03875,5230.03875,5230.03875,0.0,86.27875,5210.99,19.04875,False,False,1.0,5189.65634,5189.65634,5189.65634,0.0,45.89634,5174.66,14.99634,False,False,1.0,5156.115,5156.115,5156.115,0.0,12.355,5141.24,14.875,False,False,17.022545,18.932523,0.0,0.0,0.0,1.0,2026-02-25,2026-02-24,RANGE_WIDE_120_220,CLOSE_POS_LOWER_THIRD,ROWS_EXTENDED_11_PLUS
True,True,355.91103,5164.84,PREV_CLOSE_PROXY,,NEUTRAL,True,True,1.0,5185.720032,5185.720032,5185.720032,0.0,20.880032,5167.75,17.970032,False,False,1.0,5164.84,5164.84,5164.84,0.0,0.0,5128.94,35.9,False,False,1.0,5145.8075,5145.8075,5145.8075,0.0,-19.0325,5092.49,53.3175,False,False,1.0,5107.58375,5107.58375,5107.58375,0.0,-57.25625,5042.41,65.17375,False,False,44.60875,43.090321,0.0,0.0,0.0,1.0,2026-02-26,2026-02-25,RANGE_NORMAL_60_120,CLOSE_POS_MIDDLE_THIRD,ROWS_SPARSE_1_8
True,True,377.682103,5185.0,PREV_CLOSE_PROXY,,NEUTRAL,True,True,2.0,5207.35,5205.52,5209.18,3.66,22.35,5200.74,6.61,False,False,1.0,5194.225,5192.35,5196.1,3.75,9.225,5159.15,35.075,False,False,1.0,5168.755,5167.84,5169.67,1.83,-16.245,5120.49,48.265,False,False,1.0,5141.455,5139.58,5143.33,3.75,-43.545,5082.63,58.825,False,False,41.67,37.19375,0.0,0.0,12.99,1.25,2026-02-27,2026-02-26,RANGE_NORMAL_60_120,CLOSE_POS_UPPER_THIRD,ROWS_STANDARD_9_10
True,True,212.62582,5280.0,PREV_CLOSE_PROXY,,NEUTRAL,True,True,1.0,5364.85,5364.85,5364.85,0.0,84.85,5367.98,3.13,False,True,1.0,5328.87,5328.87,5328.87,0.0,48.87,5326.06,2.81,True,True,1.0,5195.44,5195.44,5195.44,0.0,-84.56,5290.73,95.29,False,False,1.0,5166.96,5166.96,5166.96,0.0,-113.04,5256.98,90.02,False,False,46.575,47.8125,25.0,50.0,0.0,1.0,2026-03-02,2026-02-27,RANGE_NORMAL_60_120,CLOSE_POS_UPPER_THIRD,ROWS_EXTENDED_11_PLUS
True,True,347.119415,5321.84,PREV_CLOSE_PROXY,,NEUTRAL,True,True,1.0,5379.62,5379.62,5379.62,0.0,57.78,5324.04,55.58,False,False,1.0,5348.61,5348.61,5348.61,0.0,26.77,5286.64,61.97,False,False,2.0,5321.44656,5321.44656,5321.44656,0.0,-0.39344,5249.62,71.82656,False,False,1.0,5261.06,5261.06,5261.06,0.0,-60.78,5213.93,47.13,False,False,58.775,59.12664,0.0,0.0,0.0,1.25,2026-03-03,2026-03-02,RANGE_WIDE_120_220,CLOSE_POS_MIDDLE_THIRD,ROWS_STANDARD_9_10
True,False,111.539509,5088.24,PREV_CLOSE_PROXY,,NEUTRAL,True,False,1.0,5069.6675,5069.6675,5069.6675,0.0,-18.5725,5112.47,42.8025,False,False,1.0,5088.24,5088.24,5088.24,0.0,0.0,5078.76,9.48,False,False,1.0,5017.96875,5017.96875,5017.96875,0.0,-70.27125,5043.41,25.44125,False,False,1.0,4996.27,4996.27,4996.27,0.0,-91.97,5012.24,15.97,False,False,20.705625,23.423437,0.0,0.0,0.0,1.0,2026-03-04,2026-03-03,RANGE_EXTREME_220_PLUS,CLOSE_POS_LOWER_THIRD,ROWS_STANDARD_9_10
True,True,362.4802,5141.1,PREV_CLOSE_PROXY,,NEUTRAL,True,True,1.0,5175.565,5175.565,5175.565,0.0,34.465,5173.51,2.055,True,True,1.0,5149.0525,5149.0525,5149.0525,0.0,7.9525,5139.59,9.4625,False,False,1.0,5130.6322,5130.6322,5130.6322,0.0,-10.4678,5103.66,26.9722,False,False,1.0,5083.99,5083.99,5083.99,0.0,-57.11,5066.73,17.26,False,False,13.36125,13.937425,25.0,25.0,0.0,1.0,2026-03-05,2026-03-04,RANGE_WIDE_120_220,CLOSE_POS_MIDDLE_THIRD,ROWS_STANDARD_9_10
True,True,355.397718,5081.02,PREV_CLOSE_PROXY,,NEUTRAL,True,True,1.0,5139.97784,5139.97784,5139.97784,0.0,58.95784,5105.9,34.07784,False,False,1.0,5108.0,5108.0,5108.0,0.0,26.98,5070.97,37.03,False,False,1.0,5064.53,5064.53,5064.53,0.0,-16.49,5039.06,25.47,False,False,1.0,5021.06,5021.06,5021.06,0.0,-59.96,5004.85,16.21,False,False,29.77392,28.19696,0.0,0.0,0.0,1.0,2026-03-06,2026-03-05,RANGE_WIDE_120_220,CLOSE_POS_LOWER_THIRD,ROWS_SPARSE_1_8
True,True,220.518563,5174.64,PREV_CLOSE_PROXY,,NEUTRAL,False,True,1.0,5174.78,5174.78,5174.78,0.0,0.14,5198.3,23.52,False,False,1.0,5158.795,5156.92,5160.67,3.75,-15.845,5168.78,9.985,False,False,1.0,5151.2,5151.2,5151.2,0.0,-23.44,5140.78,10.42,False,False,1.0,5087.8,5085.48,5090.12,4.64,-86.84,5108.7,20.9,False,False,15.66,16.20625,0.0,0.0,8.39,1.0,2026-03-09,2026-03-06,RANGE_NORMAL_60_120,CLOSE_POS_UPPER_THIRD,ROWS_STANDARD_9_10
True,True,325.430682,5136.66,PREV_CLOSE_PROXY,,NEUTRAL,True,True,1.0,5227.91,5227.91,5227.91,0.0,91.25,5174.89,53.02,False,False,1.0,5197.91,5197.91,5197.91,0.0,61.25,5145.87,52.04,False,False,1.0,5084.83454,5084.83454,5084.83454,0.0,-51.82546,5116.85,32.01546,False,False,1.0,5041.56125,5041.56125,5041.56125,0.0,-95.09875,5088.85,47.28875,False,False,49.664375,46.091052,0.0,0.0,0.0,1.0,2026-03-10,2026-03-09,RANGE_WIDE_120_220,CLOSE_POS_MIDDLE_THIRD,ROWS_STANDARD_9_10
True,True,367.634985,5192.64,PREV_CLOSE_PROXY,,NEUTRAL,True,True,1.0,5223.45625,5223.45625,5223.45625,0.0,30.81625,5249.95,26.49375,False,False,1.0,5200.8225,5200.8225,5200.8225,0.0,8.1825,5222.07,21.2475,False,False,1.0,5163.76874,5163.76874,5163.76874,0.0,-28.87126,5189.44,25.67126,False,False,1.0,5136.40375,5136.40375,5136.40375,0.0,-56.23625,5163.6,27.19625,False,False,26.082505,25.15219,0.0,0.0,0.0,1.0,2026-03-11,2026-03-10,RANGE_WIDE_120_220,CLOSE_POS_MIDDLE_THIRD,ROWS_STANDARD_9_10
True,True,372.701185,5175.96,PREV_CLOSE_PROXY,,NEUTRAL,True,True,1.0,5212.055,5210.0575,5214.0525,3.995,36.095,5238.21,26.155,False,False,1.0,5188.0475,5188.0475,5188.0475,0.0,12.0875,5214.48,26.4325,False,False,1.0,5172.43032,5167.545,5177.31564,9.77064,-3.52968,5185.72,13.28968,False,False,1.0,5160.045,5158.0475,5162.0425,3.995,-15.915,5157.46,2.585,True,True,19.72234,17.115545,25.0,25.0,17.76064,1.0,2026-03-12,2026-03-11,RANGE_NORMAL_60_120,CLOSE_POS_MIDDLE_THIRD,ROWS_STANDARD_9_10
True,True,358.825482,5079.04,PREV_CLOSE_PROXY,,NEUTRAL,True,True,1.0,5139.51734,5139.51734,5139.51734,0.0,60.47734,5106.89,32.62734,False,False,1.0,5108.395,5108.395,5108.395,0.0,29.355,5079.86,28.535,False,False,1.0,5066.7375,5066.7375,5066.7375,0.0,-12.3025,5053.98,12.7575,False,False,1.0,5025.08,5025.08,5025.08,0.0,-53.96,5023.5,1.58,True,True,20.64625,18.87496,25.0,25.0,0.0,1.0,2026-03-13,2026-03-12,RANGE_WIDE_120_220,CLOSE_POS_LOWER_THIRD,ROWS_STANDARD_9_10
True,True,328.306247,5018.66,PREV_CLOSE_PROXY,,NEUTRAL,True,True,1.0,5091.22,5091.22,5091.22,0.0,72.56,5080.85,10.37,False,False,1.0,5046.94,5046.94,5046.94,0.0,28.28,5057.31,10.37,False,False,1.0,4998.37,4998.37,4998.37,0.0,-20.29,5028.51,30.14,False,False,1.0,4942.66,4942.66,4942.66,0.0,-76.0,4999.43,56.77,False,False,20.255,26.9125,0.0,0.0,0.0,1.0,2026-03-16,2026-03-13,RANGE_NORMAL_60_120,CLOSE_POS_LOWER_THIRD,ROWS_STANDARD_9_10
True,True,354.466801,5006.25,PREV_CLOSE_PROXY,,NEUTRAL,True,True,1.0,5014.480023,5014.480023,5014.480023,0.0,8.230023,5032.61,18.129977,False,False,1.0,5006.25,5006.25,5006.25,0.0,0.0,5002.1,4.15,False,True,1.0,4985.105,4985.105,4985.105,0.0,-21.145,4972.65,12.455,False,False,1.0,4976.2925,4976.2925,4976.2925,0.0,-29.9575,4948.52,27.7725,False,False,15.292489,15.626869,0.0,25.0,0.0,1.0,2026-03-17,2026-03-16,RANGE_NORMAL_60_120,CLOSE_POS_MIDDLE_THIRD,ROWS_SPARSE_1_8
True,True,351.595381,5005.5,PREV_CLOSE_PROXY,,NEUTRAL,True,True,1.0,5046.84,5044.52,5049.16,4.64,41.34,5033.04,13.8,False,False,1.0,5009.41,5007.7,5011.12,3.42,3.91,5007.6,1.81,True,True,1.0,4983.44,4981.12,4985.76,4.64,-22.06,4976.45,6.99,False,False,1.0,4955.76,4955.76,4955.76,0.0,-49.74,4948.65,7.11,False,False,7.05,7.4275,25.0,25.0,12.7,1.0,2026-03-18,2026-03-17,RANGE_NORMAL_60_120,CLOSE_POS_MIDDLE_THIRD,ROWS_EXTENDED_11_PLUS
True,True,39.897501,4818.64,PREV_CLOSE_PROXY,,NEUTRAL,False,False,1.0,5016.38,5016.38,5016.38,0.0,197.74,4854.69,161.69,False,False,1.0,4964.0425,4964.0425,4964.0425,0.0,145.4025,4835.57,128.4725,False,False,1.0,4936.4083,4936.4083,4936.4083,0.0,117.7683,4814.49,121.9183,False,False,1.0,4866.8675,4866.8675,4866.8675,0.0,48.2275,4794.4,72.4675,False,False,125.1954,121.137075,0.0,0.0,0.0,1.0,2026-03-19,2026-03-18,RANGE_WIDE_120_220,CLOSE_POS_LOWER_THIRD,ROWS_EXTENDED_11_PLUS
True,True,78.709647,4650.38,PREV_CLOSE_PROXY,,NEUTRAL,False,False,1.0,4798.64,4798.64,4798.64,0.0,148.26,4687.79,110.85,False,False,1.0,4768.64,4768.64,4768.64,0.0,118.26,4666.39,102.25,False,False,1.0,4719.36,4719.36,4719.36,0.0,68.98,4642.43,76.93,False,False,1.0,4685.08,4685.08,4685.08,0.0,34.7,4621.43,63.65,False,False,89.59,88.42,0.0,0.0,0.0,1.0,2026-03-20,2026-03-19,RANGE_EXTREME_220_PLUS,CLOSE_POS_MIDDLE_THIRD,ROWS_STANDARD_9_10
True,True,168.900606,4498.06,PREV_CLOSE_PROXY,,NEUTRAL,True,True,1.0,4555.525,4555.525,4555.525,0.0,57.465,4524.06,31.465,False,False,1.0,4519.47,4519.47,4519.47,0.0,21.41,4495.38,24.09,False,False,1.0,4483.415,4483.415,4483.415,0.0,-14.645,4465.6,17.815,False,False,2.0,4477.36,4477.36,4477.36,0.0,-20.7,4441.71,35.65,False,False,27.7775,27.255,0.0,0.0,0.0,1.25,2026-03-23,2026-03-20,RANGE_EXTREME_220_PLUS,CLOSE_POS_LOWER_THIRD,ROWS_STANDARD_9_10
True,True,210.363585,4406.68,PREV_CLOSE_PROXY,,NEUTRAL,True,True,1.0,4508.01375,4508.01375,4508.01375,0.0,101.33375,4445.82,62.19375,False,False,1.0,4478.01375,4478.01375,4478.01375,0.0,71.33375,4395.52,82.49375,False,False,1.0,4369.32882,4369.32882,4369.32882,0.0,-37.35118,4349.74,19.58882,False,False,1.0,4302.705,4302.705,4302.705,0.0,-103.975,4305.61,2.905,True,True,40.891285,41.79533,25.0,25.0,0.0,1.0,2026-03-24,2026-03-23,RANGE_EXTREME_220_PLUS,CLOSE_POS_UPPER_THIRD,ROWS_STANDARD_9_10
True,True,258.374208,4474.36,PREV_CLOSE_PROXY,,NEUTRAL,True,True,1.0,4540.08625,4540.08625,4540.08625,0.0,65.72625,4530.5,9.58625,False,False,1.0,4514.09,4514.09,4514.09,0.0,39.73,4480.55,33.54,False,False,1.0,4421.523333,4421.523333,4421.523333,0.0,-52.836667,4437.46,15.936667,False,False,1.0,4332.11625,4332.11625,4332.11625,0.0,-142.24375,4388.14,56.02375,False,False,24.738333,28.771667,0.0,0.0,0.0,1.0,2026-03-25,2026-03-24,RANGE_WIDE_120_220,CLOSE_POS_UPPER_THIRD,ROWS_STANDARD_9_10
True,True,366.605776,4506.28,PREV_CLOSE_PROXY,,NEUTRAL,True,True,1.0,4584.2,4584.2,4584.2,0.0,77.92,4563.01,21.19,False,False,1.0,4536.35,4536.35,4536.35,0.0,30.07,4529.99,6.36,False,False,1.0,4478.15,4478.15,4478.15,0.0,-28.13,4492.23,14.08,False,False,1.0,4456.1,4456.1,4456.1,0.0,-50.18,4457.85,1.75,True,True,10.22,10.845,25.0,25.0,0.0,1.0,2026-03-26,2026-03-25,RANGE_WIDE_120_220,CLOSE_POS_MIDDLE_THIRD,ROWS_STANDARD_9_10
True,True,327.925017,4378.0,PREV_CLOSE_PROXY,,NEUTRAL,True,True,1.0,4470.40456,4470.40456,4470.40456,0.0,92.40456,4456.11,14.29456,False,False,2.0,4399.41,4399.41,4399.41,0.0,21.41,4424.34,24.93,False,False,1.0,4351.18,4351.18,4351.18,0.0,-26.82,4393.5,42.32,False,False,1.0,4321.18,4321.18,4321.18,0.0,-56.82,4362.5,41.32,False,False,33.125,30.71614,0.0,0.0,0.0,1.25,2026-03-27,2026-03-26,RANGE_WIDE_120_220,CLOSE_POS_LOWER_THIRD,ROWS_STANDARD_9_10
True,True,347.430904,4495.46,PREV_CLOSE_PROXY,,NEUTRAL,True,True,1.0,4559.18875,4559.18875,4559.18875,0.0,63.72875,4543.04,16.14875,False,False,1.0,4532.93875,4532.93875,4532.93875,0.0,37.47875,4513.02,19.91875,False,False,2.0,4475.503333,4475.503333,4475.503333,0.0,-19.956667,4484.03,8.526667,False,False,1.0,4401.86125,4401.86125,4401.86125,0.0,-93.59875,4451.72,49.85875,False,False,18.03375,23.613229,0.0,0.0,0.0,1.25,2026-03-30,2026-03-27,RANGE_WIDE_120_220,CLOSE_POS_MIDDLE_THIRD,ROWS_STANDARD_9_10
True,True,363.854318,4511.02,PREV_CLOSE_PROXY,,NEUTRAL,True,True,1.0,4586.77125,4586.77125,4586.77125,0.0,75.75125,4538.28,48.49125,False,False,1.0,4532.8925,4532.8925,4532.8925,0.0,21.8725,4510.04,22.8525,False,False,1.0,4481.13346,4481.13346,4481.13346,0.0,-29.88654,4480.75,0.38346,True,True,1.0,4419.62,4419.62,4419.62,0.0,-91.4,4448.16,28.54,False,False,25.69625,25.066803,25.0,25.0,0.0,1.0,2026-03-31,2026-03-30,RANGE_WIDE_120_220,CLOSE_POS_MIDDLE_THIRD,ROWS_SPARSE_1_8
True,True,311.539911,4667.12,PREV_CLOSE_PROXY,,NEUTRAL,True,True,1.0,4746.6725,4746.6725,4746.6725,0.0,79.5525,4705.0,41.6725,False,False,1.0,4687.32,4687.32,4687.32,0.0,20.2,4683.82,3.5,False,True,1.0,4629.2625,4629.2625,4629.2625,0.0,-37.8575,4661.39,32.1275,False,False,1.0,4570.5575,4570.5575,4570.5575,0.0,-96.5625,4641.04,70.4825,False,False,36.9,36.945625,0.0,25.0,0.0,1.0,2026-04-01,2026-03-31,RANGE_WIDE_120_220,CLOSE_POS_UPPER_THIRD,ROWS_STANDARD_9_10
True,True,327.243595,4758.18,PREV_CLOSE_PROXY,,NEUTRAL,True,True,1.0,4822.78,4822.78,4822.78,0.0,64.6,4810.02,12.76,False,False,2.0,4782.52,4782.52,4782.52,0.0,24.34,4784.05,1.53,True,True,2.0,4742.26,4742.26,4742.26,0.0,-15.92,4749.81,7.55,False,False,1.0,4681.87,4681.87,4681.87,0.0,-76.31,4714.19,32.32,False,False,10.155,13.54,25.0,25.0,0.0,1.5,2026-04-02,2026-04-01,RANGE_WIDE_120_220,CLOSE_POS_UPPER_THIRD,ROWS_EXTENDED_11_PLUS
True,True,271.29527,4676.04,PREV_CLOSE_PROXY,,NEUTRAL,True,True,1.0,4761.35,4761.35,4761.35,0.0,85.31,4712.91,48.44,False,False,1.0,4731.35,4731.35,4731.35,0.0,55.31,4676.39,54.96,False,False,1.0,4648.2484,4648.2484,4648.2484,0.0,-27.7916,4637.21,11.0384,False,False,1.0,4627.775,4627.775,4627.775,0.0,-48.265,4603.66,24.115,False,False,36.2775,34.63835,0.0,0.0,0.0,1.0,2026-04-03,2026-04-02,RANGE_EXTREME_220_PLUS,CLOSE_POS_MIDDLE_THIRD,ROWS_STANDARD_9_10
True,True,286.187564,4676.04,PREV_CLOSE_PROXY,,NEUTRAL,True,True,1.0,4761.35,4761.35,4761.35,0.0,85.31,4712.91,48.44,False,False,2.0,4676.04,4676.04,4676.04,0.0,0.0,4676.39,0.35,True,True,1.0,4636.266585,4636.266585,4636.266585,0.0,-39.773415,4637.21,0.943415,True,True,1.0,4593.25,4593.25,4593.25,0.0,-82.79,4603.66,10.41,False,False,5.676708,15.035854,50.0,50.0,0.0,1.25,2026-04-06,2026-04-02,RANGE_EXTREME_220_PLUS,CLOSE_POS_MIDDLE_THIRD,ROWS_STANDARD_9_10
True,True,380.033659,4650.5,PREV_CLOSE_PROXY,,NEUTRAL,True,True,1.0,4702.69,4702.69,4702.69,0.0,52.19,4686.47,16.22,False,False,1.0,4668.76,4668.76,4668.76,0.0,18.26,4647.73,21.03,False,False,1.0,4627.33,4627.33,4627.33,0.0,-23.17,4607.29,20.04,False,False,1.0,4619.83,4617.865,4621.795,3.93,-30.67,4566.31,53.52,False,False,20.535,27.7025,0.0,0.0,3.93,1.0,2026-04-07,2026-04-06,RANGE_NORMAL_60_120,CLOSE_POS_MIDDLE_THIRD,ROWS_STANDARD_9_10
True,True,299.213622,4705.73,PREV_CLOSE_PROXY,,NEUTRAL,False,True,1.0,4718.62,4718.62,4718.62,0.0,12.89,4713.5,5.12,False,False,1.0,4702.875,4701.0,4704.75,3.75,-2.855,4677.93,24.945,False,False,1.0,4682.506685,4681.63337,4683.38,1.74663,-23.223315,4637.57,44.936685,False,False,1.0,4632.96,4630.52,4635.4,4.88,-72.77,4597.43,35.53,False,False,30.2375,27.632921,0.0,0.0,10.37663,1.0,2026-04-08,2026-04-07,RANGE_NORMAL_60_120,CLOSE_POS_UPPER_THIRD,ROWS_STANDARD_9_10
True,True,335.327922,4719.26,PREV_CLOSE_PROXY,,NEUTRAL,True,True,1.0,4797.24286,4797.24286,4797.24286,0.0,77.98286,4767.19,30.05286,False,False,2.0,4739.3675,4739.3675,4739.3675,0.0,20.1075,4733.49,5.8775,False,False,1.0,4700.05,4700.05,4700.05,0.0,-19.21,4693.82,6.23,False,False,1.0,4670.05,4670.05,4670.05,0.0,-49.21,4651.82,18.23,False,False,12.23,15.09759,0.0,0.0,0.0,1.25,2026-04-09,2026-04-08,RANGE_WIDE_120_220,CLOSE_POS_LOWER_THIRD,ROWS_STANDARD_9_10
True,True,341.116186,4765.5,PREV_CLOSE_PROXY,,NEUTRAL,False,True,1.0,4797.96,4797.96,4797.96,0.0,32.46,4787.01,10.95,False,False,1.0,4764.77,4764.77,4764.77,0.0,-0.73,4746.82,17.95,False,False,2.0,4749.77,4749.77,4749.77,0.0,-15.73,4706.64,43.13,False,False,1.0,4716.58,4714.985,4718.175,3.19,-48.92,4671.56,45.02,False,False,30.54,29.2625,0.0,0.0,3.19,1.25,2026-04-10,2026-04-09,RANGE_NORMAL_60_120,CLOSE_POS_MIDDLE_THIRD,ROWS_STANDARD_9_10
True,True,373.207282,4749.18,PREV_CLOSE_PROXY,,NEUTRAL,True,True,1.0,4768.91375,4766.2625,4771.565,5.3025,19.73375,4777.03,8.11625,False,False,1.0,4756.454166,4754.495,4758.413333,3.918333,7.274166,4737.6,18.854166,False,False,1.0,4736.2625,4736.2625,4736.2625,0.0,-12.9175,4695.33,40.9325,False,False,1.0,4712.7275,4712.7275,4712.7275,0.0,-36.4525,4653.69,59.0375,False,False,29.893333,31.735104,0.0,0.0,9.220833,1.0,2026-04-13,2026-04-10,RANGE_NORMAL_60_120,CLOSE_POS_LOWER_THIRD,ROWS_STANDARD_9_10
True,True,285.547071,4740.3,PREV_CLOSE_PROXY,,NEUTRAL,False,True,1.0,4748.13375,4746.1175,4750.15,4.0325,7.83375,4768.21,20.07625,False,False,1.0,4733.13375,4733.13375,4733.13375,0.0,-7.16625,4728.16,4.97375,False,True,1.0,4715.445434,4714.773369,4716.1175,1.344131,-24.854566,4688.7,26.745434,False,False,1.0,4670.5525,4670.5525,4670.5525,0.0,-69.7475,4648.94,21.6125,False,False,20.844375,18.351983,0.0,25.0,5.376631,1.0,2026-04-14,2026-04-13,RANGE_NORMAL_60_120,CLOSE_POS_UPPER_THIRD,ROWS_STANDARD_9_10
True,True,277.702745,4841.68,PREV_CLOSE_PROXY,,NEUTRAL,False,True,1.0,4859.8475,4859.8475,4859.8475,0.0,18.1675,4871.18,11.3325,False,False,1.0,4828.375,4826.9025,4829.8475,2.945,-13.305,4833.44,5.065,False,False,1.0,4812.884184,4812.393367,4813.375,0.981633,-28.795816,4795.98,16.904184,False,False,1.0,4769.985,4769.985,4769.985,0.0,-71.695,4759.66,10.325,False,False,10.82875,10.906671,0.0,0.0,3.926633,1.0,2026-04-15,2026-04-14,RANGE_NORMAL_60_120,CLOSE_POS_UPPER_THIRD,ROWS_STANDARD_9_10
True,True,334.602475,4790.68,PREV_CLOSE_PROXY,,NEUTRAL,True,True,1.0,4841.20636,4838.78272,4843.63,4.84728,50.52636,4866.37,25.16364,False,False,1.0,4816.54864,4814.62,4818.47728,3.85728,25.86864,4833.82,17.27136,False,False,1.0,4770.115,4770.115,4770.115,0.0,-20.565,4796.88,26.765,False,False,2.0,4726.6,4726.6,4726.6,0.0,-64.08,4763.58,36.98,False,False,25.96432,26.545,0.0,0.0,8.70456,1.25,2026-04-16,2026-04-15,RANGE_NORMAL_60_120,CLOSE_POS_LOWER_THIRD,ROWS_STANDARD_9_10
True,True,377.347957,4790.78,PREV_CLOSE_PROXY,,NEUTRAL,True,True,1.0,4820.245,4820.245,4820.245,0.0,29.465,4859.83,39.585,False,False,1.0,4808.20125,4808.20125,4808.20125,0.0,17.42125,4822.32,14.11875,False,False,1.0,4781.1575,4778.20125,4784.11375,5.9125,-9.6225,4789.02,7.8625,False,False,1.0,4754.11375,4754.11375,4754.11375,0.0,-36.66625,4747.74,6.37375,False,False,10.990625,16.985,0.0,0.0,5.9125,1.0,2026-04-17,2026-04-16,RANGE_NORMAL_60_120,CLOSE_POS_LOWER_THIRD,ROWS_STANDARD_9_10
True,True,373.486838,4832.42,PREV_CLOSE_PROXY,,NEUTRAL,True,True,1.0,4876.095,4876.095,4876.095,0.0,43.675,4884.09,7.995,False,False,1.0,4853.07,4853.07,4853.07,0.0,20.65,4846.45,6.62,False,False,2.0,4814.8644,4814.8644,4814.8644,0.0,-17.5556,4808.63,6.2344,False,False,1.0,4767.42,4767.42,4767.42,0.0,-65.0,4772.29,4.87,False,True,6.4272,6.42985,0.0,25.0,0.0,1.25,2026-04-20,2026-04-17,RANGE_WIDE_120_220,CLOSE_POS_MIDDLE_THIRD,ROWS_STANDARD_9_10
True,True,304.571165,4820.66,PREV_CLOSE_PROXY,,NEUTRAL,False,True,1.0,4842.5325,4842.5325,4842.5325,0.0,21.8725,4875.42,32.8875,False,False,1.0,4814.34,4812.3975,4816.2825,3.885,-6.32,4831.95,17.61,False,False,1.0,4797.442515,4797.42003,4797.465,0.04497,-23.217485,4784.68,12.762515,False,False,1.0,4759.695,4759.695,4759.695,0.0,-60.965,4743.45,16.245,False,False,16.9275,19.876254,0.0,0.0,3.92997,1.0,2026-04-21,2026-04-20,RANGE_NORMAL_60_120,CLOSE_POS_UPPER_THIRD,ROWS_STANDARD_9_10
True,True,354.239294,4720.06,PREV_CLOSE_PROXY,,NEUTRAL,True,True,1.0,4770.33876,4770.33876,4770.33876,0.0,50.27876,4780.53,10.19124,False,False,1.0,4738.251667,4735.89,4740.613333,4.723333,18.191667,4740.11,1.858333,True,True,1.0,4687.185,4687.185,4687.185,0.0,-32.875,4694.87,7.685,False,False,1.0,4638.48,4638.48,4638.48,0.0,-81.58,4636.73,1.75,True,True,4.771667,5.371143,50.0,50.0,4.723333,1.0,2026-04-22,2026-04-21,RANGE_WIDE_120_220,CLOSE_POS_LOWER_THIRD,ROWS_STANDARD_9_10
True,True,336.911891,4740.18,PREV_CLOSE_PROXY,,NEUTRAL,True,True,1.0,4772.34,4772.34,4772.34,0.0,32.16,4873.73,101.39,False,False,1.0,4758.16,4758.16,4758.16,0.0,17.98,4832.75,74.59,False,False,1.0,4716.88,4715.62,4718.14,2.52,-23.3,4783.45,66.57,False,False,1.0,4685.62,4685.62,4685.62,0.0,-54.56,4740.92,55.3,False,False,70.58,74.4625,0.0,0.0,2.52,1.0,2026-04-23,2026-04-22,RANGE_COMPRESSED_0_60,CLOSE_POS_MIDDLE_THIRD,ROWS_EXTENDED_11_PLUS
True,True,377.099417,4694.36,PREV_CLOSE_PROXY,,NEUTRAL,True,True,1.0,4740.825,4738.95,4742.7,3.75,46.465,4799.5,58.675,False,False,2.0,4706.668333,4704.186667,4709.15,4.963333,12.308333,4769.97,63.301667,False,False,1.0,4686.7,4686.7,4686.7,0.0,-7.66,4737.93,51.23,False,False,1.0,4679.2,4679.15,4679.25,0.1,-15.16,4699.63,20.43,False,False,54.9525,48.409167,0.0,0.0,8.813333,1.25,2026-04-24,2026-04-23,RANGE_NORMAL_60_120,CLOSE_POS_MIDDLE_THIRD,ROWS_STANDARD_9_10
True,True,286.77191,4707.26,PREV_CLOSE_PROXY,,NEUTRAL,False,True,1.0,4726.315,4726.315,4726.315,0.0,19.055,4789.79,63.475,False,False,1.0,4700.884166,4699.975,4701.793333,1.818333,-6.375834,4758.08,57.195833,False,False,1.0,4670.89,4669.975,4671.805,1.83,-36.37,4722.56,51.67,False,False,1.0,4641.805,4641.805,4641.805,0.0,-65.455,4688.57,46.765,False,False,54.432917,54.776458,0.0,0.0,3.648333,1.0,2026-04-27,2026-04-24,RANGE_NORMAL_60_120,CLOSE_POS_MIDDLE_THIRD,ROWS_EXTENDED_11_PLUS
True,True,374.786077,4681.76,PREV_CLOSE_PROXY,,NEUTRAL,True,True,1.0,4713.63,4713.63,4713.63,0.0,31.87,4724.59,10.96,False,False,1.0,4691.700834,4690.395,4693.006667,2.611667,9.940834,4687.0,4.700834,False,True,1.0,4677.45375,4672.0125,4682.895,10.8825,-4.30625,4642.74,34.71375,False,False,1.0,4648.7775,4648.7775,4648.7775,0.0,-32.9825,4609.63,39.1475,False,False,22.836875,22.380521,0.0,25.0,13.494167,1.0,2026-04-28,2026-04-27,RANGE_NORMAL_60_120,CLOSE_POS_LOWER_THIRD,ROWS_STANDARD_9_10
True,True,364.554478,4597.2,PREV_CLOSE_PROXY,,NEUTRAL,True,True,1.0,4652.536716,4652.536716,4652.536716,0.0,55.336716,4646.78,5.756716,False,False,1.0,4615.45,4613.1,4617.8,4.7,18.25,4603.92,11.53,False,False,1.0,4568.945,4568.945,4568.945,0.0,-28.255,4561.81,7.135,False,False,1.0,4524.79,4524.79,4524.79,0.0,-72.41,4527.79,3.0,True,True,6.445858,6.855429,25.0,25.0,4.7,1.0,2026-04-29,2026-04-28,RANGE_WIDE_120_220,CLOSE_POS_LOWER_THIRD,ROWS_STANDARD_9_10
True,True,356.916855,4543.48,PREV_CLOSE_PROXY,,NEUTRAL,True,True,1.0,4591.54,4591.54,4591.54,0.0,48.06,4639.2,47.66,False,False,1.0,4585.29,4585.29,4585.29,0.0,41.81,4599.33,14.04,False,False,2.0,4535.29,4535.29,4535.29,0.0,-8.19,4555.58,20.29,False,False,1.0,4496.54,4496.54,4496.54,0.0,-46.94,4521.25,24.71,False,False,22.5,26.675,0.0,0.0,0.0,1.25,2026-04-30,2026-04-29,RANGE_NORMAL_60_120,CLOSE_POS_LOWER_THIRD,ROWS_STANDARD_9_10
True,True,364.348999,4621.76,PREV_CLOSE_PROXY,,NEUTRAL,True,True,1.0,4642.49,4642.49,4642.49,0.0,20.73,4640.24,2.25,True,True,1.0,4629.365,4625.305,4633.425,8.12,7.605,4599.79,29.575,False,False,1.0,4593.12,4590.935,4595.305,4.37,-28.64,4556.84,36.28,False,False,1.0,4566.25,4566.25,4566.25,0.0,-55.51,4517.48,48.77,False,False,32.9275,29.21875,25.0,25.0,12.49,1.0,2026-05-01,2026-04-30,RANGE_NORMAL_60_120,CLOSE_POS_UPPER_THIRD,ROWS_STANDARD_9_10
True,True,383.83693,4615.53,PREV_CLOSE_PROXY,,NEUTRAL,True,True,1.0,4657.8125,4657.8125,4657.8125,0.0,42.2825,4645.95,11.8625,False,False,1.0,4625.305,4625.305,4625.305,0.0,9.775,4606.0,19.305,False,False,1.0,4596.90323,4595.305,4598.50146,3.19646,-18.62677,4565.35,31.55323,False,False,1.0,4579.05125,4579.05125,4579.05125,0.0,-36.47875,4522.79,56.26125,False,False,25.429115,29.745495,0.0,0.0,3.19646,1.0,2026-05-04,2026-05-01,RANGE_NORMAL_60_120,CLOSE_POS_MIDDLE_THIRD,ROWS_STANDARD_9_10
True,True,216.176388,4523.73,PREV_CLOSE_PROXY,,NEUTRAL,True,True,1.0,4638.5,4638.5,4638.5,0.0,114.77,4636.32,2.18,True,True,1.0,4603.995,4603.995,4603.995,0.0,80.265,4598.4,5.595,False,False,1.0,4523.73,4523.73,4523.73,0.0,0.0,4558.99,35.26,False,False,1.0,4491.4825,4491.4825,4491.4825,0.0,-32.2475,4518.42,26.9375,False,False,16.26625,17.493125,25.0,25.0,0.0,1.0,2026-05-05,2026-05-04,RANGE_WIDE_120_220,CLOSE_POS_LOWER_THIRD,ROWS_EXTENDED_11_PLUS
True,True,392.904094,4557.19,PREV_CLOSE_PROXY,,NEUTRAL,True,True,1.0,4590.925,4590.925,4590.925,0.0,33.735,4644.75,53.825,False,False,1.0,4565.17,4565.17,4565.17,0.0,7.98,4601.04,35.87,False,False,1.0,4541.55364,4541.55364,4541.55364,0.0,-15.63636,4556.82,15.26636,False,False,1.0,4522.2925,4522.2925,4522.2925,0.0,-34.8975,4510.42,11.8725,False,False,25.56818,29.208465,0.0,0.0,0.0,1.0,2026-05-06,2026-05-05,RANGE_NORMAL_60_120,CLOSE_POS_MIDDLE_THIRD,ROWS_STANDARD_9_10
True,True,329.398271,4690.84,PREV_CLOSE_PROXY,,NEUTRAL,True,True,1.0,4778.8975,4778.8975,4778.8975,0.0,88.0575,4728.08,50.8175,False,False,2.0,4701.385,4701.385,4701.385,0.0,10.545,4678.95,22.435,False,False,1.0,4653.42,4653.42,4653.42,0.0,-37.42,4638.72,14.7,False,False,1.0,4623.8725,4623.8725,4623.8725,0.0,-66.9675,4599.88,23.9925,False,False,23.21375,27.98625,0.0,0.0,0.0,1.25,2026-05-07,2026-05-06,RANGE_WIDE_120_220,CLOSE_POS_UPPER_THIRD,ROWS_STANDARD_9_10
True,True,304.950008,4687.08,PREV_CLOSE_PROXY,,NEUTRAL,False,True,1.0,4740.015,4740.015,4740.015,0.0,52.935,4730.4,9.615,False,False,1.0,4712.183737,4711.749973,4712.6175,0.867527,25.103737,4682.05,30.133736,False,False,1.0,4697.04375,4695.16875,4698.91875,3.75,9.96375,4635.49,61.55375,False,False,1.0,4627.8225,4627.8225,4627.8225,0.0,-59.2575,4595.54,32.2825,False,False,31.208118,33.396247,0.0,0.0,4.617527,1.0,2026-05-08,2026-05-07,RANGE_NORMAL_60_120,CLOSE_POS_LOWER_THIRD,ROWS_STANDARD_9_10
True,True,395.547524,4715.62,PREV_CLOSE_PROXY,,NEUTRAL,True,True,1.0,4753.9325,4753.9325,4753.9325,0.0,38.3125,4790.81,36.8775,False,False,1.0,4728.465,4728.465,4728.465,0.0,12.845,4756.62,28.155,False,False,1.0,4698.465,4698.465,4698.465,0.0,-17.155,4721.87,23.405,False,False,1.0,4672.9975,4672.9975,4672.9975,0.0,-42.6225,4684.33,11.3325,False,False,25.78,24.9425,0.0,0.0,0.0,1.0,2026-05-11,2026-05-08,RANGE_NORMAL_60_120,CLOSE_POS_MIDDLE_THIRD,ROWS_STANDARD_9_10
True,True,329.816928,4734.64,PREV_CLOSE_PROXY,,NEUTRAL,False,True,1.0,4794.82625,4794.82625,4794.82625,0.0,60.18625,4786.09,8.73625,False,False,1.0,4732.8125,4729.64125,4735.98375,6.3425,-1.8275,4752.28,19.4675,False,False,2.0,4715.505434,4715.073367,4715.9375,0.864133,-19.134566,4717.37,1.864566,True,True,1.0,4673.2525,4673.2525,4673.2525,0.0,-61.3875,4680.73,7.4775,False,False,8.106875,9.386454,25.0,25.0,7.206633,1.25,2026-05-12,2026-05-11,RANGE_NORMAL_60_120,CLOSE_POS_UPPER_THIRD,ROWS_STANDARD_9_10
True,True,373.789433,4715.15,PREV_CLOSE_PROXY,,NEUTRAL,True,True,1.0,4782.8225,4782.8225,4782.8225,0.0,67.6725,4786.09,3.2675,False,True,1.0,4732.165,4732.165,4732.165,0.0,17.015,4746.53,14.365,False,False,1.0,4683.306622,4683.306622,4683.306622,0.0,-31.843378,4707.42,24.113378,False,False,1.0,4638.22,4638.22,4638.22,0.0,-76.93,4670.27,32.05,False,False,19.239189,18.44897,0.0,25.0,0.0,1.0,2026-05-13,2026-05-12,RANGE_WIDE_120_220,CLOSE_POS_MIDDLE_THIRD,ROWS_STANDARD_9_10
True,True,357.832145,4688.78,PREV_CLOSE_PROXY,,NEUTRAL,True,True,1.0,4726.78,4726.78,4726.78,0.0,38.0,4768.67,41.89,False,False,1.0,4712.4525,4712.4525,4712.4525,0.0,23.6725,4734.88,22.4275,False,False,1.0,4669.47,4669.47,4669.47,0.0,-19.31,4699.33,29.86,False,False,1.0,4639.47,4639.47,4639.47,0.0,-49.31,4670.27,30.8,False,False,30.33,31.244375,0.0,0.0,0.0,1.0,2026-05-14,2026-05-13,RANGE_COMPRESSED_0_60,CLOSE_POS_MIDDLE_THIRD,ROWS_STANDARD_9_10
True,True,339.434242,4652.36,PREV_CLOSE_PROXY,,NEUTRAL,False,True,1.0,4696.61,4696.61,4696.61,0.0,44.25,4693.67,2.94,True,True,1.0,4669.213309,4669.213309,4669.213309,0.0,16.853309,4665.63,3.583309,False,True,1.0,4655.515,4653.5625,4657.4675,3.905,3.155,4635.27,20.245,False,False,1.0,4627.4675,4627.4675,4627.4675,0.0,-24.8925,4600.62,26.8475,False,False,11.914155,13.403952,25.0,50.0,3.905,1.0,2026-05-15,2026-05-14,RANGE_NORMAL_60_120,CLOSE_POS_LOWER_THIRD,ROWS_STANDARD_9_10
True,True,365.345527,4538.64,PREV_CLOSE_PROXY,,NEUTRAL,True,True,1.0,4614.070051,4614.070051,4614.070051,0.0,75.430051,4564.33,49.740051,False,False,1.0,4572.6025,4571.81,4573.395,1.585,33.9625,4539.06,33.5425,False,False,1.0,4504.37625,4504.37625,4504.37625,0.0,-34.26375,4511.93,7.55375,False,False,1.0,4481.37,4481.37,4481.37,0.0,-57.27,4481.32,0.05,True,True,20.548125,22.721575,25.0,25.0,1.585,1.0,2026-05-18,2026-05-15,RANGE_WIDE_120_220,CLOSE_POS_LOWER_THIRD,ROWS_STANDARD_9_10
True,True,355.732505,4566.12,PREV_CLOSE_PROXY,,NEUTRAL,True,True,1.0,4630.96,4630.96,4630.96,0.0,64.84,4606.82,24.14,False,False,1.0,4567.675,4564.08,4571.27,7.19,1.555,4586.21,18.535,False,False,1.0,4533.22,4532.36,4534.08,1.72,-32.9,4558.95,25.73,False,False,1.0,4513.92,4513.92,4513.92,0.0,-52.2,4532.84,18.92,False,False,21.53,21.83125,0.0,0.0,8.91,1.0,2026-05-19,2026-05-18,RANGE_NORMAL_60_120,CLOSE_POS_UPPER_THIRD,ROWS_STANDARD_9_10
True,True,371.220225,4481.92,PREV_CLOSE_PROXY,,NEUTRAL,True,True,1.0,4541.23048,4541.23048,4541.23048,0.0,59.31048,4529.64,11.59048,False,False,1.0,4511.42,4511.32,4511.52,0.2,29.5,4506.6,4.82,False,True,1.0,4452.685,4452.685,4452.685,0.0,-29.235,4487.59,34.905,False,False,1.0,4433.14,4433.14,4433.14,0.0,-48.78,4462.0,28.86,False,False,20.22524,20.04387,0.0,25.0,0.2,1.0,2026-05-20,2026-05-19,RANGE_WIDE_120_220,CLOSE_POS_LOWER_THIRD,ROWS_STANDARD_9_10
True,True,322.493911,4543.62,PREV_CLOSE_PROXY,,NEUTRAL,False,True,1.0,4598.845,4598.845,4598.845,0.0,55.225,4608.29,9.445,False,False,1.0,4537.285,4534.265,4540.305,6.04,-6.335,4582.07,44.785,False,False,1.0,4520.41,4520.41,4520.41,0.0,-23.21,4554.33,33.92,False,False,1.0,4485.83,4485.83,4485.83,0.0,-57.79,4524.06,38.23,False,False,36.075,31.595,0.0,0.0,6.04,1.0,2026-05-21,2026-05-20,RANGE_NORMAL_60_120,CLOSE_POS_UPPER_THIRD,ROWS_STANDARD_9_10
True,True,378.054911,4543.05,PREV_CLOSE_PROXY,,NEUTRAL,True,True,1.0,4557.5125,4556.60125,4558.42375,1.8225,14.4625,4614.22,56.7075,False,False,1.0,4544.335,4544.335,4544.335,0.0,1.285,4582.41,38.075,False,False,1.0,4519.57522,4519.57522,4519.57522,0.0,-23.47478,4551.77,32.19478,False,False,1.0,4500.24625,4500.24625,4500.24625,0.0,-42.80375,4520.55,20.30375,False,False,35.13489,36.820258,0.0,0.0,1.8225,1.0,2026-05-22,2026-05-21,RANGE_NORMAL_60_120,CLOSE_POS_MIDDLE_THIRD,ROWS_STANDARD_9_10
True,True,232.865937,4507.9,PREV_CLOSE_PROXY,,NEUTRAL,False,True,1.0,4522.2125,4522.2125,4522.2125,0.0,14.3125,4556.09,33.8775,False,False,1.0,4492.2125,4492.2125,4492.2125,0.0,-15.6875,4524.91,32.6975,False,False,1.0,4470.3975,4470.3975,4470.3975,0.0,-37.5025,4494.67,24.2725,False,False,1.0,4448.5825,4448.5825,4448.5825,0.0,-59.3175,4462.89,14.3075,False,False,28.485,26.28875,0.0,0.0,0.0,1.0,2026-05-25,2026-05-22,RANGE_COMPRESSED_0_60,CLOSE_POS_LOWER_THIRD,ROWS_EXTENDED_11_PLUS
True,True,189.28051,4570.94,PREV_CLOSE_PROXY,,NEUTRAL,False,True,1.0,4580.13,4580.13,4580.13,0.0,9.19,4593.58,13.45,False,False,1.0,4548.303317,4548.303317,4548.303317,0.0,-22.636683,4562.44,14.136683,False,False,1.0,4512.1075,4512.1075,4512.1075,0.0,-58.8325,4529.9,17.7925,False,False,1.0,4473.2375,4473.2375,4473.2375,0.0,-97.7025,4499.76,26.5225,False,False,15.964592,17.975421,0.0,0.0,0.0,1.0,2026-05-26,2026-05-25,RANGE_COMPRESSED_0_60,CLOSE_POS_UPPER_THIRD,ROWS_STANDARD_9_10
True,True,322.045254,4507.47,PREV_CLOSE_PROXY,,NEUTRAL,False,True,1.0,4544.4456,4542.7512,4546.14,3.3888,36.9756,4530.95,13.4956,False,False,1.0,4506.54,4506.54,4506.54,0.0,-0.93,4496.68,9.86,False,False,1.0,4484.04,4484.04,4484.04,0.0,-23.43,4459.72,24.32,False,False,1.0,4467.99,4467.99,4467.99,0.0,-39.48,4421.27,46.72,False,False,18.9078,23.5989,0.0,0.0,3.3888,1.0,2026-05-27,2026-05-26,RANGE_NORMAL_60_120,CLOSE_POS_LOWER_THIRD,ROWS_SPARSE_1_8
True,True,369.499572,4456.18,PREV_CLOSE_PROXY,,NEUTRAL,True,True,1.0,4520.815,4520.815,4520.815,0.0,64.635,4495.53,25.285,False,False,1.0,4475.475,4475.475,4475.475,0.0,19.295,4466.16,9.315,False,False,1.0,4433.885,4433.885,4433.885,0.0,-22.295,4424.0,9.885,False,False,1.0,4422.295,4422.295,4422.295,0.0,-33.885,4379.41,42.885,False,False,17.585,21.8425,0.0,0.0,0.0,1.0,2026-05-28,2026-05-27,RANGE_WIDE_120_220,CLOSE_POS_MIDDLE_THIRD,ROWS_STANDARD_9_10
True,True,337.812492,4495.64,PREV_CLOSE_PROXY,,NEUTRAL,True,True,1.0,4569.05,4569.05,4569.05,0.0,73.41,4586.39,17.34,False,False,1.0,4516.55,4516.55,4516.55,0.0,20.91,4557.79,41.24,False,False,1.0,4466.55005,4466.55005,4466.55005,0.0,-29.08995,4527.81,61.25995,False,False,1.0,4426.55,4426.55,4426.55,0.0,-69.09,4495.62,69.07,False,False,51.249975,47.227487,0.0,0.0,0.0,1.0,2026-05-29,2026-05-28,RANGE_WIDE_120_220,CLOSE_POS_UPPER_THIRD,ROWS_EXTENDED_11_PLUS
True,True,318.391908,4541.13,PREV_CLOSE_PROXY,,NEUTRAL,False,True,1.0,4578.3225,4578.3225,4578.3225,0.0,37.1925,4607.94,29.6175,False,False,1.0,4541.04125,4540.2125,4541.87,1.6575,-0.08875,4580.08,39.03875,False,False,1.0,4508.185,4506.1575,4510.2125,4.055,-32.945,4547.84,39.655,False,False,1.0,4476.1575,4476.1575,4476.1575,0.0,-64.9725,4521.97,45.8125,False,False,39.346875,38.530938,0.0,0.0,5.7125,1.0,2026-06-01,2026-05-29,RANGE_NORMAL_60_120,CLOSE_POS_MIDDLE_THIRD,ROWS_EXTENDED_11_PLUS
True,True,378.99688,4484.66,PREV_CLOSE_PROXY,,NEUTRAL,True,True,1.0,4527.925,4527.925,4527.925,0.0,43.265,4489.47,38.455,False,False,1.0,4496.82,4496.82,4496.82,0.0,12.16,4457.53,39.29,False,False,3.0,4472.11,4472.11,4472.11,0.0,-12.55,4426.17,45.94,False,False,1.0,4433.505,4433.505,4433.505,0.0,-51.155,4396.14,37.365,False,False,38.8725,40.2625,0.0,0.0,0.0,1.5,2026-06-02,2026-06-01,RANGE_NORMAL_60_120,CLOSE_POS_MIDDLE_THIRD,ROWS_SPARSE_1_8
True,True,365.644949,4487.83,PREV_CLOSE_PROXY,,NEUTRAL,True,True,1.0,4530.79375,4530.79375,4530.79375,0.0,42.96375,4539.09,8.29625,False,False,1.0,4521.8625,4521.8625,4521.8625,0.0,34.0325,4513.17,8.6925,False,False,1.0,4474.64375,4472.76875,4476.51875,3.75,-13.18625,4485.61,10.96625,False,False,1.0,4472.76875,4472.76875,4472.76875,0.0,-15.06125,4455.8,16.96875,False,False,9.829375,11.230938,0.0,0.0,3.75,1.0,2026-06-03,2026-06-02,RANGE_NORMAL_60_120,CLOSE_POS_LOWER_THIRD,ROWS_STANDARD_9_10
True,True,369.825189,4434.35,PREV_CLOSE_PROXY,,NEUTRAL,True,True,1.0,4476.625,4476.625,4476.625,0.0,42.275,4457.9,18.725,False,False,1.0,4444.0025,4444.0025,4444.0025,0.0,9.6525,4427.93,16.0725,False,False,1.0,4421.5025,4421.5025,4421.5025,0.0,-12.8475,4399.02,22.4825,False,False,1.0,4408.94125,4408.94125,4408.94125,0.0,-25.40875,4371.46,37.48125,False,False,20.60375,23.690313,0.0,0.0,0.0,1.0,2026-06-04,2026-06-03,RANGE_NORMAL_60_120,CLOSE_POS_LOWER_THIRD,ROWS_SPARSE_1_8
True,True,392.942371,4475.16,PREV_CLOSE_PROXY,,NEUTRAL,True,True,1.0,4515.06,4515.06,4515.06,0.0,39.9,4514.07,0.99,True,True,1.0,4484.67,4484.67,4484.67,0.0,9.51,4489.65,4.98,False,True,1.0,4454.67,4454.67,4454.67,0.0,-20.49,4460.74,6.07,False,False,1.0,4424.28,4424.28,4424.28,0.0,-50.88,4432.43,8.15,False,False,5.525,5.0475,25.0,50.0,0.0,1.0,2026-06-05,2026-06-04,RANGE_NORMAL_60_120,CLOSE_POS_MIDDLE_THIRD,ROWS_STANDARD_9_10
True,True,340.245116,4328.02,PREV_CLOSE_PROXY,,NEUTRAL,True,True,1.0,4418.15544,4418.15544,4418.15544,0.0,90.13544,4373.8,44.35544,False,False,1.0,4369.169943,4369.169943,4369.169943,0.0,41.149943,4347.87,21.299943,False,False,1.0,4309.44,4307.07,4311.81,4.74,-18.58,4310.51,1.07,True,True,1.0,4281.81,4281.81,4281.81,0.0,-46.21,4281.09,0.72,True,True,11.184971,16.861346,50.0,50.0,4.74,1.0,2026-06-08,2026-06-05,RANGE_WIDE_120_220,CLOSE_POS_LOWER_THIRD,ROWS_STANDARD_9_10
True,True,357.388946,4329.71,PREV_CLOSE_PROXY,,NEUTRAL,True,True,1.0,4342.7725,4342.7725,4342.7725,0.0,13.0625,4370.04,27.2675,False,False,1.0,4332.145,4332.145,4332.145,0.0,2.435,4342.11,9.965,False,False,1.0,4311.5125,4311.5125,4311.5125,0.0,-18.1975,4313.53,2.0175,True,True,1.0,4279.0075,4279.0075,4279.0075,0.0,-50.7025,4284.94,5.9325,False,False,7.94875,11.295625,25.0,25.0,0.0,1.0,2026-06-09,2026-06-08,RANGE_NORMAL_60_120,CLOSE_POS_UPPER_THIRD,ROWS_SPARSE_1_8
True,True,370.111388,4259.46,PREV_CLOSE_PROXY,,NEUTRAL,True,True,1.0,4315.25892,4315.25892,4315.25892,0.0,55.79892,4253.47,61.78892,False,False,1.0,4285.976666,4285.28,4286.673333,1.393333,26.516666,4222.84,63.136666,False,False,3.0,4246.045,4246.045,4246.045,0.0,-13.415,4186.38,59.665,False,False,1.0,4206.81,4206.81,4206.81,0.0,-52.65,4144.02,62.79,False,False,62.28946,61.845146,0.0,0.0,1.393333,1.5,2026-06-10,2026-06-09,RANGE_WIDE_120_220,CLOSE_POS_LOWER_THIRD,ROWS_STANDARD_9_10
True,True,198.436885,4071.32,PREV_CLOSE_PROXY,,NEUTRAL,True,True,1.0,4114.76,4114.76,4114.76,0.0,43.44,4194.64,79.88,False,False,1.0,4092.26,4092.26,4092.26,0.0,20.94,4165.1,72.84,False,False,1.0,4071.32,4071.32,4071.32,0.0,0.0,4130.78,59.46,False,False,1.0,4064.65,4064.65,4064.65,0.0,-6.67,4097.25,32.6,False,False,66.15,61.195,0.0,0.0,0.0,1.0,2026-06-11,2026-06-10,RANGE_WIDE_120_220,CLOSE_POS_LOWER_THIRD,ROWS_EXTENDED_11_PLUS
True,True,319.214877,4210.77,PREV_CLOSE_PROXY,,NEUTRAL,True,True,1.0,4306.7075,4306.7075,4306.7075,0.0,95.9375,4220.33,86.3775,False,False,1.0,4220.998125,4220.14,4221.85625,1.71625,10.228125,4184.94,36.058125,False,False,1.0,4171.0725,4171.0725,4171.0725,0.0,-39.6975,4161.3,9.7725,False,False,1.0,4107.005,4107.005,4107.005,0.0,-103.765,4130.89,23.885,False,False,29.971562,39.023281,0.0,0.0,1.71625,1.0,2026-06-12,2026-06-11,RANGE_WIDE_120_220,CLOSE_POS_UPPER_THIRD,ROWS_EXTENDED_11_PLUS
True,True,366.370038,4218.5,PREV_CLOSE_PROXY,,NEUTRAL,True,True,1.0,4263.34125,4263.34125,4263.34125,0.0,44.84125,4345.41,82.06875,False,False,1.0,4233.34125,4233.34125,4233.34125,0.0,14.84125,4313.94,80.59875,False,False,1.0,4206.76375,4206.76375,4206.76375,0.0,-11.73625,4281.24,74.47625,False,False,1.0,4198.18396,4196.8975,4199.47042,2.57292,-20.31604,4248.13,49.94604,False,False,77.5375,71.772447,0.0,0.0,2.57292,1.0,2026-06-15,2026-06-12,RANGE_NORMAL_60_120,CLOSE_POS_MIDDLE_THIRD,ROWS_EXTENDED_11_PLUS
True,True,389.409673,4309.03,PREV_CLOSE_PROXY,,NEUTRAL,True,True,1.0,4364.7475,4364.7475,4364.7475,0.0,55.7175,4358.15,6.5975,False,False,1.0,4329.875,4329.875,4329.875,0.0,20.845,4329.57,0.305,True,True,1.0,4300.91509,4299.875,4301.95518,2.08018,-8.11491,4300.22,0.69509,True,True,1.0,4265.0025,4265.0025,4265.0025,0.0,-44.0275,4271.91,6.9075,False,False,3.646295,3.626272,50.0,50.0,2.08018,1.0,2026-06-16,2026-06-15,RANGE_NORMAL_60_120,CLOSE_POS_MIDDLE_THIRD,ROWS_STANDARD_9_10
True,True,379.492831,4331.14,PREV_CLOSE_PROXY,,NEUTRAL,True,True,1.0,4354.95,4354.95,4354.95,0.0,23.81,4385.49,30.54,False,False,1.0,4342.615,4342.615,4342.615,0.0,11.475,4350.94,8.325,False,False,1.0,4330.28,4330.28,4330.28,0.0,-0.86,4322.25,8.03,False,False,1.0,4305.61,4305.61,4305.61,0.0,-25.53,4290.28,15.33,False,False,11.8275,15.55625,0.0,0.0,0.0,1.0,2026-06-17,2026-06-16,RANGE_COMPRESSED_0_60,CLOSE_POS_MIDDLE_THIRD,ROWS_STANDARD_9_10
True,True,209.22799,4257.74,PREV_CLOSE_PROXY,,NEUTRAL,False,True,1.0,4281.47172,4281.47172,4281.47172,0.0,23.73172,4293.9,12.42828,False,False,1.0,4243.2125,4243.2125,4243.2125,0.0,-14.5275,4262.79,19.5775,False,False,1.0,4213.2125,4213.2125,4213.2125,0.0,-44.5275,4235.68,22.4675,False,False,1.0,4164.8475,4164.8475,4164.8475,0.0,-92.8925,4203.55,38.7025,False,False,21.0225,23.293945,0.0,0.0,0.0,1.0,2026-06-18,2026-06-17,RANGE_WIDE_120_220,CLOSE_POS_LOWER_THIRD,ROWS_SPARSE_1_8
True,True,347.338143,4209.04,PREV_CLOSE_PROXY,,NEUTRAL,True,True,1.0,4280.91738,4280.91738,4280.91738,0.0,71.87738,4332.32,51.40262,False,False,1.0,4247.564146,4244.363291,4250.765,6.401709,38.524146,4301.82,54.255854,False,False,1.0,4191.36125,4191.36125,4191.36125,0.0,-17.67875,4270.84,79.47875,False,False,1.0,4171.56,4171.56,4171.56,0.0,-37.48,4241.28,69.72,False,False,61.987927,63.714306,0.0,0.0,6.401709,1.0,2026-06-19,2026-06-18,RANGE_WIDE_120_220,CLOSE_POS_LOWER_THIRD,ROWS_STANDARD_9_10
True,True,378.619035,4155.81,PREV_CLOSE_PROXY,,NEUTRAL,True,True,1.0,4198.1275,4197.91625,4198.33875,0.4225,42.3175,4216.38,18.2525,False,False,1.0,4182.705,4182.705,4182.705,0.0,26.895,4178.43,4.275,False,True,1.0,4154.79529,4152.705,4156.88558,4.18058,-1.01471,4140.8,13.99529,False,False,1.0,4122.2825,4122.2825,4122.2825,0.0,-33.5275,4106.42,15.8625,False,False,14.928895,13.096322,0.0,25.0,4.60308,1.0,2026-06-22,2026-06-19,RANGE_NORMAL_60_120,CLOSE_POS_MIDDLE_THIRD,ROWS_STANDARD_9_10
True,True,346.749661,4191.26,PREV_CLOSE_PROXY,,NEUTRAL,False,True,1.0,4222.3425,4222.3425,4222.3425,0.0,31.0825,4212.81,9.5325,False,False,1.0,4191.12469,4188.63438,4193.615,4.98062,-0.13531,4174.21,16.91469,False,False,2.0,4178.615,4178.615,4178.615,0.0,-12.645,4137.23,41.385,False,False,1.0,4149.25125,4149.25125,4149.25125,0.0,-42.00875,4101.88,47.37125,False,False,29.149845,28.80086,0.0,0.0,4.98062,1.25,2026-06-23,2026-06-22,RANGE_NORMAL_60_120,CLOSE_POS_MIDDLE_THIRD,ROWS_STANDARD_9_10
True,True,362.396732,3999.01,PREV_CLOSE_PROXY,,NEUTRAL,True,True,1.0,4058.29158,4058.29158,4058.29158,0.0,59.28158,4098.68,40.38842,False,False,1.0,4025.1475,4024.375,4025.92,1.545,26.1375,4062.96,37.8125,False,False,1.0,3976.7975,3976.7975,3976.7975,0.0,-22.2125,4029.12,52.3225,False,False,1.0,3929.22,3929.22,3929.22,0.0,-69.79,3994.26,65.04,False,False,46.35546,48.890855,0.0,0.0,1.545,1.0,2026-06-25,2026-06-24,RANGE_WIDE_120_220,CLOSE_POS_LOWER_THIRD,ROWS_STANDARD_9_10
True,True,377.84235,4026.59,PREV_CLOSE_PROXY,,NEUTRAL,True,True,1.0,4046.4675,4046.4675,4046.4675,0.0,19.8775,4103.3,56.8325,False,False,1.0,4032.23875,4030.36375,4034.11375,3.75,5.64875,4070.91,38.67125,False,False,1.0,4003.123125,4002.57125,4003.675,1.10375,-23.466875,4036.2,33.076875,False,False,1.0,3975.8825,3974.77875,3976.98625,2.2075,-50.7075,4003.24,27.3575,False,False,35.874063,38.984531,0.0,0.0,7.06125,1.0,2026-06-26,2026-06-25,RANGE_NORMAL_60_120,CLOSE_POS_UPPER_THIRD,ROWS_STANDARD_9_10
True,True,304.469245,4088.41,PREV_CLOSE_PROXY,,NEUTRAL,False,True,1.0,4161.7625,4161.7625,4161.7625,0.0,73.3525,4097.6,64.1625,False,False,1.0,4080.03875,4078.16375,4081.91375,3.75,-8.37125,4066.54,13.49875,False,False,1.0,4060.2975,4060.2975,4060.2975,0.0,-28.1125,4039.56,20.7375,False,False,1.0,4018.8325,4018.8325,4018.8325,0.0,-69.5775,4003.96,14.8725,False,False,17.805,28.317812,0.0,0.0,3.75,1.0,2026-06-29,2026-06-26,RANGE_NORMAL_60_120,CLOSE_POS_UPPER_THIRD,ROWS_STANDARD_9_10
True,True,104.755778,4178.97,AUTO_JSON,ema_proxy_up,UP,False,False,1.0,4057.785848,4057.536696,4058.035,0.498304,-121.184152,4071.63,13.844152,False,False,1.0,4028.035,4028.035,4028.035,0.0,-150.935,4039.56,11.525,False,False,1.0,4021.2825,4021.2825,4021.2825,0.0,-157.6875,4005.44,15.8425,False,False,1.0,4010.40625,4010.40625,4010.40625,0.0,-168.56375,3967.25,43.15625,False,False,14.843326,21.091976,0.0,0.0,0.498304,1.0,2026-06-30,2026-06-29,RANGE_NORMAL_60_120,CLOSE_POS_LOWER_THIRD,ROWS_STANDARD_9_10
