target_level_date,candidate_method,candidate_template_key,candidate_anchor_sequence,candidate_family_sequence,prior_date_count,candidate_median_distance,candidate_avg_pct_within_3,candidate_avg_pct_within_5,candidate_score,example_dates
2026-06-30,HISTORICAL_GLOBAL,P_focus_exact_0623c9c3,L4=green_box_edge::green_edge_1 | L5=red_box_quarter::red_box_1_75pct | L6=red_box_edge::red_edge_1 | L7=red_box_quarter::red_box_2_25pct,L4=green_box_edge | L5=red_box_quarter | L6=red_box_edge | L7=red_box_quarter,1,0.07875,100.0,100.0,91.053125,2025-10-15
2026-06-30,HISTORICAL_GLOBAL,P_focus_exact_befdd0c4,L4=prior_range_fraction::prev_range_0.666667 | L5=prior_hlc::previous_mid | L6=prior_range_fraction::prev_range_0.333333 | L7=red_box_quarter::red_box_2_25pct,L4=prior_range_fraction | L5=prior_hlc | L6=prior_range_fraction | L7=red_box_quarter,1,0.085,100.0,100.0,91.0375,2025-12-12
2026-06-30,HISTORICAL_GLOBAL,P_focus_exact_df46c823,L4=green_box_edge::green_edge_1 | L5=green_box_quarter::green_box_1_75pct | L6=green_box_midline::green_mid_1,L4=green_box_edge | L5=green_box_quarter | L6=green_box_midline,1,0.23875,100.0,100.0,90.653125,2025-12-24
2026-06-30,HISTORICAL_GLOBAL,P_focus_exact_24c0192b,L4=prior_range_fraction::prev_range_0.333333 | L5=prior_hlc::previous_close | L6=prior_hlc::previous_low | L7=red_box_edge::red_edge_2,L4=prior_range_fraction | L5=prior_hlc | L6=prior_hlc | L7=red_box_edge,1,0.49,100.0,100.0,90.025,2026-05-18
2026-06-30,HISTORICAL_GLOBAL,P_focus_exact_51783ecc,L4=red_box_quarter::red_box_1_25pct | L5=prior_hlc::previous_pivot_hlc3 | L6=prior_range_fraction::prev_range_0.382 | L7=prior_range_fraction::prev_range_0.125,L4=red_box_quarter | L5=prior_hlc | L6=prior_range_fraction | L7=prior_range_fraction,1,0.501865,100.0,100.0,89.995338,2025-10-13
2026-06-30,HISTORICAL_GLOBAL,P_focus_exact_bdd2b5eb,L4=green_box_quarter::green_box_2_75pct | L5=green_box_quarter::green_box_2_25pct | L6=prior_hlc::previous_mid | L7=red_box_quarter::red_box_2_25pct,L4=green_box_quarter | L5=green_box_quarter | L6=prior_hlc | L7=red_box_quarter,1,0.5075,100.0,100.0,89.98125,2026-03-12
2026-06-30,HISTORICAL_GLOBAL,P_focus_exact_8f48236a,L4=red_box_quarter::red_box_1_25pct | L5=prior_range_fraction::prev_range_0.382 | L6=red_box_midline::red_mid_2 | L7=red_box_quarter::red_box_3_25pct,L4=red_box_quarter | L5=prior_range_fraction | L6=red_box_midline | L7=red_box_quarter,1,0.51928,100.0,100.0,89.9518,2026-02-17
2026-06-30,HISTORICAL_GLOBAL,P_focus_exact_ba8b48bd,L4=green_box_quarter::green_box_1_75pct | L5=green_box_quarter::green_box_1_25pct | L6=red_box_midline::red_mid_2 | L7=red_box_edge::red_edge_2,L4=green_box_quarter | L5=green_box_quarter | L6=red_box_midline | L7=red_box_edge,2,1.031875,100.0,100.0,89.920312,2025-10-08; 2025-12-11
2026-06-30,HISTORICAL_GLOBAL,P_focus_exact_6e7bde63,L4=prior_range_fraction::prev_range_0.75 | L5=prior_hlc::previous_pivot_hlc3 | L6=green_box_midline::green_mid_1 | L7=red_box_quarter::red_box_2_25pct,L4=prior_range_fraction | L5=prior_hlc | L6=green_box_midline | L7=red_box_quarter,1,0.58625,100.0,100.0,89.784375,2025-10-01
2026-06-30,HISTORICAL_GLOBAL,P_focus_exact_e89e5b19,L4=green_box_edge::green_edge_1 | L5=prior_hlc::previous_mid | L6=prior_range_fraction::prev_range_0.25 | L7=prior_hlc::previous_low,L4=green_box_edge | L5=prior_hlc | L6=prior_range_fraction | L7=prior_hlc,1,0.60875,100.0,100.0,89.728125,2025-12-29
2026-06-30,HISTORICAL_GLOBAL,P_focus_exact_7cc23228,L4=prior_range_fraction::prev_range_0.333333 | L5=red_box_quarter::red_box_2_25pct | L6=red_box_quarter::red_box_2_75pct | L7=red_box_quarter::red_box_3_25pct,L4=prior_range_fraction | L5=red_box_quarter | L6=red_box_quarter | L7=red_box_quarter,1,0.71375,100.0,100.0,89.465625,2025-10-02
2026-06-30,HISTORICAL_GLOBAL,P_focus_exact_8826e23c,L4=prior_range_fraction::prev_range_0.875 | L5=red_box_midline::red_mid_1 | L6=prior_hlc::previous_mid | L7=red_box_edge::red_edge_1,L4=prior_range_fraction | L5=red_box_midline | L6=prior_hlc | L7=red_box_edge,1,0.7575,100.0,100.0,89.35625,2026-01-01
2026-06-30,HISTORICAL_GLOBAL,P_focus_exact_368beb44,L4=prior_hlc::previous_high | L5=green_box_quarter::green_box_2_25pct | L6=red_box_quarter::red_box_1_75pct | L7=green_box_midline::green_mid_1,L4=prior_hlc | L5=green_box_quarter | L6=red_box_quarter | L7=green_box_midline,1,0.76375,100.0,100.0,89.340625,2026-06-19
2026-06-30,HISTORICAL_GLOBAL,P_focus_exact_5eac08cf,L4=prior_range_fraction::prev_range_0.875 | L5=red_box_midline::red_mid_1 | L6=prior_hlc::previous_pivot_hlc3 | L7=red_box_edge::red_edge_1,L4=prior_range_fraction | L5=red_box_midline | L6=prior_hlc | L7=red_box_edge,1,0.774583,100.0,100.0,89.313542,2026-03-10
2026-06-30,REGIME_RANGE_CLOSE_ROWS,P_focus_exact_9b23747f,L4=green_box_quarter::green_box_1_75pct | L5=green_box_midline::green_mid_1 | L6=green_box_quarter::green_box_1_25pct | L7=prior_hlc::previous_low,L4=green_box_quarter | L5=green_box_midline | L6=green_box_quarter | L7=prior_hlc,1,0.77625,100.0,100.0,89.309375,2025-10-10
2026-06-30,REGIME_RANGE_CLOSE,P_focus_exact_9b23747f,L4=green_box_quarter::green_box_1_75pct | L5=green_box_midline::green_mid_1 | L6=green_box_quarter::green_box_1_25pct | L7=prior_hlc::previous_low,L4=green_box_quarter | L5=green_box_midline | L6=green_box_quarter | L7=prior_hlc,1,0.77625,100.0,100.0,89.309375,2025-10-10
2026-06-30,HISTORICAL_GLOBAL,P_focus_exact_9b23747f,L4=green_box_quarter::green_box_1_75pct | L5=green_box_midline::green_mid_1 | L6=green_box_quarter::green_box_1_25pct | L7=prior_hlc::previous_low,L4=green_box_quarter | L5=green_box_midline | L6=green_box_quarter | L7=prior_hlc,1,0.77625,100.0,100.0,89.309375,2025-10-10
2026-06-30,HISTORICAL_GLOBAL,P_focus_exact_a69306ca,L4=green_box_quarter::green_box_2_75pct | L5=prior_range_fraction::prev_range_0.875 | L6=prior_range_fraction::prev_range_0.618 | L7=prior_range_fraction::prev_range_0.382,L4=green_box_quarter | L5=prior_range_fraction | L6=prior_range_fraction | L7=prior_range_fraction,1,0.815,100.0,100.0,89.2125,2026-03-11
2026-06-30,HISTORICAL_GLOBAL,P_focus_exact_5a3ac3c6,L4=prior_range_fraction::prev_range_0.875 | L5=green_box_quarter::green_box_2_25pct | L6=green_box_edge::green_edge_1 | L7=green_box_quarter::green_box_1_75pct,L4=prior_range_fraction | L5=green_box_quarter | L6=green_box_edge | L7=green_box_quarter,1,0.8375,100.0,100.0,89.15625,2026-01-23
2026-06-30,HISTORICAL_GLOBAL,P_focus_exact_f4dae8fc,L4=prior_hlc::previous_high | L5=red_box_edge::red_edge_1 | L6=red_box_edge::red_edge_2 | L7=red_box_quarter::red_box_4_25pct,L4=prior_hlc | L5=red_box_edge | L6=red_box_edge | L7=red_box_quarter,1,0.87375,100.0,100.0,89.065625,2025-11-28
2026-06-30,HISTORICAL_GLOBAL,P_focus_exact_7520dc4b,L4=green_box_quarter::green_box_3_25pct | L5=green_box_midline::green_mid_2 | L6=prior_hlc::previous_mid | L7=prior_hlc::previous_low,L4=green_box_quarter | L5=green_box_midline | L6=prior_hlc | L7=prior_hlc,1,0.888125,100.0,100.0,89.029687,2026-05-14
2026-06-30,HISTORICAL_GLOBAL,P_focus_exact_f728ba63,L4=prior_range_fraction::prev_range_0.618 | L5=red_box_quarter::red_box_2_25pct | L6=red_box_edge::red_edge_2 | L7=red_box_quarter::red_box_3_75pct,L4=prior_range_fraction | L5=red_box_quarter | L6=red_box_edge | L7=red_box_quarter,1,0.934635,100.0,100.0,88.913412,2025-11-12
2026-06-30,HISTORICAL_GLOBAL,P_focus_exact_38f13557,L4=prior_range_fraction::prev_range_0.666667 | L5=red_box_edge::red_edge_1 | L6=red_box_midline::red_mid_2 | L7=red_box_edge::red_edge_2,L4=prior_range_fraction | L5=red_box_edge | L6=red_box_midline | L7=red_box_edge,1,0.940826,100.0,100.0,88.897935,2025-12-05
2026-06-30,HISTORICAL_GLOBAL,P_focus_exact_68db2391,L4=prior_range_fraction::prev_range_0.382 | L5=prior_hlc::previous_close | L6=prior_hlc::previous_low | L7=red_box_edge::red_edge_2,L4=prior_range_fraction | L5=prior_hlc | L6=prior_hlc | L7=red_box_edge,1,0.96,100.0,100.0,88.85,2026-03-13
2026-06-30,REGIME_RANGE_CLOSE,P_focus_exact_b4025596,L4=green_box_edge::green_edge_1 | L5=prior_range_fraction::prev_range_0.25 | L6=red_box_quarter::red_box_2_75pct | L7=red_box_quarter::red_box_3_25pct,L4=green_box_edge | L5=prior_range_fraction | L6=red_box_quarter | L7=red_box_quarter,1,0.98625,100.0,100.0,88.784375,2025-11-20
2026-06-30,HISTORICAL_GLOBAL,P_focus_exact_b4025596,L4=green_box_edge::green_edge_1 | L5=prior_range_fraction::prev_range_0.25 | L6=red_box_quarter::red_box_2_75pct | L7=red_box_quarter::red_box_3_25pct,L4=green_box_edge | L5=prior_range_fraction | L6=red_box_quarter | L7=red_box_quarter,1,0.98625,100.0,100.0,88.784375,2025-11-20
2026-06-30,HISTORICAL_GLOBAL,P_focus_exact_07dd90f8,L4=red_box_quarter::red_box_1_25pct | L5=prior_range_fraction::prev_range_0.333333 | L6=red_box_midline::red_mid_2 | L7=red_box_edge::red_edge_2,L4=red_box_quarter | L5=prior_range_fraction | L6=red_box_midline | L7=red_box_edge,1,0.990625,100.0,100.0,88.773438,2025-11-10
2026-06-30,HISTORICAL_GLOBAL,P_focus_exact_c2bf36db,L4=green_box_quarter::green_box_3_25pct | L5=green_box_quarter::green_box_2_75pct | L6=red_box_quarter::red_box_1_25pct | L7=prior_range_fraction::prev_range_0.382,L4=green_box_quarter | L5=green_box_quarter | L6=red_box_quarter | L7=prior_range_fraction,1,1.02,100.0,100.0,88.7,2026-04-24
2026-06-30,HISTORICAL_GLOBAL,P_focus_exact_174616e6,L4=prior_hlc::previous_mid | L5=prior_range_fraction::prev_range_0.25 | L6=prior_hlc::previous_low | L7=red_box_quarter::red_box_2_75pct,L4=prior_hlc | L5=prior_range_fraction | L6=prior_hlc | L7=red_box_quarter,1,1.06625,100.0,100.0,88.584375,2025-12-19
2026-06-30,HISTORICAL_GLOBAL,P_focus_exact_ff2aa17b,L4=prior_range_fraction::prev_range_0.618 | L5=red_box_edge::red_edge_1 | L6=red_box_midline::red_mid_2 | L7=red_box_edge::red_edge_2,L4=prior_range_fraction | L5=red_box_edge | L6=red_box_midline | L7=red_box_edge,1,1.07625,100.0,100.0,88.559375,2026-01-27
2026-06-30,HISTORICAL_GLOBAL,P_focus_exact_366f41b2,L4=prior_hlc::previous_high | L5=prior_range_fraction::prev_range_0.333333 | L6=red_box_quarter::red_box_2_75pct | L7=red_box_quarter::red_box_3_75pct,L4=prior_hlc | L5=prior_range_fraction | L6=red_box_quarter | L7=red_box_quarter,1,1.090625,100.0,100.0,88.523438,2025-11-27
2026-06-30,HISTORICAL_GLOBAL,P_focus_exact_25dbc496,L4=prior_hlc::previous_pivot_hlc3 | L5=prior_range_fraction::prev_range_0.25 | L6=red_box_midline::red_mid_2 | L7=red_box_edge::red_edge_2,L4=prior_hlc | L5=prior_range_fraction | L6=red_box_midline | L7=red_box_edge,1,1.102083,100.0,100.0,88.494793,2025-10-06
2026-06-30,HISTORICAL_GLOBAL,P_focus_exact_3019b2f1,L4=prior_range_fraction::prev_range_0.75 | L5=red_box_quarter::red_box_1_75pct | L6=prior_range_fraction::prev_range_0.25 | L7=prior_hlc::previous_low,L4=prior_range_fraction | L5=red_box_quarter | L6=prior_range_fraction | L7=prior_hlc,1,1.12,100.0,100.0,88.45,2025-10-09
2026-06-30,HISTORICAL_GLOBAL,P_focus_exact_74229b1f,L4=prior_range_fraction::prev_range_0.875 | L5=green_box_edge::green_edge_1 | L6=red_box_edge::red_edge_1 | L7=prior_range_fraction::prev_range_0.125,L4=prior_range_fraction | L5=green_box_edge | L6=red_box_edge | L7=prior_range_fraction,1,1.125625,100.0,100.0,88.435937,2026-06-16
2026-06-30,HISTORICAL_GLOBAL,P_focus_exact_7f9f408b,L4=prior_range_fraction::prev_range_0.75 | L5=prior_hlc::previous_pivot_hlc3 | L6=red_box_quarter::red_box_1_75pct | L7=red_box_edge::red_edge_1,L4=prior_range_fraction | L5=prior_hlc | L6=red_box_quarter | L7=red_box_edge,1,1.195,100.0,100.0,88.2625,2025-10-16
2026-06-30,HISTORICAL_GLOBAL,P_focus_exact_e82c906f,L4=prior_range_fraction::prev_range_0.75 | L5=prior_hlc::previous_mid | L6=red_box_quarter::red_box_2_25pct | L7=prior_hlc::previous_low,L4=prior_range_fraction | L5=prior_hlc | L6=red_box_quarter | L7=prior_hlc,1,1.22,100.0,100.0,88.2,2026-03-26
2026-06-30,HISTORICAL_GLOBAL,P_focus_exact_574ee998,L4=prior_range_fraction::prev_range_0.75 | L5=red_box_quarter::red_box_1_75pct | L6=prior_range_fraction::prev_range_0.382 | L7=green_box_quarter::green_box_1_25pct,L4=prior_range_fraction | L5=red_box_quarter | L6=prior_range_fraction | L7=green_box_quarter,1,1.239375,100.0,100.0,88.151562,2026-01-22
2026-06-30,HISTORICAL_GLOBAL,P_focus_exact_5c792118,L4=red_box_quarter::red_box_1_75pct | L5=red_box_quarter::red_box_2_25pct | L6=red_box_quarter::red_box_2_75pct | L7=red_box_quarter::red_box_3_25pct,L4=red_box_quarter | L5=red_box_quarter | L6=red_box_quarter | L7=red_box_quarter,1,1.245,100.0,100.0,88.1375,2025-12-02
2026-06-30,HISTORICAL_GLOBAL,P_focus_exact_8c713211,L4=green_box_midline::green_mid_2 | L5=red_box_quarter::red_box_1_25pct | L6=prior_hlc::previous_mid | L7=green_box_quarter::green_box_1_25pct,L4=green_box_midline | L5=red_box_quarter | L6=prior_hlc | L7=green_box_quarter,1,1.268125,100.0,100.0,88.079688,2026-01-20
2026-06-30,REGIME_RANGE_CLOSE_ROWS,P_focus_exact_466b3113,L4=green_box_edge::green_edge_2 | L5=prior_range_fraction::prev_range_0.875 | L6=prior_hlc::previous_pivot_hlc3 | L7=prior_range_fraction::prev_range_0.125,L4=green_box_edge | L5=prior_range_fraction | L6=prior_hlc | L7=prior_range_fraction,1,1.315,100.0,100.0,87.9625,2026-04-30
2026-06-30,REGIME_RANGE_CLOSE,P_focus_exact_466b3113,L4=green_box_edge::green_edge_2 | L5=prior_range_fraction::prev_range_0.875 | L6=prior_hlc::previous_pivot_hlc3 | L7=prior_range_fraction::prev_range_0.125,L4=green_box_edge | L5=prior_range_fraction | L6=prior_hlc | L7=prior_range_fraction,1,1.315,100.0,100.0,87.9625,2026-04-30
2026-06-30,HISTORICAL_GLOBAL,P_focus_exact_466b3113,L4=green_box_edge::green_edge_2 | L5=prior_range_fraction::prev_range_0.875 | L6=prior_hlc::previous_pivot_hlc3 | L7=prior_range_fraction::prev_range_0.125,L4=green_box_edge | L5=prior_range_fraction | L6=prior_hlc | L7=prior_range_fraction,1,1.315,100.0,100.0,87.9625,2026-04-30
2026-06-30,HISTORICAL_GLOBAL,P_focus_exact_766b99be,L4=green_box_quarter::green_box_3_25pct | L5=green_box_midline::green_mid_2 | L6=prior_range_fraction::prev_range_0.618 | L7=red_box_quarter::red_box_2_25pct,L4=green_box_quarter | L5=green_box_midline | L6=prior_range_fraction | L7=red_box_quarter,1,1.3625,100.0,100.0,87.84375,2026-05-11
2026-06-30,HISTORICAL_GLOBAL,P_focus_exact_3bf93a44,L4=prior_hlc::previous_high | L5=prior_range_fraction::prev_range_0.75 | L6=prior_hlc::previous_mid | L7=red_box_quarter::red_box_2_25pct,L4=prior_hlc | L5=prior_range_fraction | L6=prior_hlc | L7=red_box_quarter,1,1.41375,100.0,100.0,87.715625,2026-06-29
2026-06-30,REGIME_RANGE_CLOSE,P_focus_exact_10595982,L4=red_box_quarter::red_box_1_75pct | L5=prior_hlc::previous_low | L6=red_box_edge::red_edge_2 | L7=red_box_midline::red_mid_3,L4=red_box_quarter | L5=prior_hlc | L6=red_box_edge | L7=red_box_midline,1,1.418125,100.0,100.0,87.704688,2026-06-04
2026-06-30,HISTORICAL_GLOBAL,P_focus_exact_10595982,L4=red_box_quarter::red_box_1_75pct | L5=prior_hlc::previous_low | L6=red_box_edge::red_edge_2 | L7=red_box_midline::red_mid_3,L4=red_box_quarter | L5=prior_hlc | L6=red_box_edge | L7=red_box_midline,1,1.418125,100.0,100.0,87.704688,2026-06-04
2026-06-30,HISTORICAL_GLOBAL,P_focus_exact_e8010f22,L4=prior_range_fraction::prev_range_0.666667 | L5=prior_hlc::previous_mid | L6=prior_range_fraction::prev_range_0.333333 | L7=green_box_quarter::green_box_1_25pct,L4=prior_range_fraction | L5=prior_hlc | L6=prior_range_fraction | L7=green_box_quarter,1,1.473302,100.0,100.0,87.566745,2026-06-11
2026-06-30,HISTORICAL_GLOBAL,P_focus_exact_c11e980f,L4=green_box_quarter::green_box_2_75pct | L5=prior_range_fraction::prev_range_0.875 | L6=green_box_quarter::green_box_1_75pct | L7=green_box_quarter::green_box_1_25pct,L4=green_box_quarter | L5=prior_range_fraction | L6=green_box_quarter | L7=green_box_quarter,1,1.5175,100.0,100.0,87.45625,2026-06-09
2026-06-30,REGIME_RANGE_CLOSE,P_focus_exact_6381f5b5,L4=green_box_quarter::green_box_1_75pct | L5=prior_range_fraction::prev_range_0.25 | L6=red_box_midline::red_mid_2 | L7=red_box_quarter::red_box_2_75pct,L4=green_box_quarter | L5=prior_range_fraction | L6=red_box_midline | L7=red_box_quarter,1,1.6075,100.0,100.0,87.23125,2025-12-16
2026-06-30,REGIME_RANGE_CLOSE_ROWS,P_focus_exact_02898863,L4=prior_range_fraction::prev_range_0.618 | L5=prior_range_fraction::prev_range_0.382 | L6=green_box_quarter::green_box_1_25pct | L7=red_box_quarter::red_box_2_75pct,L4=prior_range_fraction | L5=prior_range_fraction | L6=green_box_quarter | L7=red_box_quarter,1,1.64004,100.0,100.0,87.1499,2026-03-16
2026-06-30,REGIME_RANGE_CLOSE,P_focus_exact_02898863,L4=prior_range_fraction::prev_range_0.618 | L5=prior_range_fraction::prev_range_0.382 | L6=green_box_quarter::green_box_1_25pct | L7=red_box_quarter::red_box_2_75pct,L4=prior_range_fraction | L5=prior_range_fraction | L6=green_box_quarter | L7=red_box_quarter,1,1.64004,100.0,100.0,87.1499,2026-03-16
2026-06-30,HISTORICAL_GLOBAL,P_focus_exact_02898863,L4=prior_range_fraction::prev_range_0.618 | L5=prior_range_fraction::prev_range_0.382 | L6=green_box_quarter::green_box_1_25pct | L7=red_box_quarter::red_box_2_75pct,L4=prior_range_fraction | L5=prior_range_fraction | L6=green_box_quarter | L7=red_box_quarter,1,1.64004,100.0,100.0,87.1499,2026-03-16
2026-06-30,HISTORICAL_GLOBAL,P_focus_exact_87a46628,L4=green_box_midline::green_mid_3 | L5=green_box_quarter::green_box_2_75pct | L6=prior_hlc::previous_close | L7=red_box_midline::red_mid_2,L4=green_box_midline | L5=green_box_quarter | L6=prior_hlc | L7=red_box_midline,1,1.66,100.0,100.0,87.1,2026-05-06
2026-06-30,HISTORICAL_GLOBAL,P_focus_exact_2cdae2f7,L4=prior_range_fraction::prev_range_0.875 | L5=prior_hlc::previous_mid | L6=red_box_quarter::red_box_2_25pct | L7=red_box_quarter::red_box_2_75pct,L4=prior_range_fraction | L5=prior_hlc | L6=red_box_quarter | L7=red_box_quarter,1,1.68125,100.0,100.0,87.046875,2025-12-10
2026-06-30,HISTORICAL_GLOBAL,P_focus_exact_2b433875,L4=prior_hlc::previous_high | L5=prior_range_fraction::prev_range_0.666667 | L6=prior_range_fraction::prev_range_0.382 | L7=red_box_quarter::red_box_2_25pct,L4=prior_hlc | L5=prior_range_fraction | L6=prior_range_fraction | L7=red_box_quarter,1,1.71674,100.0,100.0,86.95815,2025-12-03
2026-06-30,HISTORICAL_GLOBAL,P_focus_exact_72c8c0f8,L4=green_box_quarter::green_box_2_75pct | L5=prior_range_fraction::prev_range_0.75 | L6=prior_hlc::previous_low | L7=red_box_edge::red_edge_2,L4=green_box_quarter | L5=prior_range_fraction | L6=prior_hlc | L7=red_box_edge,1,1.8275,100.0,100.0,86.68125,2025-11-26
2026-06-30,HISTORICAL_GLOBAL,P_focus_exact_b85baf29,L4=prior_range_fraction::prev_range_0.666667 | L5=prior_hlc::previous_pivot_hlc3 | L6=green_box_quarter::green_box_1_25pct | L7=red_box_edge::red_edge_2,L4=prior_range_fraction | L5=prior_hlc | L6=green_box_quarter | L7=red_box_edge,1,1.89375,100.0,100.0,86.515625,2026-04-22
2026-06-30,HISTORICAL_GLOBAL,P_focus_exact_17518825,L4=green_box_quarter::green_box_2_25pct | L5=prior_hlc::previous_mid | L6=red_box_quarter::red_box_2_25pct | L7=red_box_quarter::red_box_2_75pct,L4=green_box_quarter | L5=prior_hlc | L6=red_box_quarter | L7=red_box_quarter,1,1.92,100.0,100.0,86.45,2026-03-17
2026-06-30,HISTORICAL_GLOBAL,P_focus_exact_a72b6ad4,L4=green_box_midline::green_mid_2 | L5=prior_range_fraction::prev_range_0.618 | L6=red_box_quarter::red_box_2_25pct | L7=red_box_edge::red_edge_2,L4=green_box_midline | L5=prior_range_fraction | L6=red_box_quarter | L7=red_box_edge,1,2.13625,100.0,100.0,85.909375,2026-05-26
2026-06-30,HISTORICAL_GLOBAL,P_focus_exact_9828a962,L4=red_box_midline::red_mid_1 | L5=prior_hlc::previous_mid | L6=prior_range_fraction::prev_range_0.333333 | L7=green_box_quarter::green_box_1_25pct,L4=red_box_midline | L5=prior_hlc | L6=prior_range_fraction | L7=green_box_quarter,1,2.380027,100.0,100.0,85.299932,2025-10-21
2026-06-30,HISTORICAL_GLOBAL,P_focus_exact_69ea2667,L4=green_box_midline::green_mid_2 | L5=prior_range_fraction::prev_range_0.75 | L6=prior_range_fraction::prev_range_0.382 | L7=prior_range_fraction::prev_range_0.125,L4=green_box_midline | L5=prior_range_fraction | L6=prior_range_fraction | L7=prior_range_fraction,1,2.38954,100.0,100.0,85.27615,2026-06-05
2026-06-30,HISTORICAL_GLOBAL,P_focus_exact_10f7130a,L4=green_box_midline::green_mid_2 | L5=green_box_edge::green_edge_1 | L6=prior_range_fraction::prev_range_0.25 | L7=red_box_quarter::red_box_2_75pct,L4=green_box_midline | L5=green_box_edge | L6=prior_range_fraction | L7=red_box_quarter,2,1.15875,87.5,100.0,84.353125,2025-11-04; 2026-04-08
2026-06-30,HISTORICAL_GLOBAL,P_focus_exact_3d07640f,L4=prior_range_fraction::prev_range_0.75 | L5=green_box_quarter::green_box_1_25pct | L6=red_box_midline::red_mid_2 | L7=red_box_quarter::red_box_3_25pct,L4=prior_range_fraction | L5=green_box_quarter | L6=red_box_midline | L7=red_box_quarter,1,0.625625,75.0,100.0,79.185937,2026-01-16
2026-06-30,HISTORICAL_GLOBAL,P_focus_exact_27926d41,L4=prior_hlc::previous_high | L5=prior_hlc::previous_pivot_hlc3 | L6=red_box_quarter::red_box_2_25pct | L7=red_box_edge::red_edge_2,L4=prior_hlc | L5=prior_hlc | L6=red_box_quarter | L7=red_box_edge,1,0.715,75.0,100.0,78.9625,2025-11-21
2026-06-30,HISTORICAL_GLOBAL,P_focus_exact_a370dcaf,L4=prior_range_fraction::prev_range_0.875 | L5=red_box_midline::red_mid_1 | L6=prior_range_fraction::prev_range_0.382 | L7=prior_range_fraction::prev_range_0.125,L4=prior_range_fraction | L5=red_box_midline | L6=prior_range_fraction | L7=prior_range_fraction,1,0.77843,75.0,100.0,78.803925,2026-01-19
2026-06-30,HISTORICAL_GLOBAL,P_focus_exact_a0b42371,L4=green_box_quarter::green_box_2_25pct | L5=prior_hlc::previous_close | L6=prior_range_fraction::prev_range_0.382 | L7=green_box_quarter::green_box_1_25pct,L4=green_box_quarter | L5=prior_hlc | L6=prior_range_fraction | L7=green_box_quarter,1,0.856875,75.0,100.0,78.607812,2026-03-31
2026-06-30,HISTORICAL_GLOBAL,P_focus_exact_4d9ed384,L4=prior_hlc::previous_high | L5=red_box_quarter::red_box_1_25pct | L6=prior_range_fraction::prev_range_0.666667 | L7=prior_hlc::previous_mid,L4=prior_hlc | L5=red_box_quarter | L6=prior_range_fraction | L7=prior_hlc,1,0.97375,75.0,100.0,78.315625,2026-01-06
2026-06-30,HISTORICAL_GLOBAL,P_focus_exact_1f04f224,L4=green_box_midline::green_mid_2 | L5=prior_range_fraction::prev_range_0.618 | L6=green_box_midline::green_mid_1 | L7=prior_hlc::previous_low,L4=green_box_midline | L5=prior_range_fraction | L6=green_box_midline | L7=prior_hlc,1,1.14725,75.0,100.0,77.881875,2025-11-18
2026-06-30,HISTORICAL_GLOBAL,P_focus_exact_65aae0fb,L4=green_box_midline::green_mid_2 | L5=green_box_quarter::green_box_2_25pct | L6=red_box_midline::red_mid_1 | L7=red_box_quarter::red_box_1_75pct,L4=green_box_midline | L5=green_box_quarter | L6=red_box_midline | L7=red_box_quarter,1,1.256875,75.0,100.0,77.607812,2025-10-14
2026-06-30,HISTORICAL_GLOBAL,P_focus_exact_7980af7d,L4=red_box_quarter::red_box_1_75pct | L5=prior_range_fraction::prev_range_0.333333 | L6=red_box_quarter::red_box_2_25pct | L7=prior_hlc::previous_low,L4=red_box_quarter | L5=prior_range_fraction | L6=red_box_quarter | L7=prior_hlc,1,1.282521,75.0,100.0,77.543698,2026-05-20
2026-06-30,HISTORICAL_GLOBAL,P_focus_exact_f09be78d,L4=green_box_edge::green_edge_2 | L5=prior_range_fraction::prev_range_0.875 | L6=prior_range_fraction::prev_range_0.333333 | L7=red_box_quarter::red_box_2_75pct,L4=green_box_edge | L5=prior_range_fraction | L6=prior_range_fraction | L7=red_box_quarter,1,1.34875,75.0,100.0,77.378125,2026-06-17
2026-06-30,HISTORICAL_GLOBAL,P_focus_exact_3565ec2a,L4=green_box_quarter::green_box_2_75pct | L5=prior_range_fraction::prev_range_0.75 | L6=prior_hlc::previous_mid | L7=green_box_midline::green_mid_1,L4=green_box_quarter | L5=prior_range_fraction | L6=prior_hlc | L7=green_box_midline,1,1.35125,75.0,100.0,77.371875,2026-05-07
2026-06-30,HISTORICAL_GLOBAL,P_focus_exact_bdc89fd3,L4=prior_range_fraction::prev_range_0.875 | L5=green_box_edge::green_edge_1 | L6=prior_hlc::previous_close | L7=green_box_quarter::green_box_1_25pct,L4=prior_range_fraction | L5=green_box_edge | L6=prior_hlc | L7=green_box_quarter,1,1.376875,75.0,100.0,77.307812,2026-01-08
2026-06-30,HISTORICAL_GLOBAL,P_focus_exact_6381f5b5,L4=green_box_quarter::green_box_1_75pct | L5=prior_range_fraction::prev_range_0.25 | L6=red_box_midline::red_mid_2 | L7=red_box_quarter::red_box_2_75pct,L4=green_box_quarter | L5=prior_range_fraction | L6=red_box_midline | L7=red_box_quarter,2,1.887188,75.0,100.0,77.282031,2025-12-15; 2025-12-16
2026-06-30,HISTORICAL_GLOBAL,P_focus_exact_0f85ac67,L4=red_box_midline::red_mid_1 | L5=red_box_edge::red_edge_1 | L6=red_box_midline::red_mid_2 | L7=red_box_edge::red_edge_2,L4=red_box_midline | L5=red_box_edge | L6=red_box_midline | L7=red_box_edge,1,1.395,75.0,100.0,77.2625,2025-12-22
2026-06-30,HISTORICAL_GLOBAL,P_focus_exact_7efd7ccd,L4=green_box_midline::green_mid_2 | L5=red_box_quarter::red_box_1_25pct | L6=green_box_quarter::green_box_1_75pct | L7=prior_range_fraction::prev_range_0.25,L4=green_box_midline | L5=red_box_quarter | L6=green_box_quarter | L7=prior_range_fraction,1,1.4,75.0,100.0,77.25,2026-01-09
2026-06-30,HISTORICAL_GLOBAL,P_focus_exact_08860551,L4=prior_range_fraction::prev_range_0.75 | L5=prior_hlc::previous_mid | L6=green_box_midline::green_mid_1 | L7=red_box_midline::red_mid_2,L4=prior_range_fraction | L5=prior_hlc | L6=green_box_midline | L7=red_box_midline,1,1.42625,75.0,100.0,77.184375,2026-01-13
2026-06-30,HISTORICAL_GLOBAL,P_focus_exact_a2823fab,L4=prior_hlc::previous_pivot_hlc3 | L5=prior_range_fraction::prev_range_0.125 | L6=red_box_edge::red_edge_2 | L7=red_box_quarter::red_box_3_75pct,L4=prior_hlc | L5=prior_range_fraction | L6=red_box_edge | L7=red_box_quarter,1,1.454375,75.0,100.0,77.114063,2026-02-26
2026-06-30,HISTORICAL_GLOBAL,P_focus_exact_8a632eb0,L4=green_box_midline::green_mid_2 | L5=green_box_edge::green_edge_1 | L6=prior_range_fraction::prev_range_0.333333 | L7=red_box_midline::red_mid_2,L4=green_box_midline | L5=green_box_edge | L6=prior_range_fraction | L7=red_box_midline,1,1.475,75.0,100.0,77.0625,2026-04-20
2026-06-30,HISTORICAL_GLOBAL,P_focus_exact_eb07e9ac,L4=green_box_quarter::green_box_2_75pct | L5=red_box_quarter::red_box_1_25pct | L6=red_box_quarter::red_box_1_75pct | L7=green_box_midline::green_mid_1,L4=green_box_quarter | L5=red_box_quarter | L6=red_box_quarter | L7=green_box_midline,1,1.48625,75.0,100.0,77.034375,2026-06-01
2026-06-30,HISTORICAL_GLOBAL,P_focus_exact_757c3a18,L4=green_box_edge::green_edge_2 | L5=green_box_midline::green_mid_2 | L6=prior_hlc::previous_pivot_hlc3 | L7=prior_range_fraction::prev_range_0.382,L4=green_box_edge | L5=green_box_midline | L6=prior_hlc | L7=prior_range_fraction,1,1.54568,75.0,100.0,76.8858,2025-10-31
2026-06-30,HISTORICAL_GLOBAL,P_focus_exact_3dce4a49,L4=green_box_midline::green_mid_2 | L5=red_box_midline::red_mid_1 | L6=prior_range_fraction::prev_range_0.125 | L7=red_box_edge::red_edge_2,L4=green_box_midline | L5=red_box_midline | L6=prior_range_fraction | L7=red_box_edge,1,1.56625,75.0,100.0,76.834375,2026-05-25
2026-06-30,HISTORICAL_GLOBAL,P_focus_exact_62731fc5,L4=green_box_quarter::green_box_2_75pct | L5=green_box_quarter::green_box_2_25pct | L6=prior_range_fraction::prev_range_0.666667 | L7=prior_range_fraction::prev_range_0.382,L4=green_box_quarter | L5=green_box_quarter | L6=prior_range_fraction | L7=prior_range_fraction,1,1.65563,75.0,100.0,76.610925,2026-01-07
2026-06-30,HISTORICAL_GLOBAL,P_focus_exact_6d5186e9,L4=green_box_midline::green_mid_3 | L5=green_box_edge::green_edge_2 | L6=prior_range_fraction::prev_range_0.875 | L7=prior_hlc::previous_mid,L4=green_box_midline | L5=green_box_edge | L6=prior_range_fraction | L7=prior_hlc,1,1.666875,75.0,100.0,76.582813,2026-06-26
2026-06-30,HISTORICAL_GLOBAL,P_focus_exact_1da266db,L4=prior_hlc::previous_mid | L5=red_box_edge::red_edge_1 | L6=prior_range_fraction::prev_range_0.382 | L7=red_box_quarter::red_box_2_25pct,L4=prior_hlc | L5=red_box_edge | L6=prior_range_fraction | L7=red_box_quarter,1,1.67,75.0,100.0,76.575,2026-03-20
2026-06-30,HISTORICAL_GLOBAL,P_focus_exact_37959cd5,L4=prior_hlc::previous_high | L5=prior_range_fraction::prev_range_0.618 | L6=red_box_quarter::red_box_2_25pct | L7=red_box_quarter::red_box_2_75pct,L4=prior_hlc | L5=prior_range_fraction | L6=red_box_quarter | L7=red_box_quarter,1,1.740625,75.0,100.0,76.398438,2026-06-22
2026-06-30,HISTORICAL_GLOBAL,P_focus_exact_b8adeff0,L4=prior_hlc::previous_high | L5=red_box_midline::red_mid_1 | L6=prior_range_fraction::prev_range_0.382 | L7=red_box_midline::red_mid_2,L4=prior_hlc | L5=red_box_midline | L6=prior_range_fraction | L7=red_box_midline,1,1.805,75.0,100.0,76.2375,2025-11-25
2026-06-30,REGIME_RANGE_CLOSE_ROWS,P_focus_exact_05d3ca82,L4=prior_hlc::previous_high | L5=red_box_midline::red_mid_1 | L6=red_box_edge::red_edge_1 | L7=red_box_midline::red_mid_2,L4=prior_hlc | L5=red_box_midline | L6=red_box_edge | L7=red_box_midline,1,2.0125,75.0,100.0,75.71875,2026-06-03
2026-06-30,REGIME_RANGE_CLOSE,P_focus_exact_05d3ca82,L4=prior_hlc::previous_high | L5=red_box_midline::red_mid_1 | L6=red_box_edge::red_edge_1 | L7=red_box_midline::red_mid_2,L4=prior_hlc | L5=red_box_midline | L6=red_box_edge | L7=red_box_midline,1,2.0125,75.0,100.0,75.71875,2026-06-03
2026-06-30,HISTORICAL_GLOBAL,P_focus_exact_05d3ca82,L4=prior_hlc::previous_high | L5=red_box_midline::red_mid_1 | L6=red_box_edge::red_edge_1 | L7=red_box_midline::red_mid_2,L4=prior_hlc | L5=red_box_midline | L6=red_box_edge | L7=red_box_midline,1,2.0125,75.0,100.0,75.71875,2026-06-03
2026-06-30,HISTORICAL_GLOBAL,P_focus_exact_090ae360,L4=prior_hlc::previous_high | L5=red_box_midline::red_mid_1 | L6=green_box_quarter::green_box_1_75pct | L7=prior_range_fraction::prev_range_0.125,L4=prior_hlc | L5=red_box_midline | L6=green_box_quarter | L7=prior_range_fraction,1,2.0425,75.0,100.0,75.64375,2026-05-05
2026-06-30,HISTORICAL_GLOBAL,P_focus_exact_08016716,L4=prior_hlc::previous_high | L5=green_box_quarter::green_box_1_75pct | L6=green_box_quarter::green_box_1_25pct | L7=red_box_quarter::red_box_2_75pct,L4=prior_hlc | L5=green_box_quarter | L6=green_box_quarter | L7=red_box_quarter,1,2.37625,75.0,100.0,74.809375,2025-11-03
2026-06-30,HISTORICAL_GLOBAL,P_focus_exact_e3a465f0,L4=green_box_quarter::green_box_4_25pct | L5=green_box_quarter::green_box_3_75pct | L6=green_box_edge::green_edge_2 | L7=prior_hlc::previous_high,L4=green_box_quarter | L5=green_box_quarter | L6=green_box_edge | L7=prior_hlc,1,2.44625,75.0,100.0,74.634375,2026-06-15
2026-06-30,HISTORICAL_GLOBAL,P_focus_exact_f2ff1525,L4=green_box_quarter::green_box_4_75pct | L5=green_box_quarter::green_box_3_75pct | L6=green_box_midline::green_mid_2 | L7=prior_hlc::previous_close,L4=green_box_quarter | L5=green_box_quarter | L6=green_box_midline | L7=prior_hlc,1,2.45,75.0,100.0,74.625,2026-04-23
2026-06-30,HISTORICAL_GLOBAL,P_focus_exact_9dcc6759,L4=green_box_quarter::green_box_3_25pct | L5=green_box_quarter::green_box_2_75pct | L6=prior_range_fraction::prev_range_0.75 | L7=prior_range_fraction::prev_range_0.382,L4=green_box_quarter | L5=green_box_quarter | L6=prior_range_fraction | L7=prior_range_fraction,2,1.83182,75.0,87.5,74.54545,2026-04-27; 2026-05-22
2026-06-30,HISTORICAL_GLOBAL,P_focus_exact_fdcc869c,L4=green_box_quarter::green_box_3_75pct | L5=green_box_quarter::green_box_3_25pct | L6=green_box_quarter::green_box_2_75pct | L7=green_box_quarter::green_box_2_25pct,L4=green_box_quarter | L5=green_box_quarter | L6=green_box_quarter | L7=green_box_quarter,1,2.485,75.0,100.0,74.5375,2026-03-02
2026-06-30,HISTORICAL_GLOBAL,P_focus_exact_d06cc672,L4=green_box_quarter::green_box_2_25pct | L5=prior_hlc::previous_close | L6=red_box_midline::red_mid_2 | L7=red_box_edge::red_edge_2,L4=green_box_quarter | L5=prior_hlc | L6=red_box_midline | L7=red_box_edge,1,2.615,75.0,100.0,74.2125,2026-04-07
2026-06-30,HISTORICAL_GLOBAL,P_focus_exact_ba20c162,L4=green_box_quarter::green_box_2_25pct | L5=green_box_quarter::green_box_1_75pct | L6=red_box_quarter::red_box_2_25pct | L7=red_box_edge::red_edge_2,L4=green_box_quarter | L5=green_box_quarter | L6=red_box_quarter | L7=red_box_edge,1,0.50375,75.0,75.0,73.740625,2026-02-20
2026-06-30,HISTORICAL_GLOBAL,P_focus_exact_d17586a0,L4=green_box_quarter::green_box_2_75pct | L5=prior_range_fraction::prev_range_0.75 | L6=red_box_quarter::red_box_1_75pct | L7=prior_range_fraction::prev_range_0.125,L4=green_box_quarter | L5=prior_range_fraction | L6=red_box_quarter | L7=prior_range_fraction,1,0.71125,75.0,75.0,73.221875,2025-12-01
2026-06-30,HISTORICAL_GLOBAL,P_focus_exact_ed33c9c0,L4=green_box_edge::green_edge_2 | L5=prior_range_fraction::prev_range_0.875 | L6=green_box_quarter::green_box_1_75pct | L7=prior_range_fraction::prev_range_0.125,L4=green_box_edge | L5=prior_range_fraction | L6=green_box_quarter | L7=prior_range_fraction,1,0.74,75.0,75.0,73.15,2025-11-19
2026-06-30,REGIME_RANGE_CLOSE_ROWS,P_focus_exact_c646989b,L4=prior_range_fraction::prev_range_0.666667 | L5=red_box_edge::red_edge_1 | L6=red_box_midline::red_mid_2 | L7=red_box_quarter::red_box_3_25pct,L4=prior_range_fraction | L5=red_box_edge | L6=red_box_midline | L7=red_box_quarter,1,0.86625,75.0,75.0,72.834375,2026-05-15
2026-06-30,REGIME_RANGE_CLOSE,P_focus_exact_c646989b,L4=prior_range_fraction::prev_range_0.666667 | L5=red_box_edge::red_edge_1 | L6=red_box_midline::red_mid_2 | L7=red_box_quarter::red_box_3_25pct,L4=prior_range_fraction | L5=red_box_edge | L6=red_box_midline | L7=red_box_quarter,1,0.86625,75.0,75.0,72.834375,2026-05-15
2026-06-30,HISTORICAL_GLOBAL,P_focus_exact_c646989b,L4=prior_range_fraction::prev_range_0.666667 | L5=red_box_edge::red_edge_1 | L6=red_box_midline::red_mid_2 | L7=red_box_quarter::red_box_3_25pct,L4=prior_range_fraction | L5=red_box_edge | L6=red_box_midline | L7=red_box_quarter,1,0.86625,75.0,75.0,72.834375,2026-05-15
2026-06-30,HISTORICAL_GLOBAL,P_focus_exact_7fd1be2e,L4=green_box_quarter::green_box_1_75pct | L5=prior_hlc::previous_close | L6=prior_hlc::previous_low | L7=red_box_edge::red_edge_2,L4=green_box_quarter | L5=prior_hlc | L6=prior_hlc | L7=red_box_edge,1,0.945,75.0,75.0,72.6375,2026-02-18
2026-06-30,HISTORICAL_GLOBAL,P_focus_exact_a676378e,L4=green_box_edge::green_edge_2 | L5=prior_range_fraction::prev_range_0.875 | L6=prior_hlc::previous_mid | L7=green_box_quarter::green_box_1_25pct,L4=green_box_edge | L5=prior_range_fraction | L6=prior_hlc | L7=green_box_quarter,1,0.95125,75.0,75.0,72.621875,2026-04-15
2026-06-30,HISTORICAL_GLOBAL,P_focus_exact_c7241d11,L4=prior_hlc::previous_pivot_hlc3 | L5=prior_range_fraction::prev_range_0.25 | L6=prior_hlc::previous_low | L7=red_box_edge::red_edge_2,L4=prior_hlc | L5=prior_range_fraction | L6=prior_hlc | L7=red_box_edge,1,1.036666,75.0,75.0,72.408335,2026-06-08
2026-06-30,REGIME_RANGE_CLOSE_ROWS,P_focus_exact_14b15dfb,L4=green_box_edge::green_edge_1 | L5=red_box_quarter::red_box_2_25pct | L6=red_box_edge::red_edge_2 | L7=red_box_edge::red_edge_3,L4=green_box_edge | L5=red_box_quarter | L6=red_box_edge | L7=red_box_edge,1,1.16875,75.0,75.0,72.078125,2026-04-13
2026-06-30,REGIME_RANGE_CLOSE,P_focus_exact_14b15dfb,L4=green_box_edge::green_edge_1 | L5=red_box_quarter::red_box_2_25pct | L6=red_box_edge::red_edge_2 | L7=red_box_edge::red_edge_3,L4=green_box_edge | L5=red_box_quarter | L6=red_box_edge | L7=red_box_edge,1,1.16875,75.0,75.0,72.078125,2026-04-13
2026-06-30,HISTORICAL_GLOBAL,P_focus_exact_14b15dfb,L4=green_box_edge::green_edge_1 | L5=red_box_quarter::red_box_2_25pct | L6=red_box_edge::red_edge_2 | L7=red_box_edge::red_edge_3,L4=green_box_edge | L5=red_box_quarter | L6=red_box_edge | L7=red_box_edge,1,1.16875,75.0,75.0,72.078125,2026-04-13
2026-06-30,HISTORICAL_GLOBAL,P_focus_exact_8b42e54c,L4=green_box_quarter::green_box_2_75pct | L5=red_box_quarter::red_box_1_25pct | L6=green_box_quarter::green_box_1_75pct | L7=prior_range_fraction::prev_range_0.125,L4=green_box_quarter | L5=red_box_quarter | L6=green_box_quarter | L7=prior_range_fraction,1,1.2125,75.0,75.0,71.96875,2025-10-27
2026-06-30,HISTORICAL_GLOBAL,P_focus_exact_2740ea23,L4=prior_range_fraction::prev_range_0.666667 | L5=prior_range_fraction::prev_range_0.382 | L6=prior_range_fraction::prev_range_0.125 | L7=red_box_quarter::red_box_2_75pct,L4=prior_range_fraction | L5=prior_range_fraction | L6=prior_range_fraction | L7=red_box_quarter,1,1.254093,75.0,75.0,71.864767,2025-12-17
2026-06-30,HISTORICAL_GLOBAL,P_focus_exact_783467b5,L4=green_box_quarter::green_box_1_25pct | L5=red_box_quarter::red_box_2_75pct | L6=red_box_quarter::red_box_3_25pct | L7=red_box_edge::red_edge_3,L4=green_box_quarter | L5=red_box_quarter | L6=red_box_quarter | L7=red_box_edge,1,1.2725,75.0,75.0,71.81875,2026-01-15
2026-06-30,HISTORICAL_GLOBAL,P_focus_exact_96b4100d,L4=green_box_edge::green_edge_2 | L5=prior_hlc::previous_high | L6=green_box_quarter::green_box_2_25pct | L7=red_box_quarter::red_box_1_75pct,L4=green_box_edge | L5=prior_hlc | L6=green_box_quarter | L7=red_box_quarter,2,1.979688,62.5,100.0,71.800781,2025-10-29; 2026-02-24
2026-06-30,HISTORICAL_GLOBAL,P_focus_exact_65fc37e3,L4=green_box_edge::green_edge_2 | L5=prior_hlc::previous_high | L6=prior_range_fraction::prev_range_0.75 | L7=prior_hlc::previous_mid,L4=green_box_edge | L5=prior_hlc | L6=prior_range_fraction | L7=prior_hlc,1,1.31,75.0,75.0,71.725,2026-05-19
2026-06-30,HISTORICAL_GLOBAL,P_focus_exact_6e7982fe,L4=red_box_midline::red_mid_1 | L5=prior_hlc::previous_pivot_hlc3 | L6=green_box_quarter::green_box_1_25pct | L7=red_box_edge::red_edge_2,L4=red_box_midline | L5=prior_hlc | L6=green_box_quarter | L7=red_box_edge,1,1.3425,75.0,75.0,71.64375,2026-05-28
2026-06-30,REGIME_RANGE_CLOSE,P_focus_exact_54aca374,L4=prior_hlc::previous_mid | L5=green_box_quarter::green_box_1_25pct | L6=red_box_edge::red_edge_2 | L7=red_box_midline::red_mid_3,L4=prior_hlc | L5=green_box_quarter | L6=red_box_edge | L7=red_box_midline,1,1.37,75.0,75.0,71.575,2026-05-27
2026-06-30,HISTORICAL_GLOBAL,P_focus_exact_54aca374,L4=prior_hlc::previous_mid | L5=green_box_quarter::green_box_1_25pct | L6=red_box_edge::red_edge_2 | L7=red_box_midline::red_mid_3,L4=prior_hlc | L5=green_box_quarter | L6=red_box_edge | L7=red_box_midline,1,1.37,75.0,75.0,71.575,2026-05-27
2026-06-30,HISTORICAL_GLOBAL,P_focus_exact_bb1c39bc,L4=green_box_midline::green_mid_2 | L5=prior_hlc::previous_pivot_hlc3 | L6=red_box_quarter::red_box_2_25pct | L7=red_box_quarter::red_box_2_75pct,L4=green_box_midline | L5=prior_hlc | L6=red_box_quarter | L7=red_box_quarter,1,1.39,75.0,75.0,71.525,2026-02-12
2026-06-30,HISTORICAL_GLOBAL,P_focus_exact_0c7022ae,L4=green_box_edge::green_edge_2 | L5=green_box_midline::green_mid_2 | L6=prior_range_fraction::prev_range_0.666667 | L7=red_box_edge::red_edge_1,L4=green_box_edge | L5=green_box_midline | L6=prior_range_fraction | L7=red_box_edge,1,1.474156,75.0,75.0,71.31461,2025-11-06
2026-06-30,HISTORICAL_GLOBAL,P_focus_exact_479f8e01,L4=green_box_edge::green_edge_2 | L5=prior_range_fraction::prev_range_0.875 | L6=prior_range_fraction::prev_range_0.618 | L7=red_box_edge::red_edge_1,L4=green_box_edge | L5=prior_range_fraction | L6=prior_range_fraction | L7=red_box_edge,1,1.50424,75.0,75.0,71.2394,2025-10-28
2026-06-30,HISTORICAL_GLOBAL,P_focus_exact_3af18838,L4=prior_range_fraction::prev_range_0.75 | L5=red_box_quarter::red_box_1_75pct | L6=prior_range_fraction::prev_range_0.333333 | L7=red_box_midline::red_mid_2,L4=prior_range_fraction | L5=red_box_quarter | L6=prior_range_fraction | L7=red_box_midline,1,1.545,75.0,75.0,71.1375,2026-01-29
2026-06-30,HISTORICAL_GLOBAL,P_focus_exact_65e52ed0,L4=green_box_edge::green_edge_2 | L5=green_box_midline::green_mid_2 | L6=green_box_quarter::green_box_2_25pct | L7=prior_range_fraction::prev_range_0.618,L4=green_box_edge | L5=green_box_midline | L6=green_box_quarter | L7=prior_range_fraction,1,1.69971,75.0,75.0,70.750725,2026-01-12
2026-06-30,HISTORICAL_GLOBAL,P_focus_exact_8869134e,L4=green_box_quarter::green_box_2_75pct | L5=green_box_midline::green_mid_2 | L6=prior_range_fraction::prev_range_0.666667 | L7=red_box_edge::red_edge_1,L4=green_box_quarter | L5=green_box_midline | L6=prior_range_fraction | L7=red_box_edge,1,1.73,75.0,75.0,70.675,2026-04-02
2026-06-30,HISTORICAL_GLOBAL,P_focus_exact_e104f13d,L4=prior_range_fraction::prev_range_0.75 | L5=green_box_quarter::green_box_1_75pct | L6=green_box_quarter::green_box_1_25pct | L7=red_box_quarter::red_box_2_75pct,L4=prior_range_fraction | L5=green_box_quarter | L6=green_box_quarter | L7=red_box_quarter,1,1.74625,75.0,75.0,70.634375,2026-03-05
2026-06-30,HISTORICAL_GLOBAL,P_focus_exact_0a5940e1,L4=green_box_midline::green_mid_2 | L5=green_box_midline::green_mid_1 | L6=red_box_quarter::red_box_2_75pct | L7=red_box_quarter::red_box_3_75pct,L4=green_box_midline | L5=green_box_midline | L6=red_box_quarter | L7=red_box_quarter,1,1.91,75.0,75.0,70.225,2026-02-11
2026-06-30,HISTORICAL_GLOBAL,P_focus_exact_58c88ae3,L4=green_box_quarter::green_box_1_75pct | L5=red_box_quarter::red_box_2_25pct | L6=red_box_midline::red_mid_2 | L7=red_box_quarter::red_box_2_75pct,L4=green_box_quarter | L5=red_box_quarter | L6=red_box_midline | L7=red_box_quarter,1,2.01875,75.0,75.0,69.953125,2026-06-18
2026-06-30,HISTORICAL_GLOBAL,P_focus_exact_52e89df5,L4=prior_range_fraction::prev_range_0.618 | L5=prior_range_fraction::prev_range_0.333333 | L6=prior_hlc::previous_low | L7=red_box_edge::red_edge_2,L4=prior_range_fraction | L5=prior_range_fraction | L6=prior_hlc | L7=red_box_edge,1,2.18942,75.0,75.0,69.52645,2026-04-29
2026-06-30,HISTORICAL_GLOBAL,P_focus_exact_09b9a4fa,L4=prior_hlc::previous_close | L5=green_box_quarter::green_box_1_25pct | L6=red_box_midline::red_mid_2 | L7=red_box_edge::red_edge_2,L4=prior_hlc | L5=green_box_quarter | L6=red_box_midline | L7=red_box_edge,1,2.23375,75.0,75.0,69.415625,2025-10-03
2026-06-30,HISTORICAL_GLOBAL,P_focus_exact_c158e5db,L4=green_box_edge::green_edge_1 | L5=red_box_edge::red_edge_1 | L6=prior_range_fraction::prev_range_0.333333 | L7=prior_range_fraction::prev_range_0.25,L4=green_box_edge | L5=red_box_edge | L6=prior_range_fraction | L7=prior_range_fraction,1,2.502549,75.0,75.0,68.743628,2025-10-22
2026-06-30,HISTORICAL_GLOBAL,P_focus_exact_29e66bd6,L4=green_box_midline::green_mid_2 | L5=prior_hlc::previous_pivot_hlc3 | L6=green_box_quarter::green_box_1_25pct | L7=red_box_edge::red_edge_2,L4=green_box_midline | L5=prior_hlc | L6=green_box_quarter | L7=red_box_edge,1,2.563333,75.0,75.0,68.591667,2026-05-01
2026-06-30,HISTORICAL_GLOBAL,P_focus_exact_853db1be,L4=green_box_midline::green_mid_2 | L5=prior_range_fraction::prev_range_0.75 | L6=prior_range_fraction::prev_range_0.618 | L7=red_box_edge::red_edge_1,L4=green_box_midline | L5=prior_range_fraction | L6=prior_range_fraction | L7=red_box_edge,1,2.63018,75.0,75.0,68.42455,2026-03-30
2026-06-30,HISTORICAL_GLOBAL,P_focus_exact_68a862e5,L4=prior_range_fraction::prev_range_0.875 | L5=red_box_quarter::red_box_1_75pct | L6=red_box_quarter::red_box_2_25pct | L7=red_box_edge::red_edge_2,L4=prior_range_fraction | L5=red_box_quarter | L6=red_box_quarter | L7=red_box_edge,1,1.89875,50.0,100.0,65.503125,2025-12-09
2026-06-30,HISTORICAL_GLOBAL,P_focus_exact_4c76d22b,L4=prior_range_fraction::prev_range_0.25 | L5=red_box_midline::red_mid_2 | L6=red_box_edge::red_edge_2 | L7=red_box_midline::red_mid_3,L4=prior_range_fraction | L5=red_box_midline | L6=red_box_edge | L7=red_box_midline,1,2.12,50.0,100.0,64.95,2025-12-04
2026-06-30,HISTORICAL_GLOBAL,P_focus_exact_0f475903,L4=prior_range_fraction::prev_range_0.125 | L5=red_box_quarter::red_box_2_75pct | L6=red_box_quarter::red_box_3_25pct | L7=red_box_quarter::red_box_3_75pct,L4=prior_range_fraction | L5=red_box_quarter | L6=red_box_quarter | L7=red_box_quarter,1,2.2,50.0,100.0,64.75,2026-06-10
2026-06-30,HISTORICAL_GLOBAL,P_focus_exact_df978049,L4=prior_range_fraction::prev_range_0.875 | L5=green_box_quarter::green_box_1_75pct | L6=prior_range_fraction::prev_range_0.125 | L7=red_box_edge::red_edge_2,L4=prior_range_fraction | L5=green_box_quarter | L6=prior_range_fraction | L7=red_box_edge,1,2.2625,50.0,100.0,64.59375,2026-04-10
2026-06-30,HISTORICAL_GLOBAL,P_focus_exact_877208df,L4=prior_range_fraction::prev_range_0.875 | L5=prior_range_fraction::prev_range_0.666667 | L6=green_box_quarter::green_box_1_75pct | L7=prior_hlc::previous_close,L4=prior_range_fraction | L5=prior_range_fraction | L6=green_box_quarter | L7=prior_hlc,1,2.299818,50.0,100.0,64.500455,2026-06-25
2026-06-30,REGIME_RANGE_CLOSE,P_focus_exact_e3118116,L4=green_box_edge::green_edge_2 | L5=green_box_midline::green_mid_2 | L6=prior_range_fraction::prev_range_0.618 | L7=green_box_midline::green_mid_1,L4=green_box_edge | L5=green_box_midline | L6=prior_range_fraction | L7=green_box_midline,1,2.3464,50.0,100.0,64.384,2025-11-14
2026-06-30,HISTORICAL_GLOBAL,P_focus_exact_e3118116,L4=green_box_edge::green_edge_2 | L5=green_box_midline::green_mid_2 | L6=prior_range_fraction::prev_range_0.618 | L7=green_box_midline::green_mid_1,L4=green_box_edge | L5=green_box_midline | L6=prior_range_fraction | L7=green_box_midline,1,2.3464,50.0,100.0,64.384,2025-11-14
2026-06-30,HISTORICAL_GLOBAL,P_focus_exact_179a4a85,L4=green_box_quarter::green_box_2_75pct | L5=prior_range_fraction::prev_range_0.75 | L6=prior_range_fraction::prev_range_0.382 | L7=red_box_midline::red_mid_2,L4=green_box_quarter | L5=prior_range_fraction | L6=prior_range_fraction | L7=red_box_midline,1,2.413125,50.0,100.0,64.217187,2025-10-24
2026-06-30,HISTORICAL_GLOBAL,P_focus_exact_37d0f52e,L4=green_box_quarter::green_box_1_75pct | L5=prior_hlc::previous_close | L6=prior_range_fraction::prev_range_0.25 | L7=prior_range_fraction::prev_range_0.125,L4=green_box_quarter | L5=prior_hlc | L6=prior_range_fraction | L7=prior_range_fraction,1,2.493125,50.0,100.0,64.017188,2025-12-26
2026-06-30,HISTORICAL_GLOBAL,P_focus_exact_74177266,L4=prior_hlc::previous_high | L5=prior_range_fraction::prev_range_0.75 | L6=prior_hlc::previous_mid | L7=green_box_midline::green_mid_1,L4=prior_hlc | L5=prior_range_fraction | L6=prior_hlc | L7=green_box_midline,1,2.54875,50.0,100.0,63.878125,2026-02-25
2026-06-30,HISTORICAL_GLOBAL,P_focus_exact_8687202c,L4=green_box_quarter::green_box_3_25pct | L5=green_box_midline::green_mid_2 | L6=prior_hlc::previous_pivot_hlc3 | L7=green_box_quarter::green_box_1_25pct,L4=green_box_quarter | L5=green_box_midline | L6=prior_hlc | L7=green_box_quarter,1,2.72375,50.0,100.0,63.440625,2026-02-10
2026-06-30,REGIME_RANGE_CLOSE,P_focus_exact_bbf3ff9f,L4=prior_range_fraction::prev_range_0.618 | L5=green_box_quarter::green_box_1_25pct | L6=red_box_quarter::red_box_2_75pct | L7=red_box_quarter::red_box_3_25pct,L4=prior_range_fraction | L5=green_box_quarter | L6=red_box_quarter | L7=red_box_quarter,1,2.881785,50.0,100.0,63.045538,2025-11-05
2026-06-30,HISTORICAL_GLOBAL,P_focus_exact_bbf3ff9f,L4=prior_range_fraction::prev_range_0.618 | L5=green_box_quarter::green_box_1_25pct | L6=red_box_quarter::red_box_2_75pct | L7=red_box_quarter::red_box_3_25pct,L4=prior_range_fraction | L5=green_box_quarter | L6=red_box_quarter | L7=red_box_quarter,1,2.881785,50.0,100.0,63.045538,2025-11-05
2026-06-30,HISTORICAL_GLOBAL,P_focus_exact_911fe5ab,L4=prior_hlc::previous_mid | L5=prior_range_fraction::prev_range_0.333333 | L6=green_box_quarter::green_box_1_25pct | L7=prior_hlc::previous_low,L4=prior_hlc | L5=prior_range_fraction | L6=green_box_quarter | L7=prior_hlc,1,3.0575,50.0,100.0,62.60625,2025-10-20
2026-06-30,HISTORICAL_GLOBAL,P_focus_exact_7ac3bcc2,L4=prior_range_fraction::prev_range_0.875 | L5=red_box_quarter::red_box_1_75pct | L6=prior_hlc::previous_low | L7=red_box_edge::red_edge_2,L4=prior_range_fraction | L5=red_box_quarter | L6=prior_hlc | L7=red_box_edge,1,3.06125,50.0,100.0,62.596875,2026-06-23
2026-06-30,HISTORICAL_GLOBAL,P_focus_exact_7baee8c0,L4=green_box_midline::green_mid_2 | L5=green_box_quarter::green_box_2_25pct | L6=prior_hlc::previous_pivot_hlc3 | L7=red_box_edge::red_edge_1,L4=green_box_midline | L5=green_box_quarter | L6=prior_hlc | L7=red_box_edge,1,3.33125,50.0,100.0,61.921875,2026-03-24
2026-06-30,HISTORICAL_GLOBAL,P_focus_exact_e39b2b26,L4=green_box_quarter::green_box_2_25pct | L5=red_box_midline::red_mid_1 | L6=green_box_edge::green_edge_1 | L7=prior_hlc::previous_mid,L4=green_box_quarter | L5=red_box_midline | L6=green_box_edge | L7=prior_hlc,1,3.365,50.0,100.0,61.8375,2025-10-17
2026-06-30,HISTORICAL_GLOBAL,P_focus_exact_5e9edf8a,L4=prior_hlc::previous_close | L5=red_box_midline::red_mid_1 | L6=green_box_quarter::green_box_1_75pct | L7=green_box_quarter::green_box_1_25pct,L4=prior_hlc | L5=red_box_midline | L6=green_box_quarter | L7=green_box_quarter,1,3.5375,50.0,100.0,61.40625,2026-02-16
2026-06-30,HISTORICAL_GLOBAL,P_focus_exact_ccf2d991,L4=green_box_quarter::green_box_3_25pct | L5=prior_hlc::previous_high | L6=red_box_quarter::red_box_1_75pct | L7=prior_range_fraction::prev_range_0.125,L4=green_box_quarter | L5=prior_hlc | L6=red_box_quarter | L7=prior_range_fraction,1,3.55125,50.0,100.0,61.371875,2026-04-21
2026-06-30,REGIME_RANGE_CLOSE,P_focus_exact_3270bdbe,L4=green_box_midline::green_mid_3 | L5=green_box_edge::green_edge_2 | L6=green_box_midline::green_mid_2 | L7=prior_range_fraction::prev_range_0.666667,L4=green_box_midline | L5=green_box_edge | L6=green_box_midline | L7=prior_range_fraction,1,1.786686,50.0,75.0,60.033285,2025-10-30
2026-06-30,HISTORICAL_GLOBAL,P_focus_exact_3270bdbe,L4=green_box_midline::green_mid_3 | L5=green_box_edge::green_edge_2 | L6=green_box_midline::green_mid_2 | L7=prior_range_fraction::prev_range_0.666667,L4=green_box_midline | L5=green_box_edge | L6=green_box_midline | L7=prior_range_fraction,1,1.786686,50.0,75.0,60.033285,2025-10-30
2026-06-30,REGIME_RANGE_CLOSE_ROWS,P_focus_exact_4719560c,L4=green_box_quarter::green_box_2_75pct | L5=prior_range_fraction::prev_range_0.75 | L6=prior_range_fraction::prev_range_0.25 | L7=red_box_edge::red_edge_2,L4=green_box_quarter | L5=prior_range_fraction | L6=prior_range_fraction | L7=red_box_edge,1,1.970625,50.0,75.0,59.573437,2026-04-17
2026-06-30,REGIME_RANGE_CLOSE,P_focus_exact_4719560c,L4=green_box_quarter::green_box_2_75pct | L5=prior_range_fraction::prev_range_0.75 | L6=prior_range_fraction::prev_range_0.25 | L7=red_box_edge::red_edge_2,L4=green_box_quarter | L5=prior_range_fraction | L6=prior_range_fraction | L7=red_box_edge,1,1.970625,50.0,75.0,59.573437,2026-04-17
2026-06-30,HISTORICAL_GLOBAL,P_focus_exact_4719560c,L4=green_box_quarter::green_box_2_75pct | L5=prior_range_fraction::prev_range_0.75 | L6=prior_range_fraction::prev_range_0.25 | L7=red_box_edge::red_edge_2,L4=green_box_quarter | L5=prior_range_fraction | L6=prior_range_fraction | L7=red_box_edge,1,1.970625,50.0,75.0,59.573437,2026-04-17
2026-06-30,REGIME_RANGE_CLOSE_ROWS,P_focus_exact_4164d38d,L4=prior_hlc::previous_pivot_hlc3 | L5=red_box_quarter::red_box_2_25pct | L6=red_box_quarter::red_box_2_75pct | L7=red_box_midline::red_mid_3,L4=prior_hlc | L5=red_box_quarter | L6=red_box_quarter | L7=red_box_midline,1,2.060417,50.0,75.0,59.348957,2026-01-14
2026-06-30,REGIME_RANGE_CLOSE,P_focus_exact_4164d38d,L4=prior_hlc::previous_pivot_hlc3 | L5=red_box_quarter::red_box_2_25pct | L6=red_box_quarter::red_box_2_75pct | L7=red_box_midline::red_mid_3,L4=prior_hlc | L5=red_box_quarter | L6=red_box_quarter | L7=red_box_midline,1,2.060417,50.0,75.0,59.348957,2026-01-14
2026-06-30,HISTORICAL_GLOBAL,P_focus_exact_4164d38d,L4=prior_hlc::previous_pivot_hlc3 | L5=red_box_quarter::red_box_2_25pct | L6=red_box_quarter::red_box_2_75pct | L7=red_box_midline::red_mid_3,L4=prior_hlc | L5=red_box_quarter | L6=red_box_quarter | L7=red_box_midline,1,2.060417,50.0,75.0,59.348957,2026-01-14
2026-06-30,HISTORICAL_GLOBAL,P_focus_exact_9f090910,L4=green_box_edge::green_edge_2 | L5=green_box_midline::green_mid_2 | L6=red_box_midline::red_mid_1 | L7=prior_range_fraction::prev_range_0.382,L4=green_box_edge | L5=green_box_midline | L6=red_box_midline | L7=prior_range_fraction,2,2.77624,50.0,75.0,58.8094,2025-11-13; 2026-03-09
2026-06-30,HISTORICAL_GLOBAL,P_focus_exact_bd8278d6,L4=red_box_quarter::red_box_1_25pct | L5=prior_hlc::previous_pivot_hlc3 | L6=prior_hlc::previous_low | L7=red_box_edge::red_edge_2,L4=red_box_quarter | L5=prior_hlc | L6=prior_hlc | L7=red_box_edge,1,2.285,50.0,75.0,58.7875,2026-03-18
2026-06-30,HISTORICAL_GLOBAL,P_focus_exact_0cd697d6,L4=green_box_quarter::green_box_2_75pct | L5=green_box_quarter::green_box_2_25pct | L6=prior_hlc::previous_pivot_hlc3 | L7=red_box_quarter::red_box_2_25pct,L4=green_box_quarter | L5=green_box_quarter | L6=prior_hlc | L7=red_box_quarter,1,2.39875,50.0,75.0,58.503125,2026-05-13
2026-06-30,HISTORICAL_GLOBAL,P_focus_exact_2c90b5f8,L4=green_box_quarter::green_box_2_75pct | L5=green_box_quarter::green_box_2_25pct | L6=prior_range_fraction::prev_range_0.382 | L7=red_box_midline::red_mid_2,L4=green_box_quarter | L5=green_box_quarter | L6=prior_range_fraction | L7=red_box_midline,1,2.539795,50.0,75.0,58.150513,2026-04-14
2026-06-30,HISTORICAL_GLOBAL,P_focus_exact_5d255d5e,L4=green_box_edge::green_edge_2 | L5=prior_hlc::previous_high | L6=red_box_midline::red_mid_1 | L7=green_box_midline::green_mid_1,L4=green_box_edge | L5=prior_hlc | L6=red_box_midline | L7=green_box_midline,1,2.59125,50.0,75.0,58.021875,2026-05-12
2026-06-30,HISTORICAL_GLOBAL,P_focus_exact_509b06fd,L4=green_box_midline::green_mid_3 | L5=green_box_edge::green_edge_2 | L6=prior_hlc::previous_high | L7=red_box_midline::red_mid_1,L4=green_box_midline | L5=green_box_edge | L6=prior_hlc | L7=red_box_midline,1,2.64,50.0,75.0,57.9,2026-05-21
2026-06-30,HISTORICAL_GLOBAL,P_focus_exact_aaa11fa3,L4=green_box_quarter::green_box_1_75pct | L5=red_box_quarter::red_box_2_25pct | L6=red_box_quarter::red_box_2_75pct | L7=red_box_midline::red_mid_3,L4=green_box_quarter | L5=red_box_quarter | L6=red_box_quarter | L7=red_box_midline,1,2.708125,50.0,75.0,57.729687,2025-11-07
2026-06-30,REGIME_RANGE_CLOSE_ROWS,P_focus_exact_ef2e27e4,L4=green_box_quarter::green_box_2_25pct | L5=prior_range_fraction::prev_range_0.333333 | L6=red_box_edge::red_edge_2 | L7=red_box_midline::red_mid_3,L4=green_box_quarter | L5=prior_range_fraction | L6=red_box_edge | L7=red_box_midline,1,2.71749,50.0,75.0,57.706275,2026-04-28
2026-06-30,REGIME_RANGE_CLOSE,P_focus_exact_ef2e27e4,L4=green_box_quarter::green_box_2_25pct | L5=prior_range_fraction::prev_range_0.333333 | L6=red_box_edge::red_edge_2 | L7=red_box_midline::red_mid_3,L4=green_box_quarter | L5=prior_range_fraction | L6=red_box_edge | L7=red_box_midline,1,2.71749,50.0,75.0,57.706275,2026-04-28
2026-06-30,HISTORICAL_GLOBAL,P_focus_exact_ef2e27e4,L4=green_box_quarter::green_box_2_25pct | L5=prior_range_fraction::prev_range_0.333333 | L6=red_box_edge::red_edge_2 | L7=red_box_midline::red_mid_3,L4=green_box_quarter | L5=prior_range_fraction | L6=red_box_edge | L7=red_box_midline,1,2.71749,50.0,75.0,57.706275,2026-04-28
2026-06-30,HISTORICAL_GLOBAL,P_focus_exact_8c16902f,L4=prior_hlc::previous_close | L5=prior_range_fraction::prev_range_0.75 | L6=green_box_quarter::green_box_1_75pct | L7=red_box_edge::red_edge_4,L4=prior_hlc | L5=prior_range_fraction | L6=green_box_quarter | L7=red_box_edge,1,2.75625,50.0,75.0,57.609375,2025-10-07
2026-06-30,REGIME_RANGE_CLOSE_ROWS,P_focus_exact_33ab61e2,L4=red_box_midline::red_mid_1 | L5=prior_hlc::previous_pivot_hlc3 | L6=red_box_quarter::red_box_2_25pct | L7=prior_hlc::previous_low,L4=red_box_midline | L5=prior_hlc | L6=red_box_quarter | L7=prior_hlc,1,2.76125,50.0,75.0,57.596875,2026-01-05
2026-06-30,REGIME_RANGE_CLOSE,P_focus_exact_33ab61e2,L4=red_box_midline::red_mid_1 | L5=prior_hlc::previous_pivot_hlc3 | L6=red_box_quarter::red_box_2_25pct | L7=prior_hlc::previous_low,L4=red_box_midline | L5=prior_hlc | L6=red_box_quarter | L7=prior_hlc,1,2.76125,50.0,75.0,57.596875,2026-01-05
2026-06-30,HISTORICAL_GLOBAL,P_focus_exact_33ab61e2,L4=red_box_midline::red_mid_1 | L5=prior_hlc::previous_pivot_hlc3 | L6=red_box_quarter::red_box_2_25pct | L7=prior_hlc::previous_low,L4=red_box_midline | L5=prior_hlc | L6=red_box_quarter | L7=prior_hlc,1,2.76125,50.0,75.0,57.596875,2026-01-05
2026-06-30,HISTORICAL_GLOBAL,P_focus_exact_f279988d,L4=prior_hlc::previous_high | L5=green_box_quarter::green_box_2_25pct | L6=prior_range_fraction::prev_range_0.618 | L7=red_box_edge::red_edge_1,L4=prior_hlc | L5=green_box_quarter | L6=prior_range_fraction | L7=red_box_edge,1,2.77375,50.0,75.0,57.565625,2026-01-02
2026-06-30,HISTORICAL_GLOBAL,P_focus_exact_d3c7b018,L4=prior_range_fraction::prev_range_0.382 | L5=green_box_quarter::green_box_1_25pct | L6=red_box_quarter::red_box_2_75pct | L7=red_box_quarter::red_box_3_25pct,L4=prior_range_fraction | L5=green_box_quarter | L6=red_box_quarter | L7=red_box_quarter,1,2.78,50.0,75.0,57.55,2026-03-06
2026-06-30,HISTORICAL_GLOBAL,P_focus_exact_332e6b0d,L4=prior_range_fraction::prev_range_0.875 | L5=green_box_quarter::green_box_1_75pct | L6=red_box_midline::red_mid_2 | L7=red_box_edge::red_edge_2,L4=prior_range_fraction | L5=green_box_quarter | L6=red_box_midline | L7=red_box_edge,1,2.801875,50.0,75.0,57.495312,2026-05-04
2026-06-30,HISTORICAL_GLOBAL,P_focus_exact_07bec791,L4=green_box_edge::green_edge_3 | L5=green_box_midline::green_mid_3 | L6=green_box_quarter::green_box_3_25pct | L7=green_box_edge::green_edge_2,L4=green_box_edge | L5=green_box_midline | L6=green_box_quarter | L7=green_box_edge,1,2.97875,50.0,75.0,57.053125,2026-01-21
2026-06-30,HISTORICAL_GLOBAL,P_focus_exact_d57aed71,L4=prior_hlc::previous_high | L5=green_box_quarter::green_box_2_75pct | L6=red_box_quarter::red_box_1_25pct | L7=prior_range_fraction::prev_range_0.75,L4=prior_hlc | L5=green_box_quarter | L6=red_box_quarter | L7=prior_range_fraction,1,3.0825,50.0,75.0,56.79375,2026-02-03
2026-06-30,HISTORICAL_GLOBAL,P_focus_exact_2cc6cfdb,L4=prior_hlc::previous_high | L5=red_box_quarter::red_box_1_25pct | L6=red_box_midline::red_mid_1 | L7=green_box_edge::green_edge_1,L4=prior_hlc | L5=red_box_quarter | L6=red_box_midline | L7=green_box_edge,1,3.2325,50.0,75.0,56.41875,2026-02-04
2026-06-30,HISTORICAL_GLOBAL,P_focus_exact_554b6628,L4=green_box_quarter::green_box_2_75pct | L5=prior_range_fraction::prev_range_0.75 | L6=red_box_edge::red_edge_1 | L7=red_box_quarter::red_box_2_75pct,L4=green_box_quarter | L5=prior_range_fraction | L6=red_box_edge | L7=red_box_quarter,1,3.283125,50.0,75.0,56.292187,2025-11-24
2026-06-30,HISTORICAL_GLOBAL,P_focus_exact_70ce2a99,L4=prior_hlc::previous_high | L5=red_box_quarter::red_box_1_25pct | L6=red_box_midline::red_mid_1 | L7=red_box_quarter::red_box_1_75pct,L4=prior_hlc | L5=red_box_quarter | L6=red_box_midline | L7=red_box_quarter,1,3.335625,50.0,75.0,56.160938,2026-06-12
2026-06-30,HISTORICAL_GLOBAL,P_focus_exact_96e35fa1,L4=red_box_edge::red_edge_1 | L5=green_box_quarter::green_box_1_25pct | L6=red_box_quarter::red_box_2_75pct | L7=red_box_quarter::red_box_3_25pct,L4=red_box_edge | L5=green_box_quarter | L6=red_box_quarter | L7=red_box_quarter,1,3.51,50.0,75.0,55.725,2026-03-03
2026-06-30,HISTORICAL_GLOBAL,P_focus_exact_12ed5e33,L4=green_box_quarter::green_box_2_75pct | L5=prior_hlc::previous_high | L6=prior_hlc::previous_close | L7=green_box_quarter::green_box_2_25pct,L4=green_box_quarter | L5=prior_hlc | L6=prior_hlc | L7=green_box_quarter,1,3.535,50.0,75.0,55.6625,2025-12-23
2026-06-30,HISTORICAL_GLOBAL,P_focus_exact_70334570,L4=prior_range_fraction::prev_range_0.666667 | L5=prior_hlc::previous_close | L6=prior_range_fraction::prev_range_0.333333 | L7=red_box_midline::red_mid_2,L4=prior_range_fraction | L5=prior_hlc | L6=prior_range_fraction | L7=red_box_midline,2,3.183415,50.0,50.0,52.041463,2026-04-03; 2026-04-06
2026-06-30,HISTORICAL_GLOBAL,P_focus_exact_aa1be42a,L4=green_box_quarter::green_box_2_75pct | L5=green_box_midline::green_mid_2 | L6=prior_range_fraction::prev_range_0.618 | L7=red_box_edge::red_edge_1,L4=green_box_quarter | L5=green_box_midline | L6=prior_range_fraction | L7=red_box_edge,2,3.542155,37.5,75.0,51.644613,2025-10-23; 2026-02-09
2026-06-30,HISTORICAL_GLOBAL,P_focus_exact_9aabafcb,L4=prior_hlc::previous_mid | L5=prior_hlc::previous_pivot_hlc3 | L6=red_box_midline::red_mid_2 | L7=prior_hlc::previous_low,L4=prior_hlc | L5=prior_hlc | L6=red_box_midline | L7=prior_hlc,1,2.9775,50.0,50.0,51.30625,2026-02-06
2026-06-30,REGIME_RANGE_CLOSE,P_focus_exact_2a5ab064,L4=prior_range_fraction::prev_range_0.25 | L5=red_box_midline::red_mid_2 | L6=red_box_quarter::red_box_2_75pct | L7=red_box_quarter::red_box_3_25pct,L4=prior_range_fraction | L5=red_box_midline | L6=red_box_quarter | L7=red_box_quarter,1,3.716875,50.0,50.0,49.457813,2025-12-08
2026-06-30,HISTORICAL_GLOBAL,P_focus_exact_2a5ab064,L4=prior_range_fraction::prev_range_0.25 | L5=red_box_midline::red_mid_2 | L6=red_box_quarter::red_box_2_75pct | L7=red_box_quarter::red_box_3_25pct,L4=prior_range_fraction | L5=red_box_midline | L6=red_box_quarter | L7=red_box_quarter,1,3.716875,50.0,50.0,49.457813,2025-12-08
2026-06-30,HISTORICAL_GLOBAL,P_focus_exact_ac2616c4,L4=green_box_midline::green_mid_2 | L5=red_box_midline::red_mid_1 | L6=red_box_quarter::red_box_1_75pct | L7=prior_hlc::previous_mid,L4=green_box_midline | L5=red_box_midline | L6=red_box_quarter | L7=prior_hlc,1,3.8125,50.0,50.0,49.21875,2026-01-30
2026-06-30,HISTORICAL_GLOBAL,P_focus_exact_11561088,L4=green_box_quarter::green_box_1_75pct | L5=prior_range_fraction::prev_range_0.25 | L6=prior_hlc::previous_low | L7=red_box_edge::red_edge_2,L4=green_box_quarter | L5=prior_range_fraction | L6=prior_hlc | L7=red_box_edge,1,3.9325,50.0,50.0,48.91875,2025-11-17
2026-06-30,HISTORICAL_GLOBAL,P_focus_exact_d41a1436,L4=red_box_quarter::red_box_1_75pct | L5=prior_range_fraction::prev_range_0.382 | L6=red_box_midline::red_mid_2 | L7=prior_hlc::previous_low,L4=red_box_quarter | L5=prior_range_fraction | L6=red_box_midline | L7=prior_hlc,1,4.21126,50.0,50.0,48.22185,2026-02-05
2026-06-30,HISTORICAL_GLOBAL,P_focus_exact_ac0a66ec,L4=green_box_quarter::green_box_3_25pct | L5=green_box_edge::green_edge_2 | L6=prior_hlc::previous_close | L7=prior_range_fraction::prev_range_0.75,L4=green_box_quarter | L5=green_box_edge | L6=prior_hlc | L7=prior_range_fraction,1,4.310625,50.0,50.0,47.973438,2026-01-28
2026-06-30,HISTORICAL_GLOBAL,P_focus_exact_ba8899ce,L4=green_box_edge::green_edge_2 | L5=green_box_midline::green_mid_2 | L6=prior_range_fraction::prev_range_0.75 | L7=prior_hlc::previous_pivot_hlc3,L4=green_box_edge | L5=green_box_midline | L6=prior_range_fraction | L7=prior_hlc,1,4.32875,50.0,50.0,47.928125,2026-02-19
2026-06-30,HISTORICAL_GLOBAL,P_focus_exact_4336693d,L4=prior_range_fraction::prev_range_0.382 | L5=red_box_midline::red_mid_2 | L6=prior_hlc::previous_low | L7=red_box_quarter::red_box_3_25pct,L4=prior_range_fraction | L5=red_box_midline | L6=prior_hlc | L7=red_box_quarter,1,5.28,50.0,50.0,45.55,2026-02-13
2026-06-30,HISTORICAL_GLOBAL,P_focus_exact_822eadda,L4=green_box_quarter::green_box_3_75pct | L5=green_box_quarter::green_box_3_25pct | L6=green_box_quarter::green_box_2_75pct | L7=prior_hlc::previous_close,L4=green_box_quarter | L5=green_box_quarter | L6=green_box_quarter | L7=prior_hlc,1,3.426875,25.0,75.0,45.432812,2026-01-26
2026-06-30,HISTORICAL_GLOBAL,P_focus_exact_f2779b91,L4=green_box_quarter::green_box_3_25pct | L5=prior_hlc::previous_high | L6=green_box_quarter::green_box_2_25pct | L7=green_box_quarter::green_box_1_75pct,L4=green_box_quarter | L5=prior_hlc | L6=green_box_quarter | L7=green_box_quarter,1,3.785625,25.0,75.0,44.535938,2026-03-25
2026-06-30,HISTORICAL_GLOBAL,P_focus_exact_4140b8f4,L4=green_box_quarter::green_box_3_25pct | L5=green_box_quarter::green_box_2_75pct | L6=red_box_quarter::red_box_1_25pct | L7=prior_range_fraction::prev_range_0.618,L4=green_box_quarter | L5=green_box_quarter | L6=red_box_quarter | L7=prior_range_fraction,1,3.99733,25.0,75.0,44.006675,2025-11-11
2026-06-30,HISTORICAL_GLOBAL,P_focus_exact_da38f9ad,L4=green_box_edge::green_edge_2 | L5=prior_hlc::previous_high | L6=prior_range_fraction::prev_range_0.875 | L7=prior_range_fraction::prev_range_0.75,L4=green_box_edge | L5=prior_hlc | L6=prior_range_fraction | L7=prior_range_fraction,1,4.2125,25.0,75.0,43.46875,2026-04-01
2026-06-30,HISTORICAL_GLOBAL,P_focus_exact_40112687,L4=prior_range_fraction::prev_range_0.25 | L5=red_box_midline::red_mid_2 | L6=prior_hlc::previous_close | L7=red_box_quarter::red_box_2_75pct,L4=prior_range_fraction | L5=red_box_midline | L6=prior_hlc | L7=red_box_quarter,1,4.41375,25.0,75.0,42.965625,2026-03-19
2026-06-30,REGIME_RANGE_CLOSE_ROWS,P_focus_exact_757844d8,L4=prior_range_fraction::prev_range_0.618 | L5=red_box_midline::red_mid_2 | L6=red_box_quarter::red_box_3_25pct | L7=red_box_edge::red_edge_3,L4=prior_range_fraction | L5=red_box_midline | L6=red_box_quarter | L7=red_box_edge,1,4.44581,25.0,75.0,42.885475,2026-05-08
2026-06-30,REGIME_RANGE_CLOSE,P_focus_exact_757844d8,L4=prior_range_fraction::prev_range_0.618 | L5=red_box_midline::red_mid_2 | L6=red_box_quarter::red_box_3_25pct | L7=red_box_edge::red_edge_3,L4=prior_range_fraction | L5=red_box_midline | L6=red_box_quarter | L7=red_box_edge,1,4.44581,25.0,75.0,42.885475,2026-05-08
2026-06-30,HISTORICAL_GLOBAL,P_focus_exact_757844d8,L4=prior_range_fraction::prev_range_0.618 | L5=red_box_midline::red_mid_2 | L6=red_box_quarter::red_box_3_25pct | L7=red_box_edge::red_edge_3,L4=prior_range_fraction | L5=red_box_midline | L6=red_box_quarter | L7=red_box_edge,1,4.44581,25.0,75.0,42.885475,2026-05-08
2026-06-30,HISTORICAL_GLOBAL,P_focus_exact_0fadf426,L4=prior_range_fraction::prev_range_0.875 | L5=prior_range_fraction::prev_range_0.382 | L6=red_box_midline::red_mid_2 | L7=red_box_quarter::red_box_3_25pct,L4=prior_range_fraction | L5=prior_range_fraction | L6=red_box_midline | L7=red_box_quarter,1,4.5,25.0,75.0,42.75,2026-02-27
2026-06-30,HISTORICAL_GLOBAL,P_focus_exact_74a546da,L4=green_box_quarter::green_box_1_75pct | L5=prior_range_fraction::prev_range_0.25 | L6=red_box_quarter::red_box_2_75pct | L7=red_box_quarter::red_box_3_25pct,L4=green_box_quarter | L5=prior_range_fraction | L6=red_box_quarter | L7=red_box_quarter,1,4.1325,25.0,50.0,37.91875,2026-04-09
2026-06-30,HISTORICAL_GLOBAL,P_focus_exact_d8584012,L4=prior_hlc::previous_pivot_hlc3 | L5=prior_range_fraction::prev_range_0.125 | L6=red_box_quarter::red_box_2_75pct | L7=red_box_quarter::red_box_3_25pct,L4=prior_hlc | L5=prior_range_fraction | L6=red_box_quarter | L7=red_box_quarter,1,4.225834,25.0,50.0,37.685415,2026-06-02
2026-06-30,HISTORICAL_GLOBAL,P_focus_exact_dd7b60b4,L4=prior_range_fraction::prev_range_0.333333 | L5=prior_range_fraction::prev_range_0.25 | L6=red_box_midline::red_mid_2 | L7=prior_range_fraction::prev_range_0.125,L4=prior_range_fraction | L5=prior_range_fraction | L6=red_box_midline | L7=prior_range_fraction,1,8.467164,50.0,50.0,37.58209,2026-02-02
2026-06-30,HISTORICAL_GLOBAL,P_focus_exact_01d1e1b8,L4=green_box_midline::green_mid_3 | L5=green_box_edge::green_edge_2 | L6=green_box_quarter::green_box_2_75pct | L7=prior_hlc::previous_close,L4=green_box_midline | L5=green_box_edge | L6=green_box_quarter | L7=prior_hlc,1,4.46,25.0,50.0,37.1,2026-05-29
2026-06-30,REGIME_RANGE_CLOSE_ROWS,P_focus_exact_a926a442,L4=prior_hlc::previous_high | L5=green_box_quarter::green_box_1_75pct | L6=prior_range_fraction::prev_range_0.125 | L7=red_box_quarter::red_box_2_75pct,L4=prior_hlc | L5=green_box_quarter | L6=prior_range_fraction | L7=red_box_quarter,1,4.9875,25.0,50.0,35.78125,2026-04-16
2026-06-30,REGIME_RANGE_CLOSE,P_focus_exact_a926a442,L4=prior_hlc::previous_high | L5=green_box_quarter::green_box_1_75pct | L6=prior_range_fraction::prev_range_0.125 | L7=red_box_quarter::red_box_2_75pct,L4=prior_hlc | L5=green_box_quarter | L6=prior_range_fraction | L7=red_box_quarter,1,4.9875,25.0,50.0,35.78125,2026-04-16
2026-06-30,HISTORICAL_GLOBAL,P_focus_exact_a926a442,L4=prior_hlc::previous_high | L5=green_box_quarter::green_box_1_75pct | L6=prior_range_fraction::prev_range_0.125 | L7=red_box_quarter::red_box_2_75pct,L4=prior_hlc | L5=green_box_quarter | L6=prior_range_fraction | L7=red_box_quarter,1,4.9875,25.0,50.0,35.78125,2026-04-16
2026-06-30,HISTORICAL_GLOBAL,P_focus_exact_4239c9ca,L4=green_box_quarter::green_box_3_25pct | L5=green_box_quarter::green_box_2_75pct | L6=green_box_midline::green_mid_2 | L7=green_box_quarter::green_box_2_25pct,L4=green_box_quarter | L5=green_box_quarter | L6=green_box_midline | L7=green_box_quarter,1,5.09,25.0,50.0,35.525,2026-02-23
2026-06-30,HISTORICAL_GLOBAL,P_focus_exact_712ccc8d,L4=red_box_midline::red_mid_2 | L5=prior_hlc::previous_close | L6=prior_hlc::previous_low | L7=red_box_edge::red_edge_2,L4=red_box_midline | L5=prior_hlc | L6=prior_hlc | L7=red_box_edge,1,5.12,25.0,50.0,35.45,2026-03-23
2026-06-30,HISTORICAL_GLOBAL,P_focus_exact_b2c2d3ea,L4=red_box_quarter::red_box_1_75pct | L5=prior_hlc::previous_pivot_hlc3 | L6=prior_range_fraction::prev_range_0.25 | L7=prior_hlc::previous_low,L4=red_box_quarter | L5=prior_hlc | L6=prior_range_fraction | L7=prior_hlc,1,5.1525,25.0,50.0,35.36875,2026-03-27
2026-06-30,HISTORICAL_GLOBAL,P_focus_exact_2a74f926,L4=red_box_midline::red_mid_2 | L5=prior_hlc::previous_close | L6=red_box_quarter::red_box_2_75pct | L7=prior_hlc::previous_low,L4=red_box_midline | L5=prior_hlc | L6=red_box_quarter | L7=prior_hlc,1,5.6575,25.0,25.0,28.35625,2025-12-30
2026-06-30,HISTORICAL_GLOBAL,P_focus_exact_dd94cc08,L4=red_box_quarter::red_box_2_25pct | L5=red_box_midline::red_mid_2 | L6=prior_range_fraction::prev_range_0.125 | L7=red_box_quarter::red_box_2_75pct,L4=red_box_quarter | L5=red_box_midline | L6=prior_range_fraction | L7=red_box_quarter,1,7.3125,25.0,25.0,24.21875,2026-03-04
