forecast_date,published_level,published_rank_high_to_low,daily_published_level_count,rank_depth_pct,bearish_cascade_role,cascade_zone,expected_reaction_strength,continuation_risk,reaction_priority_score,member_commentary,technical_commentary,approx_touch_sequence_hint,sample_warning,date,level_name,level_price,source,notes,source_date_column,source_level_column,cascade_research_basis,research_only,historical_row_count,historical_unique_dates,historical_median_reaction_points,historical_mean_reaction_points,historical_median_adverse_points,historical_pct_strong_reaction,historical_pct_weak_or_fail,historical_pct_failure,historical_pct_next_lower_hit,historical_median_touch_sequence_rank,historical_most_common_status
2026-06-19,4409.65,1,9,0.1111111111111111,early_continuation_risk,Early bearish touch / continuation-risk zone,Low to medium,High,35,Early bearish intraday level. Historical cascade testing suggests the first bearish touch is more vulnerable to weak reaction or continuation. Do not assume reversal without confirmed reaction.,First/upper bearish intradays often act as drive-mode checkpoints rather than full reversal zones.,Likely early touch if price sells off from above.,,19/06/2026,L1,4409.65,Published,,date,level_price,Bearish reaction cascade v1.2: later bearish touch sequence levels showed larger median reaction and higher strong-reaction rate than the first touch.,Research only. Not a trading signal.,3.0,3.0,38.26999999999953,47.79666666666648,79.35999999999967,66.66666666666666,33.33333333333333,0.0,66.66666666666666,1.0,strong_reaction
2026-06-19,4381.66,2,9,0.2222222222222222,early_continuation_risk,Early bearish touch / continuation-risk zone,Low to medium,High,35,Early bearish intraday level. Historical cascade testing suggests the first bearish touch is more vulnerable to weak reaction or continuation. Do not assume reversal without confirmed reaction.,First/upper bearish intradays often act as drive-mode checkpoints rather than full reversal zones.,Likely early touch if price sells off from above.,,19/06/2026,L2,4381.66,Published,,date,level_price,Bearish reaction cascade v1.2: later bearish touch sequence levels showed larger median reaction and higher strong-reaction rate than the first touch.,Research only. Not a trading signal.,4.0,4.0,51.58999999999969,69.30999999999995,34.664999999999964,100.0,0.0,0.0,25.0,2.0,strong_reaction
2026-06-19,4356.24,3,9,0.3333333333333333,early_continuation_risk,Early bearish touch / continuation-risk zone,Low to medium,High,35,Early bearish intraday level. Historical cascade testing suggests the first bearish touch is more vulnerable to weak reaction or continuation. Do not assume reversal without confirmed reaction.,First/upper bearish intradays often act as drive-mode checkpoints rather than full reversal zones.,Likely early touch if price sells off from above.,,19/06/2026,L3,4356.24,Published,,date,level_price,Bearish reaction cascade v1.2: later bearish touch sequence levels showed larger median reaction and higher strong-reaction rate than the first touch.,Research only. Not a trading signal.,14.0,14.0,21.17999999999984,33.502857142857074,34.54500000000007,57.14285714285714,42.85714285714285,14.285714285714285,42.85714285714285,1.0,strong_reaction
2026-06-19,4332.32,4,9,0.4444444444444444,early_continuation_risk,Early bearish touch / continuation-risk zone,Low to medium,High,35,Early bearish intraday level. Historical cascade testing suggests the first bearish touch is more vulnerable to weak reaction or continuation. Do not assume reversal without confirmed reaction.,First/upper bearish intradays often act as drive-mode checkpoints rather than full reversal zones.,Likely early touch if price sells off from above.,,19/06/2026,L4,4332.32,Published,,date,level_price,Bearish reaction cascade v1.2: later bearish touch sequence levels showed larger median reaction and higher strong-reaction rate than the first touch.,Research only. Not a trading signal.,47.0,47.0,23.590000000000146,28.054893617021246,23.699999999999815,55.319148936170215,44.680851063829785,23.404255319148938,31.91489361702128,1.0,strong_reaction
2026-06-19,4301.82,5,9,0.5555555555555556,compressed_ladder_transition_watch,Compressed-ladder transition watch,Medium,Medium to high,48,Middle/lower part of a compressed daily ladder. Reaction potential is improving but continuation risk remains.,Compressed ladder adjustment applied because the day has fewer levels than the full historical ladder.,Likely early touch if price sells off from above.,"Daily ladder has fewer than 10 levels, so absolute-rank cascade tags are compressed.",19/06/2026,L5,4301.82,Published,,date,level_price,Bearish reaction cascade v1.2: later bearish touch sequence levels showed larger median reaction and higher strong-reaction rate than the first touch.,Research only. Not a trading signal.,86.0,86.0,24.164999999999964,32.09174418604652,21.26000000000022,62.7906976744186,37.2093023255814,13.953488372093023,30.23255813953488,1.0,strong_reaction
2026-06-19,4270.84,6,9,0.6666666666666666,transition_reaction_watch,Transition zone,Medium,Medium,55,"Transition area. If price has already worked through the upper intradays, reaction potential starts to improve. Watch for confirmed bounce/reclaim behaviour rather than forcing a level touch.",Reaction odds start improving as price moves beyond early bearish intradays.,Historically similar to the second-touch / transition area.,,19/06/2026,L6,4270.84,Published,,date,level_price,Bearish reaction cascade v1.2: later bearish touch sequence levels showed larger median reaction and higher strong-reaction rate than the first touch.,Research only. Not a trading signal.,79.0,79.0,28.609999999999676,36.352278481012696,23.15000000000009,78.48101265822784,21.518987341772156,3.79746835443038,46.83544303797469,2.0,strong_reaction
2026-06-19,4241.28,7,9,0.7777777777777778,primary_bearish_reaction_zone,Primary reaction zone,High,Lower,75,"Primary bearish reaction zone. Later bearish touch sequence levels historically showed stronger median reactions than the first touched level. Treat as a reaction-watch area, not an automatic signal.",Cascade research favours stronger reaction from later touched lower intradays.,Historically similar to the third-touch reaction area.,,19/06/2026,L7,4241.28,Published,,date,level_price,Bearish reaction cascade v1.2: later bearish touch sequence levels showed larger median reaction and higher strong-reaction rate than the first touch.,Research only. Not a trading signal.,69.0,69.0,39.23000000000047,47.36000000000003,17.82000000000062,88.40579710144928,11.594202898550725,1.4492753623188406,37.68115942028986,3.0,strong_reaction
2026-06-19,4207.94,8,9,0.8888888888888888,primary_bearish_reaction_zone,Primary reaction zone,High,Lower,75,"Primary bearish reaction zone. Later bearish touch sequence levels historically showed stronger median reactions than the first touched level. Treat as a reaction-watch area, not an automatic signal.",Cascade research favours stronger reaction from later touched lower intradays.,Historically similar to the fourth-touch reaction area.,,19/06/2026,L8,4207.94,Published,,date,level_price,Bearish reaction cascade v1.2: later bearish touch sequence levels showed larger median reaction and higher strong-reaction rate than the first touch.,Research only. Not a trading signal.,39.0,39.0,48.71999999999935,58.420256410256265,28.890000000000327,92.3076923076923,7.6923076923076925,0.0,46.15384615384615,4.0,strong_reaction
2026-06-19,4176.73,9,9,1.0,primary_bearish_reaction_zone,Primary reaction zone,High,Lower,75,"Primary bearish reaction zone. Later bearish touch sequence levels historically showed stronger median reactions than the first touched level. Treat as a reaction-watch area, not an automatic signal.",Cascade research favours stronger reaction from later touched lower intradays.,Historically a deep-ladder reaction area.,,19/06/2026,L9,4176.73,Published,,date,level_price,Bearish reaction cascade v1.2: later bearish touch sequence levels showed larger median reaction and higher strong-reaction rate than the first touch.,Research only. Not a trading signal.,24.0,24.0,49.45499999999993,63.3145833333334,36.84999999999991,91.66666666666666,8.333333333333332,0.0,45.83333333333333,4.5,strong_reaction
